id,claim,claim_type
1,Paris is the capital of France.,FACTUAL
2,India became independent in 1947.,TEMPORAL
3,15 + 27 = 42.,NUMERIC
4,Mount Everest is the tallest mountain.,FACTUAL
5,AI is the greatest invention.,OPINION
6,This movie is fantastic.,OPINION
7,Paris is the capital of France.,FACTUAL
8,Paris is the capital of France.,FACTUAL
9,A triangle has 3 sides.,NUMERIC
10,AI is the greatest invention.,OPINION
11,AI is the greatest invention.,OPINION
12,This movie is fantastic.,OPINION
13,The Earth is 149.6 million km from the Sun.,NUMERIC
14,This movie is fantastic.,OPINION
15,Paris is the capital of France.,FACTUAL
16,If A>B and B>C then A>C.,LOGICAL
17,India became independent in 1947.,TEMPORAL
18,The Earth is 149.6 million km from the Sun.,NUMERIC
19,Paris is the capital of France.,FACTUAL
20,All mammals are animals.,LOGICAL
21,The Olympics were held in Tokyo in 2021.,TEMPORAL
22,This movie is fantastic.,OPINION
23,Mount Everest is the tallest mountain.,FACTUAL
24,Every square is a rectangle.,LOGICAL
25,Water freezes at 0°C.,FACTUAL
26,Mount Everest is the tallest mountain.,FACTUAL
27,The company was founded in 2010.,TEMPORAL
28,This movie is fantastic.,OPINION
29,AI is the greatest invention.,OPINION
30,Paris is the capital of France.,FACTUAL
31,The Earth is 149.6 million km from the Sun.,NUMERIC
32,Paris is the capital of France.,FACTUAL
33,Water freezes at 0°C.,FACTUAL
34,The Olympics were held in Tokyo in 2021.,TEMPORAL
35,India became independent in 1947.,TEMPORAL
36,The Olympics were held in Tokyo in 2021.,TEMPORAL
37,A triangle has 3 sides.,NUMERIC
38,The company was founded in 2010.,TEMPORAL
39,Mount Everest is the tallest mountain.,FACTUAL
40,A triangle has 3 sides.,NUMERIC
41,15 + 27 = 42.,NUMERIC
42,If A>B and B>C then A>C.,LOGICAL
43,The company was founded in 2010.,TEMPORAL
44,AI is the greatest invention.,OPINION
45,India became independent in 1947.,TEMPORAL
46,15 + 27 = 42.,NUMERIC
47,The Olympics were held in Tokyo in 2021.,TEMPORAL
48,India became independent in 1947.,TEMPORAL
49,A triangle has 3 sides.,NUMERIC
50,India became independent in 1947.,TEMPORAL
51,If A>B and B>C then A>C.,LOGICAL
52,All mammals are animals.,LOGICAL
53,India became independent in 1947.,TEMPORAL
54,A triangle has 3 sides.,NUMERIC
55,Python is the best language.,OPINION
56,The company was founded in 2010.,TEMPORAL
57,This movie is fantastic.,OPINION
58,This movie is fantastic.,OPINION
59,India became independent in 1947.,TEMPORAL
60,A triangle has 3 sides.,NUMERIC
61,All mammals are animals.,LOGICAL
62,Paris is the capital of France.,FACTUAL
63,A triangle has 3 sides.,NUMERIC
64,A triangle has 3 sides.,NUMERIC
65,Every square is a rectangle.,LOGICAL
66,Water freezes at 0°C.,FACTUAL
67,Every square is a rectangle.,LOGICAL
68,Every square is a rectangle.,LOGICAL
69,The company was founded in 2010.,TEMPORAL
70,Mount Everest is the tallest mountain.,FACTUAL
71,Mount Everest is the tallest mountain.,FACTUAL
72,This movie is fantastic.,OPINION
73,India became independent in 1947.,TEMPORAL
74,The Olympics were held in Tokyo in 2021.,TEMPORAL
75,The Earth is 149.6 million km from the Sun.,NUMERIC
76,Mount Everest is the tallest mountain.,FACTUAL
77,The company was founded in 2010.,TEMPORAL
78,A triangle has 3 sides.,NUMERIC
79,Mount Everest is the tallest mountain.,FACTUAL
80,The company was founded in 2010.,TEMPORAL
81,Python is the best language.,OPINION
82,15 + 27 = 42.,NUMERIC
83,India became independent in 1947.,TEMPORAL
84,Python is the best language.,OPINION
85,Mount Everest is the tallest mountain.,FACTUAL
86,The Olympics were held in Tokyo in 2021.,TEMPORAL
87,Paris is the capital of France.,FACTUAL
88,The Olympics were held in Tokyo in 2021.,TEMPORAL
89,15 + 27 = 42.,NUMERIC
90,A triangle has 3 sides.,NUMERIC
91,Paris is the capital of France.,FACTUAL
92,All mammals are animals.,LOGICAL
93,AI is the greatest invention.,OPINION
94,A triangle has 3 sides.,NUMERIC
95,Every square is a rectangle.,LOGICAL
96,The Earth is 149.6 million km from the Sun.,NUMERIC
97,Python is the best language.,OPINION
98,All mammals are animals.,LOGICAL
99,Python is the best language.,OPINION
100,A triangle has 3 sides.,NUMERIC
101,The Olympics were held in Tokyo in 2021.,TEMPORAL
102,The Olympics were held in Tokyo in 2021.,TEMPORAL
103,This movie is fantastic.,OPINION
104,Paris is the capital of France.,FACTUAL
105,15 + 27 = 42.,NUMERIC
106,India became independent in 1947.,TEMPORAL
107,Python is the best language.,OPINION
108,A triangle has 3 sides.,NUMERIC
109,15 + 27 = 42.,NUMERIC
110,Mount Everest is the tallest mountain.,FACTUAL
111,Paris is the capital of France.,FACTUAL
112,Paris is the capital of France.,FACTUAL
113,India became independent in 1947.,TEMPORAL
114,AI is the greatest invention.,OPINION
115,The company was founded in 2010.,TEMPORAL
116,All mammals are animals.,LOGICAL
117,AI is the greatest invention.,OPINION
118,Python is the best language.,OPINION
119,All mammals are animals.,LOGICAL
120,If A>B and B>C then A>C.,LOGICAL
121,15 + 27 = 42.,NUMERIC
122,Mount Everest is the tallest mountain.,FACTUAL
123,If A>B and B>C then A>C.,LOGICAL
124,If A>B and B>C then A>C.,LOGICAL
125,Every square is a rectangle.,LOGICAL
126,Mount Everest is the tallest mountain.,FACTUAL
127,Paris is the capital of France.,FACTUAL
128,Every square is a rectangle.,LOGICAL
129,India became independent in 1947.,TEMPORAL
130,15 + 27 = 42.,NUMERIC
131,A triangle has 3 sides.,NUMERIC
132,All mammals are animals.,LOGICAL
133,All mammals are animals.,LOGICAL
134,The Olympics were held in Tokyo in 2021.,TEMPORAL
135,15 + 27 = 42.,NUMERIC
136,Every square is a rectangle.,LOGICAL
137,Paris is the capital of France.,FACTUAL
138,AI is the greatest invention.,OPINION
139,Paris is the capital of France.,FACTUAL
140,The Earth is 149.6 million km from the Sun.,NUMERIC
141,If A>B and B>C then A>C.,LOGICAL
142,The Earth is 149.6 million km from the Sun.,NUMERIC
143,Paris is the capital of France.,FACTUAL
144,All mammals are animals.,LOGICAL
145,If A>B and B>C then A>C.,LOGICAL
146,If A>B and B>C then A>C.,LOGICAL
147,Every square is a rectangle.,LOGICAL
148,Python is the best language.,OPINION
149,All mammals are animals.,LOGICAL
150,The Earth is 149.6 million km from the Sun.,NUMERIC
151,15 + 27 = 42.,NUMERIC
152,Python is the best language.,OPINION
153,AI is the greatest invention.,OPINION
154,India became independent in 1947.,TEMPORAL
155,Mount Everest is the tallest mountain.,FACTUAL
156,Every square is a rectangle.,LOGICAL
157,AI is the greatest invention.,OPINION
158,Mount Everest is the tallest mountain.,FACTUAL
159,Paris is the capital of France.,FACTUAL
160,Mount Everest is the tallest mountain.,FACTUAL
161,Mount Everest is the tallest mountain.,FACTUAL
162,The Earth is 149.6 million km from the Sun.,NUMERIC
163,Mount Everest is the tallest mountain.,FACTUAL
164,A triangle has 3 sides.,NUMERIC
165,AI is the greatest invention.,OPINION
166,AI is the greatest invention.,OPINION
167,Every square is a rectangle.,LOGICAL
168,Python is the best language.,OPINION
169,This movie is fantastic.,OPINION
170,India became independent in 1947.,TEMPORAL
171,India became independent in 1947.,TEMPORAL
172,The Olympics were held in Tokyo in 2021.,TEMPORAL
173,A triangle has 3 sides.,NUMERIC
174,The Olympics were held in Tokyo in 2021.,TEMPORAL
175,India became independent in 1947.,TEMPORAL
176,Water freezes at 0°C.,FACTUAL
177,Python is the best language.,OPINION
178,Paris is the capital of France.,FACTUAL
179,AI is the greatest invention.,OPINION
180,This movie is fantastic.,OPINION
181,The Earth is 149.6 million km from the Sun.,NUMERIC
182,Paris is the capital of France.,FACTUAL
183,The Olympics were held in Tokyo in 2021.,TEMPORAL
184,The Earth is 149.6 million km from the Sun.,NUMERIC
185,Python is the best language.,OPINION
186,The company was founded in 2010.,TEMPORAL
187,AI is the greatest invention.,OPINION
188,This movie is fantastic.,OPINION
189,Paris is the capital of France.,FACTUAL
190,India became independent in 1947.,TEMPORAL
191,Mount Everest is the tallest mountain.,FACTUAL
192,AI is the greatest invention.,OPINION
193,The Olympics were held in Tokyo in 2021.,TEMPORAL
194,AI is the greatest invention.,OPINION
195,India became independent in 1947.,TEMPORAL
196,The company was founded in 2010.,TEMPORAL
197,If A>B and B>C then A>C.,LOGICAL
198,Paris is the capital of France.,FACTUAL
199,If A>B and B>C then A>C.,LOGICAL
200,Paris is the capital of France.,FACTUAL
201,India became independent in 1947.,TEMPORAL
202,India became independent in 1947.,TEMPORAL
203,Every square is a rectangle.,LOGICAL
204,Every square is a rectangle.,LOGICAL
205,Paris is the capital of France.,FACTUAL
206,Mount Everest is the tallest mountain.,FACTUAL
207,A triangle has 3 sides.,NUMERIC
208,Water freezes at 0°C.,FACTUAL
209,Python is the best language.,OPINION
210,The Earth is 149.6 million km from the Sun.,NUMERIC
211,15 + 27 = 42.,NUMERIC
212,The Olympics were held in Tokyo in 2021.,TEMPORAL
213,Water freezes at 0°C.,FACTUAL
214,A triangle has 3 sides.,NUMERIC
215,A triangle has 3 sides.,NUMERIC
216,Water freezes at 0°C.,FACTUAL
217,This movie is fantastic.,OPINION
218,Python is the best language.,OPINION
219,15 + 27 = 42.,NUMERIC
220,15 + 27 = 42.,NUMERIC
221,All mammals are animals.,LOGICAL
222,A triangle has 3 sides.,NUMERIC
223,The Olympics were held in Tokyo in 2021.,TEMPORAL
224,The Earth is 149.6 million km from the Sun.,NUMERIC
225,A triangle has 3 sides.,NUMERIC
226,Water freezes at 0°C.,FACTUAL
227,Water freezes at 0°C.,FACTUAL
228,15 + 27 = 42.,NUMERIC
229,If A>B and B>C then A>C.,LOGICAL
230,India became independent in 1947.,TEMPORAL
231,15 + 27 = 42.,NUMERIC
232,The Earth is 149.6 million km from the Sun.,NUMERIC
233,The Olympics were held in Tokyo in 2021.,TEMPORAL
234,Water freezes at 0°C.,FACTUAL
235,The company was founded in 2010.,TEMPORAL
236,This movie is fantastic.,OPINION
237,This movie is fantastic.,OPINION
238,Paris is the capital of France.,FACTUAL
239,India became independent in 1947.,TEMPORAL
240,This movie is fantastic.,OPINION
241,Paris is the capital of France.,FACTUAL
242,This movie is fantastic.,OPINION
243,The company was founded in 2010.,TEMPORAL
244,The Olympics were held in Tokyo in 2021.,TEMPORAL
245,Python is the best language.,OPINION
246,Water freezes at 0°C.,FACTUAL
247,AI is the greatest invention.,OPINION
248,India became independent in 1947.,TEMPORAL
249,All mammals are animals.,LOGICAL
250,Python is the best language.,OPINION
251,The Earth is 149.6 million km from the Sun.,NUMERIC
252,All mammals are animals.,LOGICAL
253,The company was founded in 2010.,TEMPORAL
254,The company was founded in 2010.,TEMPORAL
255,Mount Everest is the tallest mountain.,FACTUAL
256,The company was founded in 2010.,TEMPORAL
257,The company was founded in 2010.,TEMPORAL
258,If A>B and B>C then A>C.,LOGICAL
259,Every square is a rectangle.,LOGICAL
260,The company was founded in 2010.,TEMPORAL
261,15 + 27 = 42.,NUMERIC
262,Every square is a rectangle.,LOGICAL
263,Every square is a rectangle.,LOGICAL
264,A triangle has 3 sides.,NUMERIC
265,This movie is fantastic.,OPINION
266,Every square is a rectangle.,LOGICAL
267,Water freezes at 0°C.,FACTUAL
268,India became independent in 1947.,TEMPORAL
269,Every square is a rectangle.,LOGICAL
270,Python is the best language.,OPINION
271,The Olympics were held in Tokyo in 2021.,TEMPORAL
272,If A>B and B>C then A>C.,LOGICAL
273,A triangle has 3 sides.,NUMERIC
274,Every square is a rectangle.,LOGICAL
275,A triangle has 3 sides.,NUMERIC
276,Water freezes at 0°C.,FACTUAL
277,Python is the best language.,OPINION
278,This movie is fantastic.,OPINION
279,Paris is the capital of France.,FACTUAL
280,India became independent in 1947.,TEMPORAL
281,15 + 27 = 42.,NUMERIC
282,Paris is the capital of France.,FACTUAL
283,The Earth is 149.6 million km from the Sun.,NUMERIC
284,AI is the greatest invention.,OPINION
285,If A>B and B>C then A>C.,LOGICAL
286,AI is the greatest invention.,OPINION
287,If A>B and B>C then A>C.,LOGICAL
288,All mammals are animals.,LOGICAL
289,A triangle has 3 sides.,NUMERIC
290,Paris is the capital of France.,FACTUAL
291,All mammals are animals.,LOGICAL
292,A triangle has 3 sides.,NUMERIC
293,This movie is fantastic.,OPINION
294,Mount Everest is the tallest mountain.,FACTUAL
295,15 + 27 = 42.,NUMERIC
296,All mammals are animals.,LOGICAL
297,Every square is a rectangle.,LOGICAL
298,Python is the best language.,OPINION
299,This movie is fantastic.,OPINION
300,Every square is a rectangle.,LOGICAL
301,This movie is fantastic.,OPINION
302,This movie is fantastic.,OPINION
303,A triangle has 3 sides.,NUMERIC
304,If A>B and B>C then A>C.,LOGICAL
305,India became independent in 1947.,TEMPORAL
306,The company was founded in 2010.,TEMPORAL
307,Every square is a rectangle.,LOGICAL
308,The Earth is 149.6 million km from the Sun.,NUMERIC
309,All mammals are animals.,LOGICAL
310,India became independent in 1947.,TEMPORAL
311,The Olympics were held in Tokyo in 2021.,TEMPORAL
312,The company was founded in 2010.,TEMPORAL
313,Paris is the capital of France.,FACTUAL
314,15 + 27 = 42.,NUMERIC
315,Every square is a rectangle.,LOGICAL
316,A triangle has 3 sides.,NUMERIC
317,15 + 27 = 42.,NUMERIC
318,If A>B and B>C then A>C.,LOGICAL
319,The company was founded in 2010.,TEMPORAL
320,If A>B and B>C then A>C.,LOGICAL
321,Paris is the capital of France.,FACTUAL
322,If A>B and B>C then A>C.,LOGICAL
323,Python is the best language.,OPINION
324,Mount Everest is the tallest mountain.,FACTUAL
325,If A>B and B>C then A>C.,LOGICAL
326,Water freezes at 0°C.,FACTUAL
327,The Olympics were held in Tokyo in 2021.,TEMPORAL
328,Every square is a rectangle.,LOGICAL
329,Python is the best language.,OPINION
330,The Earth is 149.6 million km from the Sun.,NUMERIC
331,The Earth is 149.6 million km from the Sun.,NUMERIC
332,If A>B and B>C then A>C.,LOGICAL
333,Water freezes at 0°C.,FACTUAL
334,The company was founded in 2010.,TEMPORAL
335,Every square is a rectangle.,LOGICAL
336,The Earth is 149.6 million km from the Sun.,NUMERIC
337,A triangle has 3 sides.,NUMERIC
338,AI is the greatest invention.,OPINION
339,Every square is a rectangle.,LOGICAL
340,Python is the best language.,OPINION
341,Paris is the capital of France.,FACTUAL
342,All mammals are animals.,LOGICAL
343,All mammals are animals.,LOGICAL
344,Water freezes at 0°C.,FACTUAL
345,If A>B and B>C then A>C.,LOGICAL
346,The Earth is 149.6 million km from the Sun.,NUMERIC
347,The Olympics were held in Tokyo in 2021.,TEMPORAL
348,If A>B and B>C then A>C.,LOGICAL
349,If A>B and B>C then A>C.,LOGICAL
350,Water freezes at 0°C.,FACTUAL
351,Mount Everest is the tallest mountain.,FACTUAL
352,AI is the greatest invention.,OPINION
353,India became independent in 1947.,TEMPORAL
354,Mount Everest is the tallest mountain.,FACTUAL
355,Paris is the capital of France.,FACTUAL
356,15 + 27 = 42.,NUMERIC
357,Mount Everest is the tallest mountain.,FACTUAL
358,15 + 27 = 42.,NUMERIC
359,The Earth is 149.6 million km from the Sun.,NUMERIC
360,Mount Everest is the tallest mountain.,FACTUAL
361,The Earth is 149.6 million km from the Sun.,NUMERIC
362,The Olympics were held in Tokyo in 2021.,TEMPORAL
363,A triangle has 3 sides.,NUMERIC
364,Python is the best language.,OPINION
365,Paris is the capital of France.,FACTUAL
366,India became independent in 1947.,TEMPORAL
367,AI is the greatest invention.,OPINION
368,The company was founded in 2010.,TEMPORAL
369,If A>B and B>C then A>C.,LOGICAL
370,15 + 27 = 42.,NUMERIC
371,Python is the best language.,OPINION
372,15 + 27 = 42.,NUMERIC
373,The company was founded in 2010.,TEMPORAL
374,AI is the greatest invention.,OPINION
375,AI is the greatest invention.,OPINION
376,The company was founded in 2010.,TEMPORAL
377,Every square is a rectangle.,LOGICAL
378,India became independent in 1947.,TEMPORAL
379,Python is the best language.,OPINION
380,India became independent in 1947.,TEMPORAL
381,If A>B and B>C then A>C.,LOGICAL
382,Water freezes at 0°C.,FACTUAL
383,The company was founded in 2010.,TEMPORAL
384,Every square is a rectangle.,LOGICAL
385,The Earth is 149.6 million km from the Sun.,NUMERIC
386,A triangle has 3 sides.,NUMERIC
387,Python is the best language.,OPINION
388,The company was founded in 2010.,TEMPORAL
389,This movie is fantastic.,OPINION
390,If A>B and B>C then A>C.,LOGICAL
391,This movie is fantastic.,OPINION
392,India became independent in 1947.,TEMPORAL
393,Water freezes at 0°C.,FACTUAL
394,All mammals are animals.,LOGICAL
395,Every square is a rectangle.,LOGICAL
396,Python is the best language.,OPINION
397,If A>B and B>C then A>C.,LOGICAL
398,Water freezes at 0°C.,FACTUAL
399,India became independent in 1947.,TEMPORAL
400,All mammals are animals.,LOGICAL
401,The Olympics were held in Tokyo in 2021.,TEMPORAL
402,The Olympics were held in Tokyo in 2021.,TEMPORAL
403,Python is the best language.,OPINION
404,The company was founded in 2010.,TEMPORAL
405,Mount Everest is the tallest mountain.,FACTUAL
406,15 + 27 = 42.,NUMERIC
407,A triangle has 3 sides.,NUMERIC
408,If A>B and B>C then A>C.,LOGICAL
409,AI is the greatest invention.,OPINION
410,Every square is a rectangle.,LOGICAL
411,If A>B and B>C then A>C.,LOGICAL
412,Paris is the capital of France.,FACTUAL
413,India became independent in 1947.,TEMPORAL
414,Every square is a rectangle.,LOGICAL
415,The Earth is 149.6 million km from the Sun.,NUMERIC
416,This movie is fantastic.,OPINION
417,Every square is a rectangle.,LOGICAL
418,This movie is fantastic.,OPINION
419,Every square is a rectangle.,LOGICAL
420,This movie is fantastic.,OPINION
421,The company was founded in 2010.,TEMPORAL
422,If A>B and B>C then A>C.,LOGICAL
423,The Olympics were held in Tokyo in 2021.,TEMPORAL
424,15 + 27 = 42.,NUMERIC
425,The Earth is 149.6 million km from the Sun.,NUMERIC
426,Mount Everest is the tallest mountain.,FACTUAL
427,Python is the best language.,OPINION
428,15 + 27 = 42.,NUMERIC
429,A triangle has 3 sides.,NUMERIC
430,If A>B and B>C then A>C.,LOGICAL
431,Python is the best language.,OPINION
432,This movie is fantastic.,OPINION
433,Paris is the capital of France.,FACTUAL
434,India became independent in 1947.,TEMPORAL
435,India became independent in 1947.,TEMPORAL
436,India became independent in 1947.,TEMPORAL
437,AI is the greatest invention.,OPINION
438,India became independent in 1947.,TEMPORAL
439,Mount Everest is the tallest mountain.,FACTUAL
440,The company was founded in 2010.,TEMPORAL
441,A triangle has 3 sides.,NUMERIC
442,All mammals are animals.,LOGICAL
443,Mount Everest is the tallest mountain.,FACTUAL
444,The Olympics were held in Tokyo in 2021.,TEMPORAL
445,If A>B and B>C then A>C.,LOGICAL
446,India became independent in 1947.,TEMPORAL
447,Water freezes at 0°C.,FACTUAL
448,All mammals are animals.,LOGICAL
449,Water freezes at 0°C.,FACTUAL
450,All mammals are animals.,LOGICAL
451,Python is the best language.,OPINION
452,Paris is the capital of France.,FACTUAL
453,A triangle has 3 sides.,NUMERIC
454,India became independent in 1947.,TEMPORAL
455,15 + 27 = 42.,NUMERIC
456,This movie is fantastic.,OPINION
457,Python is the best language.,OPINION
458,AI is the greatest invention.,OPINION
459,This movie is fantastic.,OPINION
460,If A>B and B>C then A>C.,LOGICAL
461,The company was founded in 2010.,TEMPORAL
462,If A>B and B>C then A>C.,LOGICAL
463,Python is the best language.,OPINION
464,Mount Everest is the tallest mountain.,FACTUAL
465,Paris is the capital of France.,FACTUAL
466,The Earth is 149.6 million km from the Sun.,NUMERIC
467,Paris is the capital of France.,FACTUAL
468,15 + 27 = 42.,NUMERIC
469,AI is the greatest invention.,OPINION
470,15 + 27 = 42.,NUMERIC
471,If A>B and B>C then A>C.,LOGICAL
472,This movie is fantastic.,OPINION
473,India became independent in 1947.,TEMPORAL
474,The Earth is 149.6 million km from the Sun.,NUMERIC
475,The company was founded in 2010.,TEMPORAL
476,All mammals are animals.,LOGICAL
477,The Earth is 149.6 million km from the Sun.,NUMERIC
478,Python is the best language.,OPINION
479,The Earth is 149.6 million km from the Sun.,NUMERIC
480,Mount Everest is the tallest mountain.,FACTUAL
481,A triangle has 3 sides.,NUMERIC
482,The Earth is 149.6 million km from the Sun.,NUMERIC
483,15 + 27 = 42.,NUMERIC
484,Paris is the capital of France.,FACTUAL
485,The company was founded in 2010.,TEMPORAL
486,This movie is fantastic.,OPINION
487,All mammals are animals.,LOGICAL
488,Every square is a rectangle.,LOGICAL
489,The company was founded in 2010.,TEMPORAL
490,If A>B and B>C then A>C.,LOGICAL
491,Python is the best language.,OPINION
492,If A>B and B>C then A>C.,LOGICAL
493,Mount Everest is the tallest mountain.,FACTUAL
494,Water freezes at 0°C.,FACTUAL
495,The company was founded in 2010.,TEMPORAL
496,India became independent in 1947.,TEMPORAL
497,Paris is the capital of France.,FACTUAL
498,Python is the best language.,OPINION
499,Mount Everest is the tallest mountain.,FACTUAL
500,The company was founded in 2010.,TEMPORAL
501,Paris is the capital of France.,FACTUAL
502,Every square is a rectangle.,LOGICAL
503,If A>B and B>C then A>C.,LOGICAL
504,A triangle has 3 sides.,NUMERIC
505,Every square is a rectangle.,LOGICAL
506,All mammals are animals.,LOGICAL
507,If A>B and B>C then A>C.,LOGICAL
508,If A>B and B>C then A>C.,LOGICAL
509,The company was founded in 2010.,TEMPORAL
510,Paris is the capital of France.,FACTUAL
511,The Olympics were held in Tokyo in 2021.,TEMPORAL
512,If A>B and B>C then A>C.,LOGICAL
513,Every square is a rectangle.,LOGICAL
514,Water freezes at 0°C.,FACTUAL
515,Water freezes at 0°C.,FACTUAL
516,The Olympics were held in Tokyo in 2021.,TEMPORAL
517,Water freezes at 0°C.,FACTUAL
518,AI is the greatest invention.,OPINION
519,This movie is fantastic.,OPINION
520,All mammals are animals.,LOGICAL
521,A triangle has 3 sides.,NUMERIC
522,The company was founded in 2010.,TEMPORAL
523,Every square is a rectangle.,LOGICAL
524,All mammals are animals.,LOGICAL
525,The Earth is 149.6 million km from the Sun.,NUMERIC
526,AI is the greatest invention.,OPINION
527,The Olympics were held in Tokyo in 2021.,TEMPORAL
528,All mammals are animals.,LOGICAL
529,Mount Everest is the tallest mountain.,FACTUAL
530,AI is the greatest invention.,OPINION
531,The Earth is 149.6 million km from the Sun.,NUMERIC
532,AI is the greatest invention.,OPINION
533,This movie is fantastic.,OPINION
534,Paris is the capital of France.,FACTUAL
535,Water freezes at 0°C.,FACTUAL
536,Mount Everest is the tallest mountain.,FACTUAL
537,The Earth is 149.6 million km from the Sun.,NUMERIC
538,The company was founded in 2010.,TEMPORAL
539,The Olympics were held in Tokyo in 2021.,TEMPORAL
540,If A>B and B>C then A>C.,LOGICAL
541,The Earth is 149.6 million km from the Sun.,NUMERIC
542,AI is the greatest invention.,OPINION
543,All mammals are animals.,LOGICAL
544,Python is the best language.,OPINION
545,15 + 27 = 42.,NUMERIC
546,The Olympics were held in Tokyo in 2021.,TEMPORAL
547,The company was founded in 2010.,TEMPORAL
548,India became independent in 1947.,TEMPORAL
549,The company was founded in 2010.,TEMPORAL
550,The company was founded in 2010.,TEMPORAL
551,Python is the best language.,OPINION
552,All mammals are animals.,LOGICAL
553,Every square is a rectangle.,LOGICAL
554,If A>B and B>C then A>C.,LOGICAL
555,The company was founded in 2010.,TEMPORAL
556,This movie is fantastic.,OPINION
557,If A>B and B>C then A>C.,LOGICAL
558,A triangle has 3 sides.,NUMERIC
559,A triangle has 3 sides.,NUMERIC
560,All mammals are animals.,LOGICAL
561,All mammals are animals.,LOGICAL
562,The company was founded in 2010.,TEMPORAL
563,Every square is a rectangle.,LOGICAL
564,If A>B and B>C then A>C.,LOGICAL
565,The Earth is 149.6 million km from the Sun.,NUMERIC
566,Paris is the capital of France.,FACTUAL
567,Python is the best language.,OPINION
568,India became independent in 1947.,TEMPORAL
569,All mammals are animals.,LOGICAL
570,This movie is fantastic.,OPINION
571,Mount Everest is the tallest mountain.,FACTUAL
572,The Earth is 149.6 million km from the Sun.,NUMERIC
573,15 + 27 = 42.,NUMERIC
574,If A>B and B>C then A>C.,LOGICAL
575,The company was founded in 2010.,TEMPORAL
576,Every square is a rectangle.,LOGICAL
577,Water freezes at 0°C.,FACTUAL
578,This movie is fantastic.,OPINION
579,The company was founded in 2010.,TEMPORAL
580,Every square is a rectangle.,LOGICAL
581,Mount Everest is the tallest mountain.,FACTUAL
582,Paris is the capital of France.,FACTUAL
583,India became independent in 1947.,TEMPORAL
584,Water freezes at 0°C.,FACTUAL
585,Mount Everest is the tallest mountain.,FACTUAL
586,Water freezes at 0°C.,FACTUAL
587,A triangle has 3 sides.,NUMERIC
588,India became independent in 1947.,TEMPORAL
589,Water freezes at 0°C.,FACTUAL
590,Water freezes at 0°C.,FACTUAL
591,The Olympics were held in Tokyo in 2021.,TEMPORAL
592,All mammals are animals.,LOGICAL
593,A triangle has 3 sides.,NUMERIC
594,Every square is a rectangle.,LOGICAL
595,15 + 27 = 42.,NUMERIC
596,15 + 27 = 42.,NUMERIC
597,This movie is fantastic.,OPINION
598,Python is the best language.,OPINION
599,The Earth is 149.6 million km from the Sun.,NUMERIC
600,AI is the greatest invention.,OPINION
601,The Earth is 149.6 million km from the Sun.,NUMERIC
602,The Olympics were held in Tokyo in 2021.,TEMPORAL
603,The company was founded in 2010.,TEMPORAL
604,Water freezes at 0°C.,FACTUAL
605,The company was founded in 2010.,TEMPORAL
606,AI is the greatest invention.,OPINION
607,Water freezes at 0°C.,FACTUAL
608,The company was founded in 2010.,TEMPORAL
609,The company was founded in 2010.,TEMPORAL
610,Every square is a rectangle.,LOGICAL
611,The Olympics were held in Tokyo in 2021.,TEMPORAL
612,India became independent in 1947.,TEMPORAL
613,If A>B and B>C then A>C.,LOGICAL
614,Paris is the capital of France.,FACTUAL
615,Every square is a rectangle.,LOGICAL
616,The company was founded in 2010.,TEMPORAL
617,The company was founded in 2010.,TEMPORAL
618,India became independent in 1947.,TEMPORAL
619,If A>B and B>C then A>C.,LOGICAL
620,Mount Everest is the tallest mountain.,FACTUAL
621,Mount Everest is the tallest mountain.,FACTUAL
622,If A>B and B>C then A>C.,LOGICAL
623,A triangle has 3 sides.,NUMERIC
624,India became independent in 1947.,TEMPORAL
625,A triangle has 3 sides.,NUMERIC
626,The company was founded in 2010.,TEMPORAL
627,A triangle has 3 sides.,NUMERIC
628,Mount Everest is the tallest mountain.,FACTUAL
629,Water freezes at 0°C.,FACTUAL
630,All mammals are animals.,LOGICAL
631,This movie is fantastic.,OPINION
632,15 + 27 = 42.,NUMERIC
633,The Olympics were held in Tokyo in 2021.,TEMPORAL
634,All mammals are animals.,LOGICAL
635,15 + 27 = 42.,NUMERIC
636,This movie is fantastic.,OPINION
637,Python is the best language.,OPINION
638,India became independent in 1947.,TEMPORAL
639,The Olympics were held in Tokyo in 2021.,TEMPORAL
640,The company was founded in 2010.,TEMPORAL
641,India became independent in 1947.,TEMPORAL
642,All mammals are animals.,LOGICAL
643,15 + 27 = 42.,NUMERIC
644,Every square is a rectangle.,LOGICAL
645,India became independent in 1947.,TEMPORAL
646,All mammals are animals.,LOGICAL
647,The company was founded in 2010.,TEMPORAL
648,Water freezes at 0°C.,FACTUAL
649,The company was founded in 2010.,TEMPORAL
650,The company was founded in 2010.,TEMPORAL
651,Every square is a rectangle.,LOGICAL
652,India became independent in 1947.,TEMPORAL
653,The Earth is 149.6 million km from the Sun.,NUMERIC
654,Mount Everest is the tallest mountain.,FACTUAL
655,This movie is fantastic.,OPINION
656,AI is the greatest invention.,OPINION
657,Mount Everest is the tallest mountain.,FACTUAL
658,Every square is a rectangle.,LOGICAL
659,The company was founded in 2010.,TEMPORAL
660,All mammals are animals.,LOGICAL
661,15 + 27 = 42.,NUMERIC
662,Water freezes at 0°C.,FACTUAL
663,All mammals are animals.,LOGICAL
664,Paris is the capital of France.,FACTUAL
665,AI is the greatest invention.,OPINION
666,If A>B and B>C then A>C.,LOGICAL
667,The company was founded in 2010.,TEMPORAL
668,This movie is fantastic.,OPINION
669,Python is the best language.,OPINION
670,The Earth is 149.6 million km from the Sun.,NUMERIC
671,Water freezes at 0°C.,FACTUAL
672,This movie is fantastic.,OPINION
673,India became independent in 1947.,TEMPORAL
674,India became independent in 1947.,TEMPORAL
675,If A>B and B>C then A>C.,LOGICAL
676,The Earth is 149.6 million km from the Sun.,NUMERIC
677,Mount Everest is the tallest mountain.,FACTUAL
678,The company was founded in 2010.,TEMPORAL
679,India became independent in 1947.,TEMPORAL
680,If A>B and B>C then A>C.,LOGICAL
681,15 + 27 = 42.,NUMERIC
682,All mammals are animals.,LOGICAL
683,A triangle has 3 sides.,NUMERIC
684,AI is the greatest invention.,OPINION
685,Water freezes at 0°C.,FACTUAL
686,15 + 27 = 42.,NUMERIC
687,AI is the greatest invention.,OPINION
688,Mount Everest is the tallest mountain.,FACTUAL
689,A triangle has 3 sides.,NUMERIC
690,15 + 27 = 42.,NUMERIC
691,India became independent in 1947.,TEMPORAL
692,AI is the greatest invention.,OPINION
693,India became independent in 1947.,TEMPORAL
694,A triangle has 3 sides.,NUMERIC
695,India became independent in 1947.,TEMPORAL
696,Mount Everest is the tallest mountain.,FACTUAL
697,Paris is the capital of France.,FACTUAL
698,Water freezes at 0°C.,FACTUAL
699,A triangle has 3 sides.,NUMERIC
700,India became independent in 1947.,TEMPORAL
701,The Earth is 149.6 million km from the Sun.,NUMERIC
702,Paris is the capital of France.,FACTUAL
703,Every square is a rectangle.,LOGICAL
704,Mount Everest is the tallest mountain.,FACTUAL
705,Water freezes at 0°C.,FACTUAL
706,If A>B and B>C then A>C.,LOGICAL
707,Python is the best language.,OPINION
708,Water freezes at 0°C.,FACTUAL
709,AI is the greatest invention.,OPINION
710,AI is the greatest invention.,OPINION
711,This movie is fantastic.,OPINION
712,Every square is a rectangle.,LOGICAL
713,Paris is the capital of France.,FACTUAL
714,If A>B and B>C then A>C.,LOGICAL
715,Every square is a rectangle.,LOGICAL
716,Water freezes at 0°C.,FACTUAL
717,All mammals are animals.,LOGICAL
718,Water freezes at 0°C.,FACTUAL
719,AI is the greatest invention.,OPINION
720,Paris is the capital of France.,FACTUAL
721,The company was founded in 2010.,TEMPORAL
722,Python is the best language.,OPINION
723,The Olympics were held in Tokyo in 2021.,TEMPORAL
724,Python is the best language.,OPINION
725,The Olympics were held in Tokyo in 2021.,TEMPORAL
726,Python is the best language.,OPINION
727,All mammals are animals.,LOGICAL
728,Mount Everest is the tallest mountain.,FACTUAL
729,Python is the best language.,OPINION
730,The Earth is 149.6 million km from the Sun.,NUMERIC
731,All mammals are animals.,LOGICAL
732,If A>B and B>C then A>C.,LOGICAL
733,If A>B and B>C then A>C.,LOGICAL
734,Every square is a rectangle.,LOGICAL
735,Water freezes at 0°C.,FACTUAL
736,If A>B and B>C then A>C.,LOGICAL
737,The Olympics were held in Tokyo in 2021.,TEMPORAL
738,A triangle has 3 sides.,NUMERIC
739,All mammals are animals.,LOGICAL
740,Paris is the capital of France.,FACTUAL
741,Water freezes at 0°C.,FACTUAL
742,Mount Everest is the tallest mountain.,FACTUAL
743,India became independent in 1947.,TEMPORAL
744,AI is the greatest invention.,OPINION
745,Python is the best language.,OPINION
746,This movie is fantastic.,OPINION
747,Water freezes at 0°C.,FACTUAL
748,The company was founded in 2010.,TEMPORAL
749,Every square is a rectangle.,LOGICAL
750,Water freezes at 0°C.,FACTUAL
751,This movie is fantastic.,OPINION
752,India became independent in 1947.,TEMPORAL
753,Python is the best language.,OPINION
754,15 + 27 = 42.,NUMERIC
755,All mammals are animals.,LOGICAL
756,Water freezes at 0°C.,FACTUAL
757,This movie is fantastic.,OPINION
758,Water freezes at 0°C.,FACTUAL
759,AI is the greatest invention.,OPINION
760,Every square is a rectangle.,LOGICAL
761,Python is the best language.,OPINION
762,AI is the greatest invention.,OPINION
763,Python is the best language.,OPINION
764,India became independent in 1947.,TEMPORAL
765,The Earth is 149.6 million km from the Sun.,NUMERIC
766,The Olympics were held in Tokyo in 2021.,TEMPORAL
767,India became independent in 1947.,TEMPORAL
768,15 + 27 = 42.,NUMERIC
769,Python is the best language.,OPINION
770,All mammals are animals.,LOGICAL
771,A triangle has 3 sides.,NUMERIC
772,Paris is the capital of France.,FACTUAL
773,AI is the greatest invention.,OPINION
774,If A>B and B>C then A>C.,LOGICAL
775,If A>B and B>C then A>C.,LOGICAL
776,The Earth is 149.6 million km from the Sun.,NUMERIC
777,The company was founded in 2010.,TEMPORAL
778,The company was founded in 2010.,TEMPORAL
779,AI is the greatest invention.,OPINION
780,Paris is the capital of France.,FACTUAL
781,A triangle has 3 sides.,NUMERIC
782,Mount Everest is the tallest mountain.,FACTUAL
783,Water freezes at 0°C.,FACTUAL
784,Every square is a rectangle.,LOGICAL
785,If A>B and B>C then A>C.,LOGICAL
786,This movie is fantastic.,OPINION
787,If A>B and B>C then A>C.,LOGICAL
788,A triangle has 3 sides.,NUMERIC
789,Water freezes at 0°C.,FACTUAL
790,All mammals are animals.,LOGICAL
791,The company was founded in 2010.,TEMPORAL
792,This movie is fantastic.,OPINION
793,Python is the best language.,OPINION
794,India became independent in 1947.,TEMPORAL
795,The Earth is 149.6 million km from the Sun.,NUMERIC
796,AI is the greatest invention.,OPINION
797,Paris is the capital of France.,FACTUAL
798,India became independent in 1947.,TEMPORAL
799,The Earth is 149.6 million km from the Sun.,NUMERIC
800,The Olympics were held in Tokyo in 2021.,TEMPORAL
801,Paris is the capital of France.,FACTUAL
802,Every square is a rectangle.,LOGICAL
803,All mammals are animals.,LOGICAL
804,The Earth is 149.6 million km from the Sun.,NUMERIC
805,Python is the best language.,OPINION
806,A triangle has 3 sides.,NUMERIC
807,Python is the best language.,OPINION
808,India became independent in 1947.,TEMPORAL
809,Every square is a rectangle.,LOGICAL
810,Water freezes at 0°C.,FACTUAL
811,Water freezes at 0°C.,FACTUAL
812,Water freezes at 0°C.,FACTUAL
813,This movie is fantastic.,OPINION
814,This movie is fantastic.,OPINION
815,If A>B and B>C then A>C.,LOGICAL
816,Water freezes at 0°C.,FACTUAL
817,Water freezes at 0°C.,FACTUAL
818,A triangle has 3 sides.,NUMERIC
819,Every square is a rectangle.,LOGICAL
820,India became independent in 1947.,TEMPORAL
821,All mammals are animals.,LOGICAL
822,The Earth is 149.6 million km from the Sun.,NUMERIC
823,This movie is fantastic.,OPINION
824,AI is the greatest invention.,OPINION
825,If A>B and B>C then A>C.,LOGICAL
826,India became independent in 1947.,TEMPORAL
827,India became independent in 1947.,TEMPORAL
828,Mount Everest is the tallest mountain.,FACTUAL
829,Mount Everest is the tallest mountain.,FACTUAL
830,AI is the greatest invention.,OPINION
831,The Olympics were held in Tokyo in 2021.,TEMPORAL
832,15 + 27 = 42.,NUMERIC
833,Paris is the capital of France.,FACTUAL
834,India became independent in 1947.,TEMPORAL
835,A triangle has 3 sides.,NUMERIC
836,A triangle has 3 sides.,NUMERIC
837,Paris is the capital of France.,FACTUAL
838,If A>B and B>C then A>C.,LOGICAL
839,Python is the best language.,OPINION
840,Every square is a rectangle.,LOGICAL
841,Python is the best language.,OPINION
842,This movie is fantastic.,OPINION
843,India became independent in 1947.,TEMPORAL
844,All mammals are animals.,LOGICAL
845,If A>B and B>C then A>C.,LOGICAL
846,The Olympics were held in Tokyo in 2021.,TEMPORAL
847,AI is the greatest invention.,OPINION
848,The company was founded in 2010.,TEMPORAL
849,Water freezes at 0°C.,FACTUAL
850,If A>B and B>C then A>C.,LOGICAL
851,Paris is the capital of France.,FACTUAL
852,The Olympics were held in Tokyo in 2021.,TEMPORAL
853,Mount Everest is the tallest mountain.,FACTUAL
854,Mount Everest is the tallest mountain.,FACTUAL
855,Python is the best language.,OPINION
856,If A>B and B>C then A>C.,LOGICAL
857,Python is the best language.,OPINION
858,Water freezes at 0°C.,FACTUAL
859,Python is the best language.,OPINION
860,The Earth is 149.6 million km from the Sun.,NUMERIC
861,This movie is fantastic.,OPINION
862,AI is the greatest invention.,OPINION
863,Water freezes at 0°C.,FACTUAL
864,Water freezes at 0°C.,FACTUAL
865,Mount Everest is the tallest mountain.,FACTUAL
866,15 + 27 = 42.,NUMERIC
867,A triangle has 3 sides.,NUMERIC
868,If A>B and B>C then A>C.,LOGICAL
869,Python is the best language.,OPINION
870,AI is the greatest invention.,OPINION
871,The Olympics were held in Tokyo in 2021.,TEMPORAL
872,The Olympics were held in Tokyo in 2021.,TEMPORAL
873,If A>B and B>C then A>C.,LOGICAL
874,AI is the greatest invention.,OPINION
875,India became independent in 1947.,TEMPORAL
876,India became independent in 1947.,TEMPORAL
877,Python is the best language.,OPINION
878,If A>B and B>C then A>C.,LOGICAL
879,The company was founded in 2010.,TEMPORAL
880,AI is the greatest invention.,OPINION
881,India became independent in 1947.,TEMPORAL
882,Python is the best language.,OPINION
883,The Earth is 149.6 million km from the Sun.,NUMERIC
884,The company was founded in 2010.,TEMPORAL
885,All mammals are animals.,LOGICAL
886,Python is the best language.,OPINION
887,Water freezes at 0°C.,FACTUAL
888,This movie is fantastic.,OPINION
889,India became independent in 1947.,TEMPORAL
890,AI is the greatest invention.,OPINION
891,Every square is a rectangle.,LOGICAL
892,India became independent in 1947.,TEMPORAL
893,The Olympics were held in Tokyo in 2021.,TEMPORAL
894,15 + 27 = 42.,NUMERIC
895,The Olympics were held in Tokyo in 2021.,TEMPORAL
896,15 + 27 = 42.,NUMERIC
897,15 + 27 = 42.,NUMERIC
898,Water freezes at 0°C.,FACTUAL
899,Mount Everest is the tallest mountain.,FACTUAL
900,Python is the best language.,OPINION
901,AI is the greatest invention.,OPINION
902,The company was founded in 2010.,TEMPORAL
903,A triangle has 3 sides.,NUMERIC
904,All mammals are animals.,LOGICAL
905,15 + 27 = 42.,NUMERIC
906,AI is the greatest invention.,OPINION
907,All mammals are animals.,LOGICAL
908,If A>B and B>C then A>C.,LOGICAL
909,The Earth is 149.6 million km from the Sun.,NUMERIC
910,This movie is fantastic.,OPINION
911,All mammals are animals.,LOGICAL
912,AI is the greatest invention.,OPINION
913,The Olympics were held in Tokyo in 2021.,TEMPORAL
914,The Earth is 149.6 million km from the Sun.,NUMERIC
915,This movie is fantastic.,OPINION
916,If A>B and B>C then A>C.,LOGICAL
917,Every square is a rectangle.,LOGICAL
918,This movie is fantastic.,OPINION
919,15 + 27 = 42.,NUMERIC
920,AI is the greatest invention.,OPINION
921,India became independent in 1947.,TEMPORAL
922,If A>B and B>C then A>C.,LOGICAL
923,AI is the greatest invention.,OPINION
924,AI is the greatest invention.,OPINION
925,India became independent in 1947.,TEMPORAL
926,The Earth is 149.6 million km from the Sun.,NUMERIC
927,Every square is a rectangle.,LOGICAL
928,The Earth is 149.6 million km from the Sun.,NUMERIC
929,Paris is the capital of France.,FACTUAL
930,If A>B and B>C then A>C.,LOGICAL
931,Water freezes at 0°C.,FACTUAL
932,Water freezes at 0°C.,FACTUAL
933,This movie is fantastic.,OPINION
934,The Earth is 149.6 million km from the Sun.,NUMERIC
935,Water freezes at 0°C.,FACTUAL
936,15 + 27 = 42.,NUMERIC
937,India became independent in 1947.,TEMPORAL
938,India became independent in 1947.,TEMPORAL
939,15 + 27 = 42.,NUMERIC
940,The Olympics were held in Tokyo in 2021.,TEMPORAL
941,A triangle has 3 sides.,NUMERIC
942,If A>B and B>C then A>C.,LOGICAL
943,AI is the greatest invention.,OPINION
944,Paris is the capital of France.,FACTUAL
945,India became independent in 1947.,TEMPORAL
946,A triangle has 3 sides.,NUMERIC
947,Python is the best language.,OPINION
948,All mammals are animals.,LOGICAL
949,India became independent in 1947.,TEMPORAL
950,India became independent in 1947.,TEMPORAL
951,Paris is the capital of France.,FACTUAL
952,Every square is a rectangle.,LOGICAL
953,This movie is fantastic.,OPINION
954,Paris is the capital of France.,FACTUAL
955,Every square is a rectangle.,LOGICAL
956,AI is the greatest invention.,OPINION
957,Python is the best language.,OPINION
958,A triangle has 3 sides.,NUMERIC
959,The Earth is 149.6 million km from the Sun.,NUMERIC
960,All mammals are animals.,LOGICAL
961,This movie is fantastic.,OPINION
962,A triangle has 3 sides.,NUMERIC
963,All mammals are animals.,LOGICAL
964,Mount Everest is the tallest mountain.,FACTUAL
965,India became independent in 1947.,TEMPORAL
966,Python is the best language.,OPINION
967,Python is the best language.,OPINION
968,AI is the greatest invention.,OPINION
969,If A>B and B>C then A>C.,LOGICAL
970,Mount Everest is the tallest mountain.,FACTUAL
971,If A>B and B>C then A>C.,LOGICAL
972,The company was founded in 2010.,TEMPORAL
973,Water freezes at 0°C.,FACTUAL
974,Water freezes at 0°C.,FACTUAL
975,A triangle has 3 sides.,NUMERIC
976,Mount Everest is the tallest mountain.,FACTUAL
977,India became independent in 1947.,TEMPORAL
978,Water freezes at 0°C.,FACTUAL
979,This movie is fantastic.,OPINION
980,A triangle has 3 sides.,NUMERIC
981,Every square is a rectangle.,LOGICAL
982,Every square is a rectangle.,LOGICAL
983,15 + 27 = 42.,NUMERIC
984,Mount Everest is the tallest mountain.,FACTUAL
985,All mammals are animals.,LOGICAL
986,India became independent in 1947.,TEMPORAL
987,Paris is the capital of France.,FACTUAL
988,Water freezes at 0°C.,FACTUAL
989,The company was founded in 2010.,TEMPORAL
990,Every square is a rectangle.,LOGICAL
991,If A>B and B>C then A>C.,LOGICAL
992,Mount Everest is the tallest mountain.,FACTUAL
993,The Earth is 149.6 million km from the Sun.,NUMERIC
994,India became independent in 1947.,TEMPORAL
995,The Olympics were held in Tokyo in 2021.,TEMPORAL
996,Water freezes at 0°C.,FACTUAL
997,If A>B and B>C then A>C.,LOGICAL
998,If A>B and B>C then A>C.,LOGICAL
999,India became independent in 1947.,TEMPORAL
1000,Every square is a rectangle.,LOGICAL
1001,If A>B and B>C then A>C.,LOGICAL
1002,This movie is fantastic.,OPINION
1003,Mount Everest is the tallest mountain.,FACTUAL
1004,All mammals are animals.,LOGICAL
1005,Every square is a rectangle.,LOGICAL
1006,A triangle has 3 sides.,NUMERIC
1007,The Olympics were held in Tokyo in 2021.,TEMPORAL
1008,Paris is the capital of France.,FACTUAL
1009,The company was founded in 2010.,TEMPORAL
1010,The Olympics were held in Tokyo in 2021.,TEMPORAL
1011,Every square is a rectangle.,LOGICAL
1012,All mammals are animals.,LOGICAL
1013,If A>B and B>C then A>C.,LOGICAL
1014,All mammals are animals.,LOGICAL
1015,The company was founded in 2010.,TEMPORAL
1016,If A>B and B>C then A>C.,LOGICAL
1017,Paris is the capital of France.,FACTUAL
1018,If A>B and B>C then A>C.,LOGICAL
1019,Python is the best language.,OPINION
1020,15 + 27 = 42.,NUMERIC
1021,A triangle has 3 sides.,NUMERIC
1022,All mammals are animals.,LOGICAL
1023,15 + 27 = 42.,NUMERIC
1024,A triangle has 3 sides.,NUMERIC
1025,The Olympics were held in Tokyo in 2021.,TEMPORAL
1026,Every square is a rectangle.,LOGICAL
1027,Mount Everest is the tallest mountain.,FACTUAL
1028,A triangle has 3 sides.,NUMERIC
1029,If A>B and B>C then A>C.,LOGICAL
1030,The Olympics were held in Tokyo in 2021.,TEMPORAL
1031,Mount Everest is the tallest mountain.,FACTUAL
1032,A triangle has 3 sides.,NUMERIC
1033,The Olympics were held in Tokyo in 2021.,TEMPORAL
1034,The company was founded in 2010.,TEMPORAL
1035,India became independent in 1947.,TEMPORAL
1036,Paris is the capital of France.,FACTUAL
1037,The Earth is 149.6 million km from the Sun.,NUMERIC
1038,This movie is fantastic.,OPINION
1039,AI is the greatest invention.,OPINION
1040,The Olympics were held in Tokyo in 2021.,TEMPORAL
1041,All mammals are animals.,LOGICAL
1042,This movie is fantastic.,OPINION
1043,All mammals are animals.,LOGICAL
1044,Paris is the capital of France.,FACTUAL
1045,Water freezes at 0°C.,FACTUAL
1046,A triangle has 3 sides.,NUMERIC
1047,All mammals are animals.,LOGICAL
1048,The company was founded in 2010.,TEMPORAL
1049,The company was founded in 2010.,TEMPORAL
1050,Mount Everest is the tallest mountain.,FACTUAL
1051,This movie is fantastic.,OPINION
1052,India became independent in 1947.,TEMPORAL
1053,The Earth is 149.6 million km from the Sun.,NUMERIC
1054,AI is the greatest invention.,OPINION
1055,Paris is the capital of France.,FACTUAL
1056,15 + 27 = 42.,NUMERIC
1057,All mammals are animals.,LOGICAL
1058,The company was founded in 2010.,TEMPORAL
1059,This movie is fantastic.,OPINION
1060,Every square is a rectangle.,LOGICAL
1061,A triangle has 3 sides.,NUMERIC
1062,Paris is the capital of France.,FACTUAL
1063,The Olympics were held in Tokyo in 2021.,TEMPORAL
1064,Every square is a rectangle.,LOGICAL
1065,If A>B and B>C then A>C.,LOGICAL
1066,AI is the greatest invention.,OPINION
1067,The Earth is 149.6 million km from the Sun.,NUMERIC
1068,Water freezes at 0°C.,FACTUAL
1069,Every square is a rectangle.,LOGICAL
1070,This movie is fantastic.,OPINION
1071,A triangle has 3 sides.,NUMERIC
1072,AI is the greatest invention.,OPINION
1073,The Earth is 149.6 million km from the Sun.,NUMERIC
1074,AI is the greatest invention.,OPINION
1075,Mount Everest is the tallest mountain.,FACTUAL
1076,The Earth is 149.6 million km from the Sun.,NUMERIC
1077,15 + 27 = 42.,NUMERIC
1078,The company was founded in 2010.,TEMPORAL
1079,The Earth is 149.6 million km from the Sun.,NUMERIC
1080,This movie is fantastic.,OPINION
1081,Water freezes at 0°C.,FACTUAL
1082,A triangle has 3 sides.,NUMERIC
1083,This movie is fantastic.,OPINION
1084,A triangle has 3 sides.,NUMERIC
1085,The company was founded in 2010.,TEMPORAL
1086,AI is the greatest invention.,OPINION
1087,Python is the best language.,OPINION
1088,A triangle has 3 sides.,NUMERIC
1089,AI is the greatest invention.,OPINION
1090,A triangle has 3 sides.,NUMERIC
1091,Python is the best language.,OPINION
1092,This movie is fantastic.,OPINION
1093,AI is the greatest invention.,OPINION
1094,Paris is the capital of France.,FACTUAL
1095,Mount Everest is the tallest mountain.,FACTUAL
1096,This movie is fantastic.,OPINION
1097,A triangle has 3 sides.,NUMERIC
1098,Every square is a rectangle.,LOGICAL
1099,Water freezes at 0°C.,FACTUAL
1100,This movie is fantastic.,OPINION
1101,The Olympics were held in Tokyo in 2021.,TEMPORAL
1102,A triangle has 3 sides.,NUMERIC
1103,If A>B and B>C then A>C.,LOGICAL
1104,All mammals are animals.,LOGICAL
1105,Paris is the capital of France.,FACTUAL
1106,If A>B and B>C then A>C.,LOGICAL
1107,If A>B and B>C then A>C.,LOGICAL
1108,The Earth is 149.6 million km from the Sun.,NUMERIC
1109,AI is the greatest invention.,OPINION
1110,The company was founded in 2010.,TEMPORAL
1111,The company was founded in 2010.,TEMPORAL
1112,The Olympics were held in Tokyo in 2021.,TEMPORAL
1113,The Earth is 149.6 million km from the Sun.,NUMERIC
1114,Python is the best language.,OPINION
1115,Water freezes at 0°C.,FACTUAL
1116,The Earth is 149.6 million km from the Sun.,NUMERIC
1117,Water freezes at 0°C.,FACTUAL
1118,All mammals are animals.,LOGICAL
1119,15 + 27 = 42.,NUMERIC
1120,Water freezes at 0°C.,FACTUAL
1121,Every square is a rectangle.,LOGICAL
1122,All mammals are animals.,LOGICAL
1123,The Earth is 149.6 million km from the Sun.,NUMERIC
1124,Python is the best language.,OPINION
1125,India became independent in 1947.,TEMPORAL
1126,The Earth is 149.6 million km from the Sun.,NUMERIC
1127,This movie is fantastic.,OPINION
1128,If A>B and B>C then A>C.,LOGICAL
1129,All mammals are animals.,LOGICAL
1130,Water freezes at 0°C.,FACTUAL
1131,This movie is fantastic.,OPINION
1132,15 + 27 = 42.,NUMERIC
1133,This movie is fantastic.,OPINION
1134,Paris is the capital of France.,FACTUAL
1135,The Olympics were held in Tokyo in 2021.,TEMPORAL
1136,Python is the best language.,OPINION
1137,If A>B and B>C then A>C.,LOGICAL
1138,AI is the greatest invention.,OPINION
1139,Water freezes at 0°C.,FACTUAL
1140,The Earth is 149.6 million km from the Sun.,NUMERIC
1141,The Olympics were held in Tokyo in 2021.,TEMPORAL
1142,India became independent in 1947.,TEMPORAL
1143,All mammals are animals.,LOGICAL
1144,Python is the best language.,OPINION
1145,The Earth is 149.6 million km from the Sun.,NUMERIC
1146,This movie is fantastic.,OPINION
1147,Water freezes at 0°C.,FACTUAL
1148,This movie is fantastic.,OPINION
1149,This movie is fantastic.,OPINION
1150,Python is the best language.,OPINION
1151,AI is the greatest invention.,OPINION
1152,15 + 27 = 42.,NUMERIC
1153,If A>B and B>C then A>C.,LOGICAL
1154,The company was founded in 2010.,TEMPORAL
1155,India became independent in 1947.,TEMPORAL
1156,A triangle has 3 sides.,NUMERIC
1157,This movie is fantastic.,OPINION
1158,AI is the greatest invention.,OPINION
1159,Paris is the capital of France.,FACTUAL
1160,A triangle has 3 sides.,NUMERIC
1161,The Olympics were held in Tokyo in 2021.,TEMPORAL
1162,This movie is fantastic.,OPINION
1163,A triangle has 3 sides.,NUMERIC
1164,AI is the greatest invention.,OPINION
1165,The company was founded in 2010.,TEMPORAL
1166,India became independent in 1947.,TEMPORAL
1167,Every square is a rectangle.,LOGICAL
1168,The company was founded in 2010.,TEMPORAL
1169,The company was founded in 2010.,TEMPORAL
1170,Python is the best language.,OPINION
1171,Every square is a rectangle.,LOGICAL
1172,This movie is fantastic.,OPINION
1173,All mammals are animals.,LOGICAL
1174,The Olympics were held in Tokyo in 2021.,TEMPORAL
1175,Water freezes at 0°C.,FACTUAL
1176,This movie is fantastic.,OPINION
1177,Mount Everest is the tallest mountain.,FACTUAL
1178,If A>B and B>C then A>C.,LOGICAL
1179,Python is the best language.,OPINION
1180,A triangle has 3 sides.,NUMERIC
1181,Mount Everest is the tallest mountain.,FACTUAL
1182,All mammals are animals.,LOGICAL
1183,Python is the best language.,OPINION
1184,This movie is fantastic.,OPINION
1185,A triangle has 3 sides.,NUMERIC
1186,15 + 27 = 42.,NUMERIC
1187,Python is the best language.,OPINION
1188,Paris is the capital of France.,FACTUAL
1189,Water freezes at 0°C.,FACTUAL
1190,The Olympics were held in Tokyo in 2021.,TEMPORAL
1191,The Earth is 149.6 million km from the Sun.,NUMERIC
1192,The Earth is 149.6 million km from the Sun.,NUMERIC
1193,Python is the best language.,OPINION
1194,Every square is a rectangle.,LOGICAL
1195,Mount Everest is the tallest mountain.,FACTUAL
1196,A triangle has 3 sides.,NUMERIC
1197,A triangle has 3 sides.,NUMERIC
1198,The company was founded in 2010.,TEMPORAL
1199,Every square is a rectangle.,LOGICAL
1200,If A>B and B>C then A>C.,LOGICAL
1201,The Earth is 149.6 million km from the Sun.,NUMERIC
1202,This movie is fantastic.,OPINION
1203,This movie is fantastic.,OPINION
1204,The company was founded in 2010.,TEMPORAL
1205,All mammals are animals.,LOGICAL
1206,The Earth is 149.6 million km from the Sun.,NUMERIC
1207,This movie is fantastic.,OPINION
1208,The Earth is 149.6 million km from the Sun.,NUMERIC
1209,The company was founded in 2010.,TEMPORAL
1210,A triangle has 3 sides.,NUMERIC
1211,If A>B and B>C then A>C.,LOGICAL
1212,If A>B and B>C then A>C.,LOGICAL
1213,Python is the best language.,OPINION
1214,The Olympics were held in Tokyo in 2021.,TEMPORAL
1215,Mount Everest is the tallest mountain.,FACTUAL
1216,This movie is fantastic.,OPINION
1217,If A>B and B>C then A>C.,LOGICAL
1218,The Earth is 149.6 million km from the Sun.,NUMERIC
1219,Water freezes at 0°C.,FACTUAL
1220,Water freezes at 0°C.,FACTUAL
1221,Every square is a rectangle.,LOGICAL
1222,The company was founded in 2010.,TEMPORAL
1223,All mammals are animals.,LOGICAL
1224,A triangle has 3 sides.,NUMERIC
1225,The company was founded in 2010.,TEMPORAL
1226,India became independent in 1947.,TEMPORAL
1227,Mount Everest is the tallest mountain.,FACTUAL
1228,AI is the greatest invention.,OPINION
1229,15 + 27 = 42.,NUMERIC
1230,AI is the greatest invention.,OPINION
1231,15 + 27 = 42.,NUMERIC
1232,Water freezes at 0°C.,FACTUAL
1233,The company was founded in 2010.,TEMPORAL
1234,All mammals are animals.,LOGICAL
1235,15 + 27 = 42.,NUMERIC
1236,AI is the greatest invention.,OPINION
1237,Every square is a rectangle.,LOGICAL
1238,If A>B and B>C then A>C.,LOGICAL
1239,The Earth is 149.6 million km from the Sun.,NUMERIC
1240,The Olympics were held in Tokyo in 2021.,TEMPORAL
1241,Paris is the capital of France.,FACTUAL
1242,AI is the greatest invention.,OPINION
1243,Python is the best language.,OPINION
1244,Paris is the capital of France.,FACTUAL
1245,All mammals are animals.,LOGICAL
1246,Water freezes at 0°C.,FACTUAL
1247,All mammals are animals.,LOGICAL
1248,India became independent in 1947.,TEMPORAL
1249,Water freezes at 0°C.,FACTUAL
1250,Python is the best language.,OPINION
1251,Water freezes at 0°C.,FACTUAL
1252,The Olympics were held in Tokyo in 2021.,TEMPORAL
1253,Python is the best language.,OPINION
1254,All mammals are animals.,LOGICAL
1255,This movie is fantastic.,OPINION
1256,India became independent in 1947.,TEMPORAL
1257,Water freezes at 0°C.,FACTUAL
1258,A triangle has 3 sides.,NUMERIC
1259,Every square is a rectangle.,LOGICAL
1260,The company was founded in 2010.,TEMPORAL
1261,15 + 27 = 42.,NUMERIC
1262,The Olympics were held in Tokyo in 2021.,TEMPORAL
1263,Python is the best language.,OPINION
1264,15 + 27 = 42.,NUMERIC
1265,Python is the best language.,OPINION
1266,If A>B and B>C then A>C.,LOGICAL
1267,This movie is fantastic.,OPINION
1268,Water freezes at 0°C.,FACTUAL
1269,Paris is the capital of France.,FACTUAL
1270,The Earth is 149.6 million km from the Sun.,NUMERIC
1271,India became independent in 1947.,TEMPORAL
1272,Water freezes at 0°C.,FACTUAL
1273,All mammals are animals.,LOGICAL
1274,If A>B and B>C then A>C.,LOGICAL
1275,The Olympics were held in Tokyo in 2021.,TEMPORAL
1276,Python is the best language.,OPINION
1277,AI is the greatest invention.,OPINION
1278,The company was founded in 2010.,TEMPORAL
1279,The company was founded in 2010.,TEMPORAL
1280,15 + 27 = 42.,NUMERIC
1281,Water freezes at 0°C.,FACTUAL
1282,India became independent in 1947.,TEMPORAL
1283,Every square is a rectangle.,LOGICAL
1284,Python is the best language.,OPINION
1285,The company was founded in 2010.,TEMPORAL
1286,Mount Everest is the tallest mountain.,FACTUAL
1287,The Olympics were held in Tokyo in 2021.,TEMPORAL
1288,AI is the greatest invention.,OPINION
1289,15 + 27 = 42.,NUMERIC
1290,All mammals are animals.,LOGICAL
1291,Every square is a rectangle.,LOGICAL
1292,This movie is fantastic.,OPINION
1293,Every square is a rectangle.,LOGICAL
1294,This movie is fantastic.,OPINION
1295,Python is the best language.,OPINION
1296,15 + 27 = 42.,NUMERIC
1297,AI is the greatest invention.,OPINION
1298,This movie is fantastic.,OPINION
1299,Python is the best language.,OPINION
1300,India became independent in 1947.,TEMPORAL
1301,AI is the greatest invention.,OPINION
1302,Mount Everest is the tallest mountain.,FACTUAL
1303,AI is the greatest invention.,OPINION
1304,Python is the best language.,OPINION
1305,15 + 27 = 42.,NUMERIC
1306,The company was founded in 2010.,TEMPORAL
1307,All mammals are animals.,LOGICAL
1308,A triangle has 3 sides.,NUMERIC
1309,This movie is fantastic.,OPINION
1310,Mount Everest is the tallest mountain.,FACTUAL
1311,All mammals are animals.,LOGICAL
1312,All mammals are animals.,LOGICAL
1313,This movie is fantastic.,OPINION
1314,Every square is a rectangle.,LOGICAL
1315,Mount Everest is the tallest mountain.,FACTUAL
1316,Every square is a rectangle.,LOGICAL
1317,The company was founded in 2010.,TEMPORAL
1318,Water freezes at 0°C.,FACTUAL
1319,India became independent in 1947.,TEMPORAL
1320,A triangle has 3 sides.,NUMERIC
1321,Paris is the capital of France.,FACTUAL
1322,If A>B and B>C then A>C.,LOGICAL
1323,Mount Everest is the tallest mountain.,FACTUAL
1324,Paris is the capital of France.,FACTUAL
1325,All mammals are animals.,LOGICAL
1326,The Olympics were held in Tokyo in 2021.,TEMPORAL
1327,15 + 27 = 42.,NUMERIC
1328,If A>B and B>C then A>C.,LOGICAL
1329,If A>B and B>C then A>C.,LOGICAL
1330,If A>B and B>C then A>C.,LOGICAL
1331,Mount Everest is the tallest mountain.,FACTUAL
1332,AI is the greatest invention.,OPINION
1333,India became independent in 1947.,TEMPORAL
1334,A triangle has 3 sides.,NUMERIC
1335,Every square is a rectangle.,LOGICAL
1336,A triangle has 3 sides.,NUMERIC
1337,15 + 27 = 42.,NUMERIC
1338,Water freezes at 0°C.,FACTUAL
1339,Every square is a rectangle.,LOGICAL
1340,This movie is fantastic.,OPINION
1341,This movie is fantastic.,OPINION
1342,15 + 27 = 42.,NUMERIC
1343,If A>B and B>C then A>C.,LOGICAL
1344,The Earth is 149.6 million km from the Sun.,NUMERIC
1345,A triangle has 3 sides.,NUMERIC
1346,Paris is the capital of France.,FACTUAL
1347,Every square is a rectangle.,LOGICAL
1348,Paris is the capital of France.,FACTUAL
1349,15 + 27 = 42.,NUMERIC
1350,Mount Everest is the tallest mountain.,FACTUAL
1351,Water freezes at 0°C.,FACTUAL
1352,Python is the best language.,OPINION
1353,Paris is the capital of France.,FACTUAL
1354,Water freezes at 0°C.,FACTUAL
1355,All mammals are animals.,LOGICAL
1356,AI is the greatest invention.,OPINION
1357,Paris is the capital of France.,FACTUAL
1358,This movie is fantastic.,OPINION
1359,A triangle has 3 sides.,NUMERIC
1360,This movie is fantastic.,OPINION
1361,Python is the best language.,OPINION
1362,India became independent in 1947.,TEMPORAL
1363,India became independent in 1947.,TEMPORAL
1364,AI is the greatest invention.,OPINION
1365,If A>B and B>C then A>C.,LOGICAL
1366,India became independent in 1947.,TEMPORAL
1367,Python is the best language.,OPINION
1368,A triangle has 3 sides.,NUMERIC
1369,Every square is a rectangle.,LOGICAL
1370,All mammals are animals.,LOGICAL
1371,The company was founded in 2010.,TEMPORAL
1372,Every square is a rectangle.,LOGICAL
1373,The company was founded in 2010.,TEMPORAL
1374,If A>B and B>C then A>C.,LOGICAL
1375,The Earth is 149.6 million km from the Sun.,NUMERIC
1376,All mammals are animals.,LOGICAL
1377,This movie is fantastic.,OPINION
1378,15 + 27 = 42.,NUMERIC
1379,The company was founded in 2010.,TEMPORAL
1380,The Earth is 149.6 million km from the Sun.,NUMERIC
1381,Mount Everest is the tallest mountain.,FACTUAL
1382,If A>B and B>C then A>C.,LOGICAL
1383,Python is the best language.,OPINION
1384,The Earth is 149.6 million km from the Sun.,NUMERIC
1385,The Earth is 149.6 million km from the Sun.,NUMERIC
1386,The Earth is 149.6 million km from the Sun.,NUMERIC
1387,Water freezes at 0°C.,FACTUAL
1388,India became independent in 1947.,TEMPORAL
1389,Python is the best language.,OPINION
1390,15 + 27 = 42.,NUMERIC
1391,The Olympics were held in Tokyo in 2021.,TEMPORAL
1392,Python is the best language.,OPINION
1393,Paris is the capital of France.,FACTUAL
1394,A triangle has 3 sides.,NUMERIC
1395,AI is the greatest invention.,OPINION
1396,All mammals are animals.,LOGICAL
1397,The Olympics were held in Tokyo in 2021.,TEMPORAL
1398,Paris is the capital of France.,FACTUAL
1399,A triangle has 3 sides.,NUMERIC
1400,Mount Everest is the tallest mountain.,FACTUAL
1401,All mammals are animals.,LOGICAL
1402,Python is the best language.,OPINION
1403,The Earth is 149.6 million km from the Sun.,NUMERIC
1404,A triangle has 3 sides.,NUMERIC
1405,The Olympics were held in Tokyo in 2021.,TEMPORAL
1406,If A>B and B>C then A>C.,LOGICAL
1407,Python is the best language.,OPINION
1408,The Olympics were held in Tokyo in 2021.,TEMPORAL
1409,The Olympics were held in Tokyo in 2021.,TEMPORAL
1410,This movie is fantastic.,OPINION
1411,All mammals are animals.,LOGICAL
1412,If A>B and B>C then A>C.,LOGICAL
1413,The Earth is 149.6 million km from the Sun.,NUMERIC
1414,The Olympics were held in Tokyo in 2021.,TEMPORAL
1415,Mount Everest is the tallest mountain.,FACTUAL
1416,A triangle has 3 sides.,NUMERIC
1417,15 + 27 = 42.,NUMERIC
1418,The company was founded in 2010.,TEMPORAL
1419,Python is the best language.,OPINION
1420,If A>B and B>C then A>C.,LOGICAL
1421,15 + 27 = 42.,NUMERIC
1422,India became independent in 1947.,TEMPORAL
1423,Every square is a rectangle.,LOGICAL
1424,The Earth is 149.6 million km from the Sun.,NUMERIC
1425,Python is the best language.,OPINION
1426,The Olympics were held in Tokyo in 2021.,TEMPORAL
1427,Every square is a rectangle.,LOGICAL
1428,If A>B and B>C then A>C.,LOGICAL
1429,A triangle has 3 sides.,NUMERIC
1430,India became independent in 1947.,TEMPORAL
1431,A triangle has 3 sides.,NUMERIC
1432,This movie is fantastic.,OPINION
1433,A triangle has 3 sides.,NUMERIC
1434,Mount Everest is the tallest mountain.,FACTUAL
1435,Paris is the capital of France.,FACTUAL
1436,Paris is the capital of France.,FACTUAL
1437,All mammals are animals.,LOGICAL
1438,15 + 27 = 42.,NUMERIC
1439,15 + 27 = 42.,NUMERIC
1440,A triangle has 3 sides.,NUMERIC
1441,If A>B and B>C then A>C.,LOGICAL
1442,Mount Everest is the tallest mountain.,FACTUAL
1443,This movie is fantastic.,OPINION
1444,All mammals are animals.,LOGICAL
1445,Mount Everest is the tallest mountain.,FACTUAL
1446,This movie is fantastic.,OPINION
1447,Paris is the capital of France.,FACTUAL
1448,Python is the best language.,OPINION
1449,The company was founded in 2010.,TEMPORAL
1450,India became independent in 1947.,TEMPORAL
1451,Python is the best language.,OPINION
1452,All mammals are animals.,LOGICAL
1453,Paris is the capital of France.,FACTUAL
1454,AI is the greatest invention.,OPINION
1455,15 + 27 = 42.,NUMERIC
1456,Python is the best language.,OPINION
1457,The Olympics were held in Tokyo in 2021.,TEMPORAL
1458,The Olympics were held in Tokyo in 2021.,TEMPORAL
1459,Water freezes at 0°C.,FACTUAL
1460,If A>B and B>C then A>C.,LOGICAL
1461,AI is the greatest invention.,OPINION
1462,The Earth is 149.6 million km from the Sun.,NUMERIC
1463,Mount Everest is the tallest mountain.,FACTUAL
1464,Paris is the capital of France.,FACTUAL
1465,If A>B and B>C then A>C.,LOGICAL
1466,Every square is a rectangle.,LOGICAL
1467,All mammals are animals.,LOGICAL
1468,Mount Everest is the tallest mountain.,FACTUAL
1469,15 + 27 = 42.,NUMERIC
1470,If A>B and B>C then A>C.,LOGICAL
1471,The company was founded in 2010.,TEMPORAL
1472,Mount Everest is the tallest mountain.,FACTUAL
1473,Paris is the capital of France.,FACTUAL
1474,A triangle has 3 sides.,NUMERIC
1475,This movie is fantastic.,OPINION
1476,India became independent in 1947.,TEMPORAL
1477,Mount Everest is the tallest mountain.,FACTUAL
1478,The company was founded in 2010.,TEMPORAL
1479,Python is the best language.,OPINION
1480,Paris is the capital of France.,FACTUAL
1481,India became independent in 1947.,TEMPORAL
1482,A triangle has 3 sides.,NUMERIC
1483,A triangle has 3 sides.,NUMERIC
1484,All mammals are animals.,LOGICAL
1485,India became independent in 1947.,TEMPORAL
1486,AI is the greatest invention.,OPINION
1487,This movie is fantastic.,OPINION
1488,This movie is fantastic.,OPINION
1489,Every square is a rectangle.,LOGICAL
1490,A triangle has 3 sides.,NUMERIC
1491,Mount Everest is the tallest mountain.,FACTUAL
1492,India became independent in 1947.,TEMPORAL
1493,Water freezes at 0°C.,FACTUAL
1494,15 + 27 = 42.,NUMERIC
1495,The company was founded in 2010.,TEMPORAL
1496,Python is the best language.,OPINION
1497,If A>B and B>C then A>C.,LOGICAL
1498,Mount Everest is the tallest mountain.,FACTUAL
1499,The Olympics were held in Tokyo in 2021.,TEMPORAL
1500,All mammals are animals.,LOGICAL
1501,The company was founded in 2010.,TEMPORAL
1502,If A>B and B>C then A>C.,LOGICAL
1503,A triangle has 3 sides.,NUMERIC
1504,Python is the best language.,OPINION
1505,All mammals are animals.,LOGICAL
1506,This movie is fantastic.,OPINION
1507,A triangle has 3 sides.,NUMERIC
1508,Paris is the capital of France.,FACTUAL
1509,India became independent in 1947.,TEMPORAL
1510,Every square is a rectangle.,LOGICAL
1511,A triangle has 3 sides.,NUMERIC
1512,If A>B and B>C then A>C.,LOGICAL
1513,India became independent in 1947.,TEMPORAL
1514,Paris is the capital of France.,FACTUAL
1515,The Olympics were held in Tokyo in 2021.,TEMPORAL
1516,The Olympics were held in Tokyo in 2021.,TEMPORAL
1517,Paris is the capital of France.,FACTUAL
1518,Paris is the capital of France.,FACTUAL
1519,If A>B and B>C then A>C.,LOGICAL
1520,Python is the best language.,OPINION
1521,This movie is fantastic.,OPINION
1522,Paris is the capital of France.,FACTUAL
1523,Water freezes at 0°C.,FACTUAL
1524,AI is the greatest invention.,OPINION
1525,Python is the best language.,OPINION
1526,The Olympics were held in Tokyo in 2021.,TEMPORAL
1527,Water freezes at 0°C.,FACTUAL
1528,If A>B and B>C then A>C.,LOGICAL
1529,Mount Everest is the tallest mountain.,FACTUAL
1530,AI is the greatest invention.,OPINION
1531,Python is the best language.,OPINION
1532,A triangle has 3 sides.,NUMERIC
1533,All mammals are animals.,LOGICAL
1534,The Earth is 149.6 million km from the Sun.,NUMERIC
1535,The Olympics were held in Tokyo in 2021.,TEMPORAL
1536,All mammals are animals.,LOGICAL
1537,Paris is the capital of France.,FACTUAL
1538,If A>B and B>C then A>C.,LOGICAL
1539,If A>B and B>C then A>C.,LOGICAL
1540,All mammals are animals.,LOGICAL
1541,The Olympics were held in Tokyo in 2021.,TEMPORAL
1542,A triangle has 3 sides.,NUMERIC
1543,Every square is a rectangle.,LOGICAL
1544,AI is the greatest invention.,OPINION
1545,All mammals are animals.,LOGICAL
1546,The Earth is 149.6 million km from the Sun.,NUMERIC
1547,Water freezes at 0°C.,FACTUAL
1548,The company was founded in 2010.,TEMPORAL
1549,If A>B and B>C then A>C.,LOGICAL
1550,If A>B and B>C then A>C.,LOGICAL
1551,Every square is a rectangle.,LOGICAL
1552,AI is the greatest invention.,OPINION
1553,The Olympics were held in Tokyo in 2021.,TEMPORAL
1554,Python is the best language.,OPINION
1555,The Earth is 149.6 million km from the Sun.,NUMERIC
1556,India became independent in 1947.,TEMPORAL
1557,If A>B and B>C then A>C.,LOGICAL
1558,The company was founded in 2010.,TEMPORAL
1559,Every square is a rectangle.,LOGICAL
1560,The Earth is 149.6 million km from the Sun.,NUMERIC
1561,If A>B and B>C then A>C.,LOGICAL
1562,If A>B and B>C then A>C.,LOGICAL
1563,Mount Everest is the tallest mountain.,FACTUAL
1564,A triangle has 3 sides.,NUMERIC
1565,AI is the greatest invention.,OPINION
1566,AI is the greatest invention.,OPINION
1567,Every square is a rectangle.,LOGICAL
1568,The Earth is 149.6 million km from the Sun.,NUMERIC
1569,The company was founded in 2010.,TEMPORAL
1570,Water freezes at 0°C.,FACTUAL
1571,All mammals are animals.,LOGICAL
1572,India became independent in 1947.,TEMPORAL
1573,The company was founded in 2010.,TEMPORAL
1574,A triangle has 3 sides.,NUMERIC
1575,If A>B and B>C then A>C.,LOGICAL
1576,Water freezes at 0°C.,FACTUAL
1577,This movie is fantastic.,OPINION
1578,This movie is fantastic.,OPINION
1579,Python is the best language.,OPINION
1580,Every square is a rectangle.,LOGICAL
1581,Water freezes at 0°C.,FACTUAL
1582,Python is the best language.,OPINION
1583,Paris is the capital of France.,FACTUAL
1584,A triangle has 3 sides.,NUMERIC
1585,India became independent in 1947.,TEMPORAL
1586,AI is the greatest invention.,OPINION
1587,Python is the best language.,OPINION
1588,If A>B and B>C then A>C.,LOGICAL
1589,All mammals are animals.,LOGICAL
1590,Paris is the capital of France.,FACTUAL
1591,India became independent in 1947.,TEMPORAL
1592,Python is the best language.,OPINION
1593,Python is the best language.,OPINION
1594,Python is the best language.,OPINION
1595,AI is the greatest invention.,OPINION
1596,If A>B and B>C then A>C.,LOGICAL
1597,If A>B and B>C then A>C.,LOGICAL
1598,Python is the best language.,OPINION
1599,AI is the greatest invention.,OPINION
1600,India became independent in 1947.,TEMPORAL
1601,All mammals are animals.,LOGICAL
1602,The Olympics were held in Tokyo in 2021.,TEMPORAL
1603,Paris is the capital of France.,FACTUAL
1604,The Earth is 149.6 million km from the Sun.,NUMERIC
1605,The Olympics were held in Tokyo in 2021.,TEMPORAL
1606,All mammals are animals.,LOGICAL
1607,This movie is fantastic.,OPINION
1608,The Olympics were held in Tokyo in 2021.,TEMPORAL
1609,Water freezes at 0°C.,FACTUAL
1610,If A>B and B>C then A>C.,LOGICAL
1611,Water freezes at 0°C.,FACTUAL
1612,Mount Everest is the tallest mountain.,FACTUAL
1613,Paris is the capital of France.,FACTUAL
1614,The company was founded in 2010.,TEMPORAL
1615,Mount Everest is the tallest mountain.,FACTUAL
1616,A triangle has 3 sides.,NUMERIC
1617,A triangle has 3 sides.,NUMERIC
1618,A triangle has 3 sides.,NUMERIC
1619,The Earth is 149.6 million km from the Sun.,NUMERIC
1620,This movie is fantastic.,OPINION
1621,All mammals are animals.,LOGICAL
1622,Every square is a rectangle.,LOGICAL
1623,15 + 27 = 42.,NUMERIC
1624,If A>B and B>C then A>C.,LOGICAL
1625,Mount Everest is the tallest mountain.,FACTUAL
1626,AI is the greatest invention.,OPINION
1627,Every square is a rectangle.,LOGICAL
1628,If A>B and B>C then A>C.,LOGICAL
1629,Mount Everest is the tallest mountain.,FACTUAL
1630,15 + 27 = 42.,NUMERIC
1631,The company was founded in 2010.,TEMPORAL
1632,Mount Everest is the tallest mountain.,FACTUAL
1633,Mount Everest is the tallest mountain.,FACTUAL
1634,The Earth is 149.6 million km from the Sun.,NUMERIC
1635,India became independent in 1947.,TEMPORAL
1636,All mammals are animals.,LOGICAL
1637,The company was founded in 2010.,TEMPORAL
1638,Every square is a rectangle.,LOGICAL
1639,The company was founded in 2010.,TEMPORAL
1640,Every square is a rectangle.,LOGICAL
1641,Every square is a rectangle.,LOGICAL
1642,Water freezes at 0°C.,FACTUAL
1643,The Olympics were held in Tokyo in 2021.,TEMPORAL
1644,AI is the greatest invention.,OPINION
1645,The company was founded in 2010.,TEMPORAL
1646,AI is the greatest invention.,OPINION
1647,The Earth is 149.6 million km from the Sun.,NUMERIC
1648,Paris is the capital of France.,FACTUAL
1649,India became independent in 1947.,TEMPORAL
1650,The Earth is 149.6 million km from the Sun.,NUMERIC
1651,A triangle has 3 sides.,NUMERIC
1652,If A>B and B>C then A>C.,LOGICAL
1653,AI is the greatest invention.,OPINION
1654,This movie is fantastic.,OPINION
1655,All mammals are animals.,LOGICAL
1656,Every square is a rectangle.,LOGICAL
1657,Python is the best language.,OPINION
1658,A triangle has 3 sides.,NUMERIC
1659,The Earth is 149.6 million km from the Sun.,NUMERIC
1660,India became independent in 1947.,TEMPORAL
1661,The Earth is 149.6 million km from the Sun.,NUMERIC
1662,Every square is a rectangle.,LOGICAL
1663,Water freezes at 0°C.,FACTUAL
1664,Water freezes at 0°C.,FACTUAL
1665,15 + 27 = 42.,NUMERIC
1666,Every square is a rectangle.,LOGICAL
1667,Python is the best language.,OPINION
1668,If A>B and B>C then A>C.,LOGICAL
1669,If A>B and B>C then A>C.,LOGICAL
1670,If A>B and B>C then A>C.,LOGICAL
1671,15 + 27 = 42.,NUMERIC
1672,AI is the greatest invention.,OPINION
1673,The Earth is 149.6 million km from the Sun.,NUMERIC
1674,Water freezes at 0°C.,FACTUAL
1675,A triangle has 3 sides.,NUMERIC
1676,India became independent in 1947.,TEMPORAL
1677,Every square is a rectangle.,LOGICAL
1678,Every square is a rectangle.,LOGICAL
1679,AI is the greatest invention.,OPINION
1680,AI is the greatest invention.,OPINION
1681,The company was founded in 2010.,TEMPORAL
1682,The company was founded in 2010.,TEMPORAL
1683,Mount Everest is the tallest mountain.,FACTUAL
1684,Every square is a rectangle.,LOGICAL
1685,The Earth is 149.6 million km from the Sun.,NUMERIC
1686,Mount Everest is the tallest mountain.,FACTUAL
1687,The Earth is 149.6 million km from the Sun.,NUMERIC
1688,Water freezes at 0°C.,FACTUAL
1689,The Olympics were held in Tokyo in 2021.,TEMPORAL
1690,Water freezes at 0°C.,FACTUAL
1691,Paris is the capital of France.,FACTUAL
1692,A triangle has 3 sides.,NUMERIC
1693,Python is the best language.,OPINION
1694,The company was founded in 2010.,TEMPORAL
1695,Python is the best language.,OPINION
1696,All mammals are animals.,LOGICAL
1697,AI is the greatest invention.,OPINION
1698,15 + 27 = 42.,NUMERIC
1699,Mount Everest is the tallest mountain.,FACTUAL
1700,The company was founded in 2010.,TEMPORAL
1701,The company was founded in 2010.,TEMPORAL
1702,AI is the greatest invention.,OPINION
1703,The company was founded in 2010.,TEMPORAL
1704,The Olympics were held in Tokyo in 2021.,TEMPORAL
1705,This movie is fantastic.,OPINION
1706,Python is the best language.,OPINION
1707,Paris is the capital of France.,FACTUAL
1708,All mammals are animals.,LOGICAL
1709,The company was founded in 2010.,TEMPORAL
1710,A triangle has 3 sides.,NUMERIC
1711,15 + 27 = 42.,NUMERIC
1712,A triangle has 3 sides.,NUMERIC
1713,India became independent in 1947.,TEMPORAL
1714,If A>B and B>C then A>C.,LOGICAL
1715,A triangle has 3 sides.,NUMERIC
1716,The company was founded in 2010.,TEMPORAL
1717,If A>B and B>C then A>C.,LOGICAL
1718,All mammals are animals.,LOGICAL
1719,Water freezes at 0°C.,FACTUAL
1720,Python is the best language.,OPINION
1721,The company was founded in 2010.,TEMPORAL
1722,The Olympics were held in Tokyo in 2021.,TEMPORAL
1723,If A>B and B>C then A>C.,LOGICAL
1724,AI is the greatest invention.,OPINION
1725,Mount Everest is the tallest mountain.,FACTUAL
1726,Every square is a rectangle.,LOGICAL
1727,India became independent in 1947.,TEMPORAL
1728,This movie is fantastic.,OPINION
1729,The Earth is 149.6 million km from the Sun.,NUMERIC
1730,The Earth is 149.6 million km from the Sun.,NUMERIC
1731,The Olympics were held in Tokyo in 2021.,TEMPORAL
1732,The Olympics were held in Tokyo in 2021.,TEMPORAL
1733,Python is the best language.,OPINION
1734,A triangle has 3 sides.,NUMERIC
1735,If A>B and B>C then A>C.,LOGICAL
1736,Paris is the capital of France.,FACTUAL
1737,Mount Everest is the tallest mountain.,FACTUAL
1738,All mammals are animals.,LOGICAL
1739,Paris is the capital of France.,FACTUAL
1740,If A>B and B>C then A>C.,LOGICAL
1741,Water freezes at 0°C.,FACTUAL
1742,A triangle has 3 sides.,NUMERIC
1743,A triangle has 3 sides.,NUMERIC
1744,India became independent in 1947.,TEMPORAL
1745,India became independent in 1947.,TEMPORAL
1746,The Olympics were held in Tokyo in 2021.,TEMPORAL
1747,Water freezes at 0°C.,FACTUAL
1748,15 + 27 = 42.,NUMERIC
1749,Every square is a rectangle.,LOGICAL
1750,The company was founded in 2010.,TEMPORAL
1751,The Earth is 149.6 million km from the Sun.,NUMERIC
1752,Mount Everest is the tallest mountain.,FACTUAL
1753,Paris is the capital of France.,FACTUAL
1754,The Earth is 149.6 million km from the Sun.,NUMERIC
1755,Paris is the capital of France.,FACTUAL
1756,AI is the greatest invention.,OPINION
1757,Python is the best language.,OPINION
1758,All mammals are animals.,LOGICAL
1759,Mount Everest is the tallest mountain.,FACTUAL
1760,India became independent in 1947.,TEMPORAL
1761,Every square is a rectangle.,LOGICAL
1762,The Earth is 149.6 million km from the Sun.,NUMERIC
1763,Paris is the capital of France.,FACTUAL
1764,All mammals are animals.,LOGICAL
1765,Paris is the capital of France.,FACTUAL
1766,The Olympics were held in Tokyo in 2021.,TEMPORAL
1767,India became independent in 1947.,TEMPORAL
1768,All mammals are animals.,LOGICAL
1769,15 + 27 = 42.,NUMERIC
1770,Python is the best language.,OPINION
1771,Mount Everest is the tallest mountain.,FACTUAL
1772,The Earth is 149.6 million km from the Sun.,NUMERIC
1773,The company was founded in 2010.,TEMPORAL
1774,A triangle has 3 sides.,NUMERIC
1775,The Earth is 149.6 million km from the Sun.,NUMERIC
1776,Python is the best language.,OPINION
1777,All mammals are animals.,LOGICAL
1778,Paris is the capital of France.,FACTUAL
1779,15 + 27 = 42.,NUMERIC
1780,Python is the best language.,OPINION
1781,If A>B and B>C then A>C.,LOGICAL
1782,If A>B and B>C then A>C.,LOGICAL
1783,15 + 27 = 42.,NUMERIC
1784,The company was founded in 2010.,TEMPORAL
1785,Paris is the capital of France.,FACTUAL
1786,Python is the best language.,OPINION
1787,Python is the best language.,OPINION
1788,This movie is fantastic.,OPINION
1789,Mount Everest is the tallest mountain.,FACTUAL
1790,India became independent in 1947.,TEMPORAL
1791,Python is the best language.,OPINION
1792,AI is the greatest invention.,OPINION
1793,If A>B and B>C then A>C.,LOGICAL
1794,Paris is the capital of France.,FACTUAL
1795,If A>B and B>C then A>C.,LOGICAL
1796,Paris is the capital of France.,FACTUAL
1797,Every square is a rectangle.,LOGICAL
1798,AI is the greatest invention.,OPINION
1799,AI is the greatest invention.,OPINION
1800,The Olympics were held in Tokyo in 2021.,TEMPORAL
1801,The Earth is 149.6 million km from the Sun.,NUMERIC
1802,This movie is fantastic.,OPINION
1803,The company was founded in 2010.,TEMPORAL
1804,The Earth is 149.6 million km from the Sun.,NUMERIC
1805,Paris is the capital of France.,FACTUAL
1806,AI is the greatest invention.,OPINION
1807,Water freezes at 0°C.,FACTUAL
1808,15 + 27 = 42.,NUMERIC
1809,Water freezes at 0°C.,FACTUAL
1810,This movie is fantastic.,OPINION
1811,This movie is fantastic.,OPINION
1812,Every square is a rectangle.,LOGICAL
1813,All mammals are animals.,LOGICAL
1814,Python is the best language.,OPINION
1815,AI is the greatest invention.,OPINION
1816,India became independent in 1947.,TEMPORAL
1817,India became independent in 1947.,TEMPORAL
1818,AI is the greatest invention.,OPINION
1819,A triangle has 3 sides.,NUMERIC
1820,The Olympics were held in Tokyo in 2021.,TEMPORAL
1821,Python is the best language.,OPINION
1822,Water freezes at 0°C.,FACTUAL
1823,Every square is a rectangle.,LOGICAL
1824,15 + 27 = 42.,NUMERIC
1825,15 + 27 = 42.,NUMERIC
1826,All mammals are animals.,LOGICAL
1827,Every square is a rectangle.,LOGICAL
1828,AI is the greatest invention.,OPINION
1829,The company was founded in 2010.,TEMPORAL
1830,15 + 27 = 42.,NUMERIC
1831,Mount Everest is the tallest mountain.,FACTUAL
1832,A triangle has 3 sides.,NUMERIC
1833,Paris is the capital of France.,FACTUAL
1834,If A>B and B>C then A>C.,LOGICAL
1835,Python is the best language.,OPINION
1836,India became independent in 1947.,TEMPORAL
1837,India became independent in 1947.,TEMPORAL
1838,The company was founded in 2010.,TEMPORAL
1839,Paris is the capital of France.,FACTUAL
1840,The Olympics were held in Tokyo in 2021.,TEMPORAL
1841,The company was founded in 2010.,TEMPORAL
1842,Water freezes at 0°C.,FACTUAL
1843,Python is the best language.,OPINION
1844,Water freezes at 0°C.,FACTUAL
1845,Every square is a rectangle.,LOGICAL
1846,India became independent in 1947.,TEMPORAL
1847,Every square is a rectangle.,LOGICAL
1848,The Earth is 149.6 million km from the Sun.,NUMERIC
1849,The Earth is 149.6 million km from the Sun.,NUMERIC
1850,Mount Everest is the tallest mountain.,FACTUAL
1851,Paris is the capital of France.,FACTUAL
1852,AI is the greatest invention.,OPINION
1853,Paris is the capital of France.,FACTUAL
1854,15 + 27 = 42.,NUMERIC
1855,If A>B and B>C then A>C.,LOGICAL
1856,All mammals are animals.,LOGICAL
1857,15 + 27 = 42.,NUMERIC
1858,Python is the best language.,OPINION
1859,All mammals are animals.,LOGICAL
1860,India became independent in 1947.,TEMPORAL
1861,Every square is a rectangle.,LOGICAL
1862,The Olympics were held in Tokyo in 2021.,TEMPORAL
1863,Mount Everest is the tallest mountain.,FACTUAL
1864,India became independent in 1947.,TEMPORAL
1865,Python is the best language.,OPINION
1866,Paris is the capital of France.,FACTUAL
1867,A triangle has 3 sides.,NUMERIC
1868,Water freezes at 0°C.,FACTUAL
1869,Water freezes at 0°C.,FACTUAL
1870,The Olympics were held in Tokyo in 2021.,TEMPORAL
1871,India became independent in 1947.,TEMPORAL
1872,This movie is fantastic.,OPINION
1873,Water freezes at 0°C.,FACTUAL
1874,The Earth is 149.6 million km from the Sun.,NUMERIC
1875,This movie is fantastic.,OPINION
1876,AI is the greatest invention.,OPINION
1877,If A>B and B>C then A>C.,LOGICAL
1878,This movie is fantastic.,OPINION
1879,A triangle has 3 sides.,NUMERIC
1880,AI is the greatest invention.,OPINION
1881,15 + 27 = 42.,NUMERIC
1882,All mammals are animals.,LOGICAL
1883,A triangle has 3 sides.,NUMERIC
1884,The company was founded in 2010.,TEMPORAL
1885,Water freezes at 0°C.,FACTUAL
1886,Mount Everest is the tallest mountain.,FACTUAL
1887,Every square is a rectangle.,LOGICAL
1888,India became independent in 1947.,TEMPORAL
1889,A triangle has 3 sides.,NUMERIC
1890,The Earth is 149.6 million km from the Sun.,NUMERIC
1891,All mammals are animals.,LOGICAL
1892,A triangle has 3 sides.,NUMERIC
1893,India became independent in 1947.,TEMPORAL
1894,Paris is the capital of France.,FACTUAL
1895,This movie is fantastic.,OPINION
1896,The Olympics were held in Tokyo in 2021.,TEMPORAL
1897,Mount Everest is the tallest mountain.,FACTUAL
1898,Mount Everest is the tallest mountain.,FACTUAL
1899,A triangle has 3 sides.,NUMERIC
1900,All mammals are animals.,LOGICAL
1901,Python is the best language.,OPINION
1902,Water freezes at 0°C.,FACTUAL
1903,15 + 27 = 42.,NUMERIC
1904,The Olympics were held in Tokyo in 2021.,TEMPORAL
1905,The Olympics were held in Tokyo in 2021.,TEMPORAL
1906,The Olympics were held in Tokyo in 2021.,TEMPORAL
1907,If A>B and B>C then A>C.,LOGICAL
1908,15 + 27 = 42.,NUMERIC
1909,15 + 27 = 42.,NUMERIC
1910,AI is the greatest invention.,OPINION
1911,15 + 27 = 42.,NUMERIC
1912,The Earth is 149.6 million km from the Sun.,NUMERIC
1913,If A>B and B>C then A>C.,LOGICAL
1914,All mammals are animals.,LOGICAL
1915,This movie is fantastic.,OPINION
1916,The Earth is 149.6 million km from the Sun.,NUMERIC
1917,The Olympics were held in Tokyo in 2021.,TEMPORAL
1918,India became independent in 1947.,TEMPORAL
1919,Paris is the capital of France.,FACTUAL
1920,The company was founded in 2010.,TEMPORAL
1921,AI is the greatest invention.,OPINION
1922,The Earth is 149.6 million km from the Sun.,NUMERIC
1923,15 + 27 = 42.,NUMERIC
1924,The Earth is 149.6 million km from the Sun.,NUMERIC
1925,Every square is a rectangle.,LOGICAL
1926,Mount Everest is the tallest mountain.,FACTUAL
1927,The Olympics were held in Tokyo in 2021.,TEMPORAL
1928,15 + 27 = 42.,NUMERIC
1929,If A>B and B>C then A>C.,LOGICAL
1930,Python is the best language.,OPINION
1931,AI is the greatest invention.,OPINION
1932,Water freezes at 0°C.,FACTUAL
1933,Paris is the capital of France.,FACTUAL
1934,Paris is the capital of France.,FACTUAL
1935,Paris is the capital of France.,FACTUAL
1936,15 + 27 = 42.,NUMERIC
1937,If A>B and B>C then A>C.,LOGICAL
1938,Mount Everest is the tallest mountain.,FACTUAL
1939,This movie is fantastic.,OPINION
1940,Paris is the capital of France.,FACTUAL
1941,Paris is the capital of France.,FACTUAL
1942,All mammals are animals.,LOGICAL
1943,Water freezes at 0°C.,FACTUAL
1944,Paris is the capital of France.,FACTUAL
1945,All mammals are animals.,LOGICAL
1946,A triangle has 3 sides.,NUMERIC
1947,Every square is a rectangle.,LOGICAL
1948,If A>B and B>C then A>C.,LOGICAL
1949,Water freezes at 0°C.,FACTUAL
1950,All mammals are animals.,LOGICAL
1951,India became independent in 1947.,TEMPORAL
1952,The Earth is 149.6 million km from the Sun.,NUMERIC
1953,The Olympics were held in Tokyo in 2021.,TEMPORAL
1954,15 + 27 = 42.,NUMERIC
1955,Python is the best language.,OPINION
1956,AI is the greatest invention.,OPINION
1957,The Olympics were held in Tokyo in 2021.,TEMPORAL
1958,Every square is a rectangle.,LOGICAL
1959,All mammals are animals.,LOGICAL
1960,Water freezes at 0°C.,FACTUAL
1961,All mammals are animals.,LOGICAL
1962,All mammals are animals.,LOGICAL
1963,AI is the greatest invention.,OPINION
1964,AI is the greatest invention.,OPINION
1965,Every square is a rectangle.,LOGICAL
1966,The Olympics were held in Tokyo in 2021.,TEMPORAL
1967,This movie is fantastic.,OPINION
1968,The company was founded in 2010.,TEMPORAL
1969,This movie is fantastic.,OPINION
1970,If A>B and B>C then A>C.,LOGICAL
1971,15 + 27 = 42.,NUMERIC
1972,The company was founded in 2010.,TEMPORAL
1973,15 + 27 = 42.,NUMERIC
1974,India became independent in 1947.,TEMPORAL
1975,Every square is a rectangle.,LOGICAL
1976,The company was founded in 2010.,TEMPORAL
1977,15 + 27 = 42.,NUMERIC
1978,Paris is the capital of France.,FACTUAL
1979,The Earth is 149.6 million km from the Sun.,NUMERIC
1980,Python is the best language.,OPINION
1981,Paris is the capital of France.,FACTUAL
1982,This movie is fantastic.,OPINION
1983,India became independent in 1947.,TEMPORAL
1984,15 + 27 = 42.,NUMERIC
1985,This movie is fantastic.,OPINION
1986,The company was founded in 2010.,TEMPORAL
1987,Mount Everest is the tallest mountain.,FACTUAL
1988,The company was founded in 2010.,TEMPORAL
1989,AI is the greatest invention.,OPINION
1990,AI is the greatest invention.,OPINION
1991,Every square is a rectangle.,LOGICAL
1992,India became independent in 1947.,TEMPORAL
1993,All mammals are animals.,LOGICAL
1994,Paris is the capital of France.,FACTUAL
1995,A triangle has 3 sides.,NUMERIC
1996,15 + 27 = 42.,NUMERIC
1997,This movie is fantastic.,OPINION
1998,Water freezes at 0°C.,FACTUAL
1999,AI is the greatest invention.,OPINION
2000,The Earth is 149.6 million km from the Sun.,NUMERIC
2001,The Earth is 149.6 million km from the Sun.,NUMERIC
2002,Paris is the capital of France.,FACTUAL
2003,A triangle has 3 sides.,NUMERIC
2004,15 + 27 = 42.,NUMERIC
2005,This movie is fantastic.,OPINION
2006,Water freezes at 0°C.,FACTUAL
2007,Every square is a rectangle.,LOGICAL
2008,Water freezes at 0°C.,FACTUAL
2009,The Olympics were held in Tokyo in 2021.,TEMPORAL
2010,15 + 27 = 42.,NUMERIC
2011,Every square is a rectangle.,LOGICAL
2012,Every square is a rectangle.,LOGICAL
2013,India became independent in 1947.,TEMPORAL
2014,Python is the best language.,OPINION
2015,This movie is fantastic.,OPINION
2016,A triangle has 3 sides.,NUMERIC
2017,AI is the greatest invention.,OPINION
2018,If A>B and B>C then A>C.,LOGICAL
2019,India became independent in 1947.,TEMPORAL
2020,A triangle has 3 sides.,NUMERIC
2021,Mount Everest is the tallest mountain.,FACTUAL
2022,This movie is fantastic.,OPINION
2023,AI is the greatest invention.,OPINION
2024,A triangle has 3 sides.,NUMERIC
2025,The company was founded in 2010.,TEMPORAL
2026,A triangle has 3 sides.,NUMERIC
2027,AI is the greatest invention.,OPINION
2028,All mammals are animals.,LOGICAL
2029,The company was founded in 2010.,TEMPORAL
2030,Paris is the capital of France.,FACTUAL
2031,The Olympics were held in Tokyo in 2021.,TEMPORAL
2032,A triangle has 3 sides.,NUMERIC
2033,Mount Everest is the tallest mountain.,FACTUAL
2034,The Olympics were held in Tokyo in 2021.,TEMPORAL
2035,Water freezes at 0°C.,FACTUAL
2036,15 + 27 = 42.,NUMERIC
2037,Water freezes at 0°C.,FACTUAL
2038,India became independent in 1947.,TEMPORAL
2039,Paris is the capital of France.,FACTUAL
2040,If A>B and B>C then A>C.,LOGICAL
2041,All mammals are animals.,LOGICAL
2042,If A>B and B>C then A>C.,LOGICAL
2043,If A>B and B>C then A>C.,LOGICAL
2044,This movie is fantastic.,OPINION
2045,Water freezes at 0°C.,FACTUAL
2046,Python is the best language.,OPINION
2047,15 + 27 = 42.,NUMERIC
2048,All mammals are animals.,LOGICAL
2049,Water freezes at 0°C.,FACTUAL
2050,Water freezes at 0°C.,FACTUAL
2051,India became independent in 1947.,TEMPORAL
2052,Water freezes at 0°C.,FACTUAL
2053,The Earth is 149.6 million km from the Sun.,NUMERIC
2054,A triangle has 3 sides.,NUMERIC
2055,Mount Everest is the tallest mountain.,FACTUAL
2056,Water freezes at 0°C.,FACTUAL
2057,Python is the best language.,OPINION
2058,Every square is a rectangle.,LOGICAL
2059,Water freezes at 0°C.,FACTUAL
2060,A triangle has 3 sides.,NUMERIC
2061,All mammals are animals.,LOGICAL
2062,Paris is the capital of France.,FACTUAL
2063,India became independent in 1947.,TEMPORAL
2064,The Earth is 149.6 million km from the Sun.,NUMERIC
2065,Python is the best language.,OPINION
2066,This movie is fantastic.,OPINION
2067,The Olympics were held in Tokyo in 2021.,TEMPORAL
2068,15 + 27 = 42.,NUMERIC
2069,Water freezes at 0°C.,FACTUAL
2070,Python is the best language.,OPINION
2071,All mammals are animals.,LOGICAL
2072,Water freezes at 0°C.,FACTUAL
2073,Water freezes at 0°C.,FACTUAL
2074,Water freezes at 0°C.,FACTUAL
2075,This movie is fantastic.,OPINION
2076,15 + 27 = 42.,NUMERIC
2077,Paris is the capital of France.,FACTUAL
2078,A triangle has 3 sides.,NUMERIC
2079,India became independent in 1947.,TEMPORAL
2080,All mammals are animals.,LOGICAL
2081,The Olympics were held in Tokyo in 2021.,TEMPORAL
2082,If A>B and B>C then A>C.,LOGICAL
2083,India became independent in 1947.,TEMPORAL
2084,This movie is fantastic.,OPINION
2085,The Earth is 149.6 million km from the Sun.,NUMERIC
2086,If A>B and B>C then A>C.,LOGICAL
2087,The Earth is 149.6 million km from the Sun.,NUMERIC
2088,Water freezes at 0°C.,FACTUAL
2089,If A>B and B>C then A>C.,LOGICAL
2090,India became independent in 1947.,TEMPORAL
2091,The company was founded in 2010.,TEMPORAL
2092,Paris is the capital of France.,FACTUAL
2093,Paris is the capital of France.,FACTUAL
2094,The company was founded in 2010.,TEMPORAL
2095,Every square is a rectangle.,LOGICAL
2096,A triangle has 3 sides.,NUMERIC
2097,Water freezes at 0°C.,FACTUAL
2098,This movie is fantastic.,OPINION
2099,Python is the best language.,OPINION
2100,Every square is a rectangle.,LOGICAL
2101,The Earth is 149.6 million km from the Sun.,NUMERIC
2102,India became independent in 1947.,TEMPORAL
2103,Every square is a rectangle.,LOGICAL
2104,Mount Everest is the tallest mountain.,FACTUAL
2105,Python is the best language.,OPINION
2106,Python is the best language.,OPINION
2107,AI is the greatest invention.,OPINION
2108,Water freezes at 0°C.,FACTUAL
2109,15 + 27 = 42.,NUMERIC
2110,15 + 27 = 42.,NUMERIC
2111,15 + 27 = 42.,NUMERIC
2112,All mammals are animals.,LOGICAL
2113,All mammals are animals.,LOGICAL
2114,A triangle has 3 sides.,NUMERIC
2115,The Olympics were held in Tokyo in 2021.,TEMPORAL
2116,Paris is the capital of France.,FACTUAL
2117,Every square is a rectangle.,LOGICAL
2118,Every square is a rectangle.,LOGICAL
2119,The Olympics were held in Tokyo in 2021.,TEMPORAL
2120,This movie is fantastic.,OPINION
2121,Mount Everest is the tallest mountain.,FACTUAL
2122,Python is the best language.,OPINION
2123,This movie is fantastic.,OPINION
2124,Water freezes at 0°C.,FACTUAL
2125,15 + 27 = 42.,NUMERIC
2126,Python is the best language.,OPINION
2127,AI is the greatest invention.,OPINION
2128,Mount Everest is the tallest mountain.,FACTUAL
2129,Water freezes at 0°C.,FACTUAL
2130,This movie is fantastic.,OPINION
2131,If A>B and B>C then A>C.,LOGICAL
2132,Every square is a rectangle.,LOGICAL
2133,Every square is a rectangle.,LOGICAL
2134,This movie is fantastic.,OPINION
2135,Paris is the capital of France.,FACTUAL
2136,The Olympics were held in Tokyo in 2021.,TEMPORAL
2137,A triangle has 3 sides.,NUMERIC
2138,Python is the best language.,OPINION
2139,All mammals are animals.,LOGICAL
2140,If A>B and B>C then A>C.,LOGICAL
2141,15 + 27 = 42.,NUMERIC
2142,If A>B and B>C then A>C.,LOGICAL
2143,India became independent in 1947.,TEMPORAL
2144,The Olympics were held in Tokyo in 2021.,TEMPORAL
2145,The Olympics were held in Tokyo in 2021.,TEMPORAL
2146,Every square is a rectangle.,LOGICAL
2147,Paris is the capital of France.,FACTUAL
2148,The Earth is 149.6 million km from the Sun.,NUMERIC
2149,If A>B and B>C then A>C.,LOGICAL
2150,The company was founded in 2010.,TEMPORAL
2151,Every square is a rectangle.,LOGICAL
2152,Paris is the capital of France.,FACTUAL
2153,All mammals are animals.,LOGICAL
2154,Every square is a rectangle.,LOGICAL
2155,Every square is a rectangle.,LOGICAL
2156,India became independent in 1947.,TEMPORAL
2157,AI is the greatest invention.,OPINION
2158,Water freezes at 0°C.,FACTUAL
2159,This movie is fantastic.,OPINION
2160,A triangle has 3 sides.,NUMERIC
2161,AI is the greatest invention.,OPINION
2162,15 + 27 = 42.,NUMERIC
2163,15 + 27 = 42.,NUMERIC
2164,15 + 27 = 42.,NUMERIC
2165,All mammals are animals.,LOGICAL
2166,The company was founded in 2010.,TEMPORAL
2167,The Earth is 149.6 million km from the Sun.,NUMERIC
2168,The Olympics were held in Tokyo in 2021.,TEMPORAL
2169,This movie is fantastic.,OPINION
2170,Mount Everest is the tallest mountain.,FACTUAL
2171,Paris is the capital of France.,FACTUAL
2172,The Olympics were held in Tokyo in 2021.,TEMPORAL
2173,This movie is fantastic.,OPINION
2174,The Earth is 149.6 million km from the Sun.,NUMERIC
2175,Python is the best language.,OPINION
2176,The Olympics were held in Tokyo in 2021.,TEMPORAL
2177,The Earth is 149.6 million km from the Sun.,NUMERIC
2178,Water freezes at 0°C.,FACTUAL
2179,Water freezes at 0°C.,FACTUAL
2180,Paris is the capital of France.,FACTUAL
2181,AI is the greatest invention.,OPINION
2182,A triangle has 3 sides.,NUMERIC
2183,A triangle has 3 sides.,NUMERIC
2184,The Earth is 149.6 million km from the Sun.,NUMERIC
2185,Every square is a rectangle.,LOGICAL
2186,Mount Everest is the tallest mountain.,FACTUAL
2187,Water freezes at 0°C.,FACTUAL
2188,A triangle has 3 sides.,NUMERIC
2189,A triangle has 3 sides.,NUMERIC
2190,Paris is the capital of France.,FACTUAL
2191,The company was founded in 2010.,TEMPORAL
2192,The company was founded in 2010.,TEMPORAL
2193,The Olympics were held in Tokyo in 2021.,TEMPORAL
2194,If A>B and B>C then A>C.,LOGICAL
2195,If A>B and B>C then A>C.,LOGICAL
2196,The Earth is 149.6 million km from the Sun.,NUMERIC
2197,The company was founded in 2010.,TEMPORAL
2198,Python is the best language.,OPINION
2199,Every square is a rectangle.,LOGICAL
2200,Paris is the capital of France.,FACTUAL
2201,Python is the best language.,OPINION
2202,The company was founded in 2010.,TEMPORAL
2203,Python is the best language.,OPINION
2204,The Olympics were held in Tokyo in 2021.,TEMPORAL
2205,Water freezes at 0°C.,FACTUAL
2206,Water freezes at 0°C.,FACTUAL
2207,The company was founded in 2010.,TEMPORAL
2208,The Olympics were held in Tokyo in 2021.,TEMPORAL
2209,The company was founded in 2010.,TEMPORAL
2210,India became independent in 1947.,TEMPORAL
2211,A triangle has 3 sides.,NUMERIC
2212,15 + 27 = 42.,NUMERIC
2213,This movie is fantastic.,OPINION
2214,The company was founded in 2010.,TEMPORAL
2215,A triangle has 3 sides.,NUMERIC
2216,Mount Everest is the tallest mountain.,FACTUAL
2217,If A>B and B>C then A>C.,LOGICAL
2218,The Olympics were held in Tokyo in 2021.,TEMPORAL
2219,If A>B and B>C then A>C.,LOGICAL
2220,Mount Everest is the tallest mountain.,FACTUAL
2221,AI is the greatest invention.,OPINION
2222,The company was founded in 2010.,TEMPORAL
2223,A triangle has 3 sides.,NUMERIC
2224,Python is the best language.,OPINION
2225,Every square is a rectangle.,LOGICAL
2226,The company was founded in 2010.,TEMPORAL
2227,India became independent in 1947.,TEMPORAL
2228,AI is the greatest invention.,OPINION
2229,India became independent in 1947.,TEMPORAL
2230,All mammals are animals.,LOGICAL
2231,The company was founded in 2010.,TEMPORAL
2232,AI is the greatest invention.,OPINION
2233,The company was founded in 2010.,TEMPORAL
2234,Paris is the capital of France.,FACTUAL
2235,India became independent in 1947.,TEMPORAL
2236,The Olympics were held in Tokyo in 2021.,TEMPORAL
2237,The Olympics were held in Tokyo in 2021.,TEMPORAL
2238,The company was founded in 2010.,TEMPORAL
2239,The Olympics were held in Tokyo in 2021.,TEMPORAL
2240,Water freezes at 0°C.,FACTUAL
2241,Mount Everest is the tallest mountain.,FACTUAL
2242,Python is the best language.,OPINION
2243,AI is the greatest invention.,OPINION
2244,All mammals are animals.,LOGICAL
2245,AI is the greatest invention.,OPINION
2246,Every square is a rectangle.,LOGICAL
2247,The Olympics were held in Tokyo in 2021.,TEMPORAL
2248,Paris is the capital of France.,FACTUAL
2249,15 + 27 = 42.,NUMERIC
2250,The Olympics were held in Tokyo in 2021.,TEMPORAL
2251,This movie is fantastic.,OPINION
2252,The Earth is 149.6 million km from the Sun.,NUMERIC
2253,15 + 27 = 42.,NUMERIC
2254,If A>B and B>C then A>C.,LOGICAL
2255,The Earth is 149.6 million km from the Sun.,NUMERIC
2256,Paris is the capital of France.,FACTUAL
2257,If A>B and B>C then A>C.,LOGICAL
2258,15 + 27 = 42.,NUMERIC
2259,AI is the greatest invention.,OPINION
2260,All mammals are animals.,LOGICAL
2261,A triangle has 3 sides.,NUMERIC
2262,Every square is a rectangle.,LOGICAL
2263,If A>B and B>C then A>C.,LOGICAL
2264,If A>B and B>C then A>C.,LOGICAL
2265,All mammals are animals.,LOGICAL
2266,Mount Everest is the tallest mountain.,FACTUAL
2267,A triangle has 3 sides.,NUMERIC
2268,India became independent in 1947.,TEMPORAL
2269,The company was founded in 2010.,TEMPORAL
2270,15 + 27 = 42.,NUMERIC
2271,Mount Everest is the tallest mountain.,FACTUAL
2272,15 + 27 = 42.,NUMERIC
2273,The Olympics were held in Tokyo in 2021.,TEMPORAL
2274,15 + 27 = 42.,NUMERIC
2275,Every square is a rectangle.,LOGICAL
2276,This movie is fantastic.,OPINION
2277,15 + 27 = 42.,NUMERIC
2278,Water freezes at 0°C.,FACTUAL
2279,The Olympics were held in Tokyo in 2021.,TEMPORAL
2280,Python is the best language.,OPINION
2281,This movie is fantastic.,OPINION
2282,Every square is a rectangle.,LOGICAL
2283,The Earth is 149.6 million km from the Sun.,NUMERIC
2284,If A>B and B>C then A>C.,LOGICAL
2285,15 + 27 = 42.,NUMERIC
2286,All mammals are animals.,LOGICAL
2287,15 + 27 = 42.,NUMERIC
2288,15 + 27 = 42.,NUMERIC
2289,Mount Everest is the tallest mountain.,FACTUAL
2290,AI is the greatest invention.,OPINION
2291,Water freezes at 0°C.,FACTUAL
2292,Water freezes at 0°C.,FACTUAL
2293,The company was founded in 2010.,TEMPORAL
2294,AI is the greatest invention.,OPINION
2295,AI is the greatest invention.,OPINION
2296,Mount Everest is the tallest mountain.,FACTUAL
2297,Paris is the capital of France.,FACTUAL
2298,Water freezes at 0°C.,FACTUAL
2299,If A>B and B>C then A>C.,LOGICAL
2300,Mount Everest is the tallest mountain.,FACTUAL
2301,The Olympics were held in Tokyo in 2021.,TEMPORAL
2302,15 + 27 = 42.,NUMERIC
2303,Water freezes at 0°C.,FACTUAL
2304,Every square is a rectangle.,LOGICAL
2305,Mount Everest is the tallest mountain.,FACTUAL
2306,This movie is fantastic.,OPINION
2307,Python is the best language.,OPINION
2308,The Earth is 149.6 million km from the Sun.,NUMERIC
2309,Mount Everest is the tallest mountain.,FACTUAL
2310,AI is the greatest invention.,OPINION
2311,India became independent in 1947.,TEMPORAL
2312,Water freezes at 0°C.,FACTUAL
2313,A triangle has 3 sides.,NUMERIC
2314,The Earth is 149.6 million km from the Sun.,NUMERIC
2315,AI is the greatest invention.,OPINION
2316,The company was founded in 2010.,TEMPORAL
2317,If A>B and B>C then A>C.,LOGICAL
2318,15 + 27 = 42.,NUMERIC
2319,This movie is fantastic.,OPINION
2320,A triangle has 3 sides.,NUMERIC
2321,If A>B and B>C then A>C.,LOGICAL
2322,15 + 27 = 42.,NUMERIC
2323,Mount Everest is the tallest mountain.,FACTUAL
2324,Paris is the capital of France.,FACTUAL
2325,Python is the best language.,OPINION
2326,All mammals are animals.,LOGICAL
2327,Mount Everest is the tallest mountain.,FACTUAL
2328,Mount Everest is the tallest mountain.,FACTUAL
2329,Water freezes at 0°C.,FACTUAL
2330,The Earth is 149.6 million km from the Sun.,NUMERIC
2331,The Olympics were held in Tokyo in 2021.,TEMPORAL
2332,All mammals are animals.,LOGICAL
2333,Paris is the capital of France.,FACTUAL
2334,Water freezes at 0°C.,FACTUAL
2335,The company was founded in 2010.,TEMPORAL
2336,The Olympics were held in Tokyo in 2021.,TEMPORAL
2337,Paris is the capital of France.,FACTUAL
2338,Paris is the capital of France.,FACTUAL
2339,A triangle has 3 sides.,NUMERIC
2340,The Earth is 149.6 million km from the Sun.,NUMERIC
2341,The Olympics were held in Tokyo in 2021.,TEMPORAL
2342,This movie is fantastic.,OPINION
2343,Water freezes at 0°C.,FACTUAL
2344,India became independent in 1947.,TEMPORAL
2345,Water freezes at 0°C.,FACTUAL
2346,If A>B and B>C then A>C.,LOGICAL
2347,The Olympics were held in Tokyo in 2021.,TEMPORAL
2348,If A>B and B>C then A>C.,LOGICAL
2349,15 + 27 = 42.,NUMERIC
2350,A triangle has 3 sides.,NUMERIC
2351,Paris is the capital of France.,FACTUAL
2352,Water freezes at 0°C.,FACTUAL
2353,This movie is fantastic.,OPINION
2354,Python is the best language.,OPINION
2355,All mammals are animals.,LOGICAL
2356,This movie is fantastic.,OPINION
2357,The company was founded in 2010.,TEMPORAL
2358,Mount Everest is the tallest mountain.,FACTUAL
2359,The Earth is 149.6 million km from the Sun.,NUMERIC
2360,All mammals are animals.,LOGICAL
2361,If A>B and B>C then A>C.,LOGICAL
2362,Paris is the capital of France.,FACTUAL
2363,The company was founded in 2010.,TEMPORAL
2364,India became independent in 1947.,TEMPORAL
2365,Python is the best language.,OPINION
2366,Python is the best language.,OPINION
2367,AI is the greatest invention.,OPINION
2368,The company was founded in 2010.,TEMPORAL
2369,Python is the best language.,OPINION
2370,AI is the greatest invention.,OPINION
2371,Every square is a rectangle.,LOGICAL
2372,The Earth is 149.6 million km from the Sun.,NUMERIC
2373,The company was founded in 2010.,TEMPORAL
2374,All mammals are animals.,LOGICAL
2375,Python is the best language.,OPINION
2376,Paris is the capital of France.,FACTUAL
2377,A triangle has 3 sides.,NUMERIC
2378,If A>B and B>C then A>C.,LOGICAL
2379,15 + 27 = 42.,NUMERIC
2380,If A>B and B>C then A>C.,LOGICAL
2381,The Earth is 149.6 million km from the Sun.,NUMERIC
2382,India became independent in 1947.,TEMPORAL
2383,AI is the greatest invention.,OPINION
2384,Python is the best language.,OPINION
2385,If A>B and B>C then A>C.,LOGICAL
2386,15 + 27 = 42.,NUMERIC
2387,If A>B and B>C then A>C.,LOGICAL
2388,This movie is fantastic.,OPINION
2389,Water freezes at 0°C.,FACTUAL
2390,If A>B and B>C then A>C.,LOGICAL
2391,Water freezes at 0°C.,FACTUAL
2392,Paris is the capital of France.,FACTUAL
2393,If A>B and B>C then A>C.,LOGICAL
2394,Mount Everest is the tallest mountain.,FACTUAL
2395,AI is the greatest invention.,OPINION
2396,Mount Everest is the tallest mountain.,FACTUAL
2397,Python is the best language.,OPINION
2398,The company was founded in 2010.,TEMPORAL
2399,AI is the greatest invention.,OPINION
2400,If A>B and B>C then A>C.,LOGICAL
2401,India became independent in 1947.,TEMPORAL
2402,The Earth is 149.6 million km from the Sun.,NUMERIC
2403,The company was founded in 2010.,TEMPORAL
2404,Python is the best language.,OPINION
2405,Every square is a rectangle.,LOGICAL
2406,The company was founded in 2010.,TEMPORAL
2407,All mammals are animals.,LOGICAL
2408,Mount Everest is the tallest mountain.,FACTUAL
2409,15 + 27 = 42.,NUMERIC
2410,The Olympics were held in Tokyo in 2021.,TEMPORAL
2411,The company was founded in 2010.,TEMPORAL
2412,This movie is fantastic.,OPINION
2413,Paris is the capital of France.,FACTUAL
2414,The Earth is 149.6 million km from the Sun.,NUMERIC
2415,A triangle has 3 sides.,NUMERIC
2416,All mammals are animals.,LOGICAL
2417,The company was founded in 2010.,TEMPORAL
2418,15 + 27 = 42.,NUMERIC
2419,Water freezes at 0°C.,FACTUAL
2420,The Earth is 149.6 million km from the Sun.,NUMERIC
2421,A triangle has 3 sides.,NUMERIC
2422,India became independent in 1947.,TEMPORAL
2423,All mammals are animals.,LOGICAL
2424,AI is the greatest invention.,OPINION
2425,If A>B and B>C then A>C.,LOGICAL
2426,Python is the best language.,OPINION
2427,The Earth is 149.6 million km from the Sun.,NUMERIC
2428,Mount Everest is the tallest mountain.,FACTUAL
2429,Mount Everest is the tallest mountain.,FACTUAL
2430,Every square is a rectangle.,LOGICAL
2431,Every square is a rectangle.,LOGICAL
2432,A triangle has 3 sides.,NUMERIC
2433,AI is the greatest invention.,OPINION
2434,15 + 27 = 42.,NUMERIC
2435,Every square is a rectangle.,LOGICAL
2436,Python is the best language.,OPINION
2437,The company was founded in 2010.,TEMPORAL
2438,If A>B and B>C then A>C.,LOGICAL
2439,Python is the best language.,OPINION
2440,The Earth is 149.6 million km from the Sun.,NUMERIC
2441,If A>B and B>C then A>C.,LOGICAL
2442,The Olympics were held in Tokyo in 2021.,TEMPORAL
2443,15 + 27 = 42.,NUMERIC
2444,Every square is a rectangle.,LOGICAL
2445,This movie is fantastic.,OPINION
2446,This movie is fantastic.,OPINION
2447,Python is the best language.,OPINION
2448,15 + 27 = 42.,NUMERIC
2449,A triangle has 3 sides.,NUMERIC
2450,The company was founded in 2010.,TEMPORAL
2451,The company was founded in 2010.,TEMPORAL
2452,A triangle has 3 sides.,NUMERIC
2453,A triangle has 3 sides.,NUMERIC
2454,Python is the best language.,OPINION
2455,The company was founded in 2010.,TEMPORAL
2456,Water freezes at 0°C.,FACTUAL
2457,This movie is fantastic.,OPINION
2458,Python is the best language.,OPINION
2459,Every square is a rectangle.,LOGICAL
2460,This movie is fantastic.,OPINION
2461,All mammals are animals.,LOGICAL
2462,AI is the greatest invention.,OPINION
2463,Water freezes at 0°C.,FACTUAL
2464,15 + 27 = 42.,NUMERIC
2465,Paris is the capital of France.,FACTUAL
2466,India became independent in 1947.,TEMPORAL
2467,The company was founded in 2010.,TEMPORAL
2468,India became independent in 1947.,TEMPORAL
2469,Mount Everest is the tallest mountain.,FACTUAL
2470,India became independent in 1947.,TEMPORAL
2471,AI is the greatest invention.,OPINION
2472,The Olympics were held in Tokyo in 2021.,TEMPORAL
2473,Mount Everest is the tallest mountain.,FACTUAL
2474,AI is the greatest invention.,OPINION
2475,This movie is fantastic.,OPINION
2476,A triangle has 3 sides.,NUMERIC
2477,The company was founded in 2010.,TEMPORAL
2478,Water freezes at 0°C.,FACTUAL
2479,If A>B and B>C then A>C.,LOGICAL
2480,The company was founded in 2010.,TEMPORAL
2481,Paris is the capital of France.,FACTUAL
2482,India became independent in 1947.,TEMPORAL
2483,This movie is fantastic.,OPINION
2484,A triangle has 3 sides.,NUMERIC
2485,The company was founded in 2010.,TEMPORAL
2486,Python is the best language.,OPINION
2487,AI is the greatest invention.,OPINION
2488,The Earth is 149.6 million km from the Sun.,NUMERIC
2489,All mammals are animals.,LOGICAL
2490,Paris is the capital of France.,FACTUAL
2491,A triangle has 3 sides.,NUMERIC
2492,AI is the greatest invention.,OPINION
2493,All mammals are animals.,LOGICAL
2494,If A>B and B>C then A>C.,LOGICAL
2495,This movie is fantastic.,OPINION
2496,15 + 27 = 42.,NUMERIC
2497,This movie is fantastic.,OPINION
2498,Water freezes at 0°C.,FACTUAL
2499,Every square is a rectangle.,LOGICAL
2500,15 + 27 = 42.,NUMERIC
2501,The Earth is 149.6 million km from the Sun.,NUMERIC
2502,AI is the greatest invention.,OPINION
2503,Python is the best language.,OPINION
2504,The Olympics were held in Tokyo in 2021.,TEMPORAL
2505,Python is the best language.,OPINION
2506,India became independent in 1947.,TEMPORAL
2507,The company was founded in 2010.,TEMPORAL
2508,15 + 27 = 42.,NUMERIC
2509,AI is the greatest invention.,OPINION
2510,AI is the greatest invention.,OPINION
2511,Every square is a rectangle.,LOGICAL
2512,This movie is fantastic.,OPINION
2513,Water freezes at 0°C.,FACTUAL
2514,15 + 27 = 42.,NUMERIC
2515,The Olympics were held in Tokyo in 2021.,TEMPORAL
2516,The Olympics were held in Tokyo in 2021.,TEMPORAL
2517,A triangle has 3 sides.,NUMERIC
2518,This movie is fantastic.,OPINION
2519,Python is the best language.,OPINION
2520,Paris is the capital of France.,FACTUAL
2521,The Olympics were held in Tokyo in 2021.,TEMPORAL
2522,A triangle has 3 sides.,NUMERIC
2523,Python is the best language.,OPINION
2524,15 + 27 = 42.,NUMERIC
2525,The Olympics were held in Tokyo in 2021.,TEMPORAL
2526,Water freezes at 0°C.,FACTUAL
2527,The company was founded in 2010.,TEMPORAL
2528,India became independent in 1947.,TEMPORAL
2529,This movie is fantastic.,OPINION
2530,Python is the best language.,OPINION
2531,If A>B and B>C then A>C.,LOGICAL
2532,Water freezes at 0°C.,FACTUAL
2533,The Earth is 149.6 million km from the Sun.,NUMERIC
2534,AI is the greatest invention.,OPINION
2535,Paris is the capital of France.,FACTUAL
2536,Python is the best language.,OPINION
2537,Mount Everest is the tallest mountain.,FACTUAL
2538,Paris is the capital of France.,FACTUAL
2539,A triangle has 3 sides.,NUMERIC
2540,All mammals are animals.,LOGICAL
2541,A triangle has 3 sides.,NUMERIC
2542,Every square is a rectangle.,LOGICAL
2543,Mount Everest is the tallest mountain.,FACTUAL
2544,15 + 27 = 42.,NUMERIC
2545,Every square is a rectangle.,LOGICAL
2546,India became independent in 1947.,TEMPORAL
2547,Paris is the capital of France.,FACTUAL
2548,Paris is the capital of France.,FACTUAL
2549,The company was founded in 2010.,TEMPORAL
2550,Mount Everest is the tallest mountain.,FACTUAL
2551,The Earth is 149.6 million km from the Sun.,NUMERIC
2552,If A>B and B>C then A>C.,LOGICAL
2553,Every square is a rectangle.,LOGICAL
2554,If A>B and B>C then A>C.,LOGICAL
2555,India became independent in 1947.,TEMPORAL
2556,Every square is a rectangle.,LOGICAL
2557,Mount Everest is the tallest mountain.,FACTUAL
2558,Mount Everest is the tallest mountain.,FACTUAL
2559,AI is the greatest invention.,OPINION
2560,AI is the greatest invention.,OPINION
2561,Water freezes at 0°C.,FACTUAL
2562,AI is the greatest invention.,OPINION
2563,The company was founded in 2010.,TEMPORAL
2564,The company was founded in 2010.,TEMPORAL
2565,Water freezes at 0°C.,FACTUAL
2566,If A>B and B>C then A>C.,LOGICAL
2567,Every square is a rectangle.,LOGICAL
2568,Water freezes at 0°C.,FACTUAL
2569,A triangle has 3 sides.,NUMERIC
2570,15 + 27 = 42.,NUMERIC
2571,Every square is a rectangle.,LOGICAL
2572,The company was founded in 2010.,TEMPORAL
2573,The Earth is 149.6 million km from the Sun.,NUMERIC
2574,India became independent in 1947.,TEMPORAL
2575,Python is the best language.,OPINION
2576,15 + 27 = 42.,NUMERIC
2577,Paris is the capital of France.,FACTUAL
2578,Python is the best language.,OPINION
2579,Every square is a rectangle.,LOGICAL
2580,AI is the greatest invention.,OPINION
2581,India became independent in 1947.,TEMPORAL
2582,India became independent in 1947.,TEMPORAL
2583,Every square is a rectangle.,LOGICAL
2584,AI is the greatest invention.,OPINION
2585,15 + 27 = 42.,NUMERIC
2586,A triangle has 3 sides.,NUMERIC
2587,India became independent in 1947.,TEMPORAL
2588,Paris is the capital of France.,FACTUAL
2589,AI is the greatest invention.,OPINION
2590,This movie is fantastic.,OPINION
2591,AI is the greatest invention.,OPINION
2592,The company was founded in 2010.,TEMPORAL
2593,Water freezes at 0°C.,FACTUAL
2594,Paris is the capital of France.,FACTUAL
2595,This movie is fantastic.,OPINION
2596,The Olympics were held in Tokyo in 2021.,TEMPORAL
2597,A triangle has 3 sides.,NUMERIC
2598,15 + 27 = 42.,NUMERIC
2599,The company was founded in 2010.,TEMPORAL
2600,Paris is the capital of France.,FACTUAL
2601,The Olympics were held in Tokyo in 2021.,TEMPORAL
2602,If A>B and B>C then A>C.,LOGICAL
2603,Python is the best language.,OPINION
2604,The company was founded in 2010.,TEMPORAL
2605,AI is the greatest invention.,OPINION
2606,Python is the best language.,OPINION
2607,The Olympics were held in Tokyo in 2021.,TEMPORAL
2608,All mammals are animals.,LOGICAL
2609,Water freezes at 0°C.,FACTUAL
2610,15 + 27 = 42.,NUMERIC
2611,If A>B and B>C then A>C.,LOGICAL
2612,India became independent in 1947.,TEMPORAL
2613,The Olympics were held in Tokyo in 2021.,TEMPORAL
2614,If A>B and B>C then A>C.,LOGICAL
2615,The Olympics were held in Tokyo in 2021.,TEMPORAL
2616,Every square is a rectangle.,LOGICAL
2617,Paris is the capital of France.,FACTUAL
2618,AI is the greatest invention.,OPINION
2619,India became independent in 1947.,TEMPORAL
2620,AI is the greatest invention.,OPINION
2621,The company was founded in 2010.,TEMPORAL
2622,Mount Everest is the tallest mountain.,FACTUAL
2623,Paris is the capital of France.,FACTUAL
2624,Python is the best language.,OPINION
2625,Mount Everest is the tallest mountain.,FACTUAL
2626,This movie is fantastic.,OPINION
2627,AI is the greatest invention.,OPINION
2628,Mount Everest is the tallest mountain.,FACTUAL
2629,The company was founded in 2010.,TEMPORAL
2630,This movie is fantastic.,OPINION
2631,The Earth is 149.6 million km from the Sun.,NUMERIC
2632,All mammals are animals.,LOGICAL
2633,Python is the best language.,OPINION
2634,India became independent in 1947.,TEMPORAL
2635,Every square is a rectangle.,LOGICAL
2636,AI is the greatest invention.,OPINION
2637,If A>B and B>C then A>C.,LOGICAL
2638,AI is the greatest invention.,OPINION
2639,A triangle has 3 sides.,NUMERIC
2640,A triangle has 3 sides.,NUMERIC
2641,The Earth is 149.6 million km from the Sun.,NUMERIC
2642,15 + 27 = 42.,NUMERIC
2643,Python is the best language.,OPINION
2644,A triangle has 3 sides.,NUMERIC
2645,If A>B and B>C then A>C.,LOGICAL
2646,Paris is the capital of France.,FACTUAL
2647,All mammals are animals.,LOGICAL
2648,Water freezes at 0°C.,FACTUAL
2649,India became independent in 1947.,TEMPORAL
2650,Mount Everest is the tallest mountain.,FACTUAL
2651,A triangle has 3 sides.,NUMERIC
2652,The Olympics were held in Tokyo in 2021.,TEMPORAL
2653,If A>B and B>C then A>C.,LOGICAL
2654,Paris is the capital of France.,FACTUAL
2655,India became independent in 1947.,TEMPORAL
2656,Python is the best language.,OPINION
2657,The company was founded in 2010.,TEMPORAL
2658,The company was founded in 2010.,TEMPORAL
2659,Python is the best language.,OPINION
2660,The Earth is 149.6 million km from the Sun.,NUMERIC
2661,If A>B and B>C then A>C.,LOGICAL
2662,Python is the best language.,OPINION
2663,Mount Everest is the tallest mountain.,FACTUAL
2664,The Olympics were held in Tokyo in 2021.,TEMPORAL
2665,A triangle has 3 sides.,NUMERIC
2666,If A>B and B>C then A>C.,LOGICAL
2667,The Olympics were held in Tokyo in 2021.,TEMPORAL
2668,Every square is a rectangle.,LOGICAL
2669,Mount Everest is the tallest mountain.,FACTUAL
2670,The Earth is 149.6 million km from the Sun.,NUMERIC
2671,15 + 27 = 42.,NUMERIC
2672,Mount Everest is the tallest mountain.,FACTUAL
2673,India became independent in 1947.,TEMPORAL
2674,15 + 27 = 42.,NUMERIC
2675,The Earth is 149.6 million km from the Sun.,NUMERIC
2676,Python is the best language.,OPINION
2677,Mount Everest is the tallest mountain.,FACTUAL
2678,The Earth is 149.6 million km from the Sun.,NUMERIC
2679,The company was founded in 2010.,TEMPORAL
2680,Water freezes at 0°C.,FACTUAL
2681,If A>B and B>C then A>C.,LOGICAL
2682,A triangle has 3 sides.,NUMERIC
2683,A triangle has 3 sides.,NUMERIC
2684,All mammals are animals.,LOGICAL
2685,15 + 27 = 42.,NUMERIC
2686,A triangle has 3 sides.,NUMERIC
2687,AI is the greatest invention.,OPINION
2688,A triangle has 3 sides.,NUMERIC
2689,AI is the greatest invention.,OPINION
2690,AI is the greatest invention.,OPINION
2691,Paris is the capital of France.,FACTUAL
2692,India became independent in 1947.,TEMPORAL
2693,This movie is fantastic.,OPINION
2694,Python is the best language.,OPINION
2695,Mount Everest is the tallest mountain.,FACTUAL
2696,India became independent in 1947.,TEMPORAL
2697,The Earth is 149.6 million km from the Sun.,NUMERIC
2698,This movie is fantastic.,OPINION
2699,All mammals are animals.,LOGICAL
2700,The Earth is 149.6 million km from the Sun.,NUMERIC
2701,AI is the greatest invention.,OPINION
2702,AI is the greatest invention.,OPINION
2703,Python is the best language.,OPINION
2704,This movie is fantastic.,OPINION
2705,A triangle has 3 sides.,NUMERIC
2706,The Olympics were held in Tokyo in 2021.,TEMPORAL
2707,Python is the best language.,OPINION
2708,Paris is the capital of France.,FACTUAL
2709,If A>B and B>C then A>C.,LOGICAL
2710,15 + 27 = 42.,NUMERIC
2711,Paris is the capital of France.,FACTUAL
2712,Python is the best language.,OPINION
2713,All mammals are animals.,LOGICAL
2714,AI is the greatest invention.,OPINION
2715,The Earth is 149.6 million km from the Sun.,NUMERIC
2716,Python is the best language.,OPINION
2717,Mount Everest is the tallest mountain.,FACTUAL
2718,AI is the greatest invention.,OPINION
2719,Water freezes at 0°C.,FACTUAL
2720,A triangle has 3 sides.,NUMERIC
2721,AI is the greatest invention.,OPINION
2722,Every square is a rectangle.,LOGICAL
2723,If A>B and B>C then A>C.,LOGICAL
2724,Mount Everest is the tallest mountain.,FACTUAL
2725,This movie is fantastic.,OPINION
2726,The Earth is 149.6 million km from the Sun.,NUMERIC
2727,If A>B and B>C then A>C.,LOGICAL
2728,Python is the best language.,OPINION
2729,AI is the greatest invention.,OPINION
2730,All mammals are animals.,LOGICAL
2731,The Olympics were held in Tokyo in 2021.,TEMPORAL
2732,15 + 27 = 42.,NUMERIC
2733,The company was founded in 2010.,TEMPORAL
2734,This movie is fantastic.,OPINION
2735,India became independent in 1947.,TEMPORAL
2736,Mount Everest is the tallest mountain.,FACTUAL
2737,Mount Everest is the tallest mountain.,FACTUAL
2738,AI is the greatest invention.,OPINION
2739,AI is the greatest invention.,OPINION
2740,Every square is a rectangle.,LOGICAL
2741,A triangle has 3 sides.,NUMERIC
2742,The Olympics were held in Tokyo in 2021.,TEMPORAL
2743,India became independent in 1947.,TEMPORAL
2744,The Earth is 149.6 million km from the Sun.,NUMERIC
2745,This movie is fantastic.,OPINION
2746,The company was founded in 2010.,TEMPORAL
2747,Every square is a rectangle.,LOGICAL
2748,The company was founded in 2010.,TEMPORAL
2749,The company was founded in 2010.,TEMPORAL
2750,All mammals are animals.,LOGICAL
2751,Every square is a rectangle.,LOGICAL
2752,This movie is fantastic.,OPINION
2753,The Earth is 149.6 million km from the Sun.,NUMERIC
2754,Python is the best language.,OPINION
2755,If A>B and B>C then A>C.,LOGICAL
2756,The company was founded in 2010.,TEMPORAL
2757,The company was founded in 2010.,TEMPORAL
2758,Every square is a rectangle.,LOGICAL
2759,A triangle has 3 sides.,NUMERIC
2760,Mount Everest is the tallest mountain.,FACTUAL
2761,The Earth is 149.6 million km from the Sun.,NUMERIC
2762,15 + 27 = 42.,NUMERIC
2763,A triangle has 3 sides.,NUMERIC
2764,If A>B and B>C then A>C.,LOGICAL
2765,Python is the best language.,OPINION
2766,Paris is the capital of France.,FACTUAL
2767,Every square is a rectangle.,LOGICAL
2768,Paris is the capital of France.,FACTUAL
2769,The Earth is 149.6 million km from the Sun.,NUMERIC
2770,This movie is fantastic.,OPINION
2771,Paris is the capital of France.,FACTUAL
2772,India became independent in 1947.,TEMPORAL
2773,India became independent in 1947.,TEMPORAL
2774,AI is the greatest invention.,OPINION
2775,If A>B and B>C then A>C.,LOGICAL
2776,Python is the best language.,OPINION
2777,This movie is fantastic.,OPINION
2778,AI is the greatest invention.,OPINION
2779,A triangle has 3 sides.,NUMERIC
2780,If A>B and B>C then A>C.,LOGICAL
2781,Paris is the capital of France.,FACTUAL
2782,This movie is fantastic.,OPINION
2783,15 + 27 = 42.,NUMERIC
2784,Python is the best language.,OPINION
2785,Python is the best language.,OPINION
2786,A triangle has 3 sides.,NUMERIC
2787,A triangle has 3 sides.,NUMERIC
2788,Water freezes at 0°C.,FACTUAL
2789,A triangle has 3 sides.,NUMERIC
2790,Paris is the capital of France.,FACTUAL
2791,Water freezes at 0°C.,FACTUAL
2792,If A>B and B>C then A>C.,LOGICAL
2793,If A>B and B>C then A>C.,LOGICAL
2794,AI is the greatest invention.,OPINION
2795,AI is the greatest invention.,OPINION
2796,Paris is the capital of France.,FACTUAL
2797,This movie is fantastic.,OPINION
2798,Python is the best language.,OPINION
2799,The Olympics were held in Tokyo in 2021.,TEMPORAL
2800,India became independent in 1947.,TEMPORAL
2801,AI is the greatest invention.,OPINION
2802,If A>B and B>C then A>C.,LOGICAL
2803,AI is the greatest invention.,OPINION
2804,India became independent in 1947.,TEMPORAL
2805,Every square is a rectangle.,LOGICAL
2806,Mount Everest is the tallest mountain.,FACTUAL
2807,Mount Everest is the tallest mountain.,FACTUAL
2808,The Olympics were held in Tokyo in 2021.,TEMPORAL
2809,Mount Everest is the tallest mountain.,FACTUAL
2810,The company was founded in 2010.,TEMPORAL
2811,This movie is fantastic.,OPINION
2812,If A>B and B>C then A>C.,LOGICAL
2813,This movie is fantastic.,OPINION
2814,The Earth is 149.6 million km from the Sun.,NUMERIC
2815,Every square is a rectangle.,LOGICAL
2816,Every square is a rectangle.,LOGICAL
2817,Water freezes at 0°C.,FACTUAL
2818,Water freezes at 0°C.,FACTUAL
2819,Water freezes at 0°C.,FACTUAL
2820,A triangle has 3 sides.,NUMERIC
2821,The Earth is 149.6 million km from the Sun.,NUMERIC
2822,If A>B and B>C then A>C.,LOGICAL
2823,Python is the best language.,OPINION
2824,Mount Everest is the tallest mountain.,FACTUAL
2825,India became independent in 1947.,TEMPORAL
2826,India became independent in 1947.,TEMPORAL
2827,Every square is a rectangle.,LOGICAL
2828,India became independent in 1947.,TEMPORAL
2829,AI is the greatest invention.,OPINION
2830,If A>B and B>C then A>C.,LOGICAL
2831,India became independent in 1947.,TEMPORAL
2832,This movie is fantastic.,OPINION
2833,A triangle has 3 sides.,NUMERIC
2834,The Earth is 149.6 million km from the Sun.,NUMERIC
2835,15 + 27 = 42.,NUMERIC
2836,The Earth is 149.6 million km from the Sun.,NUMERIC
2837,15 + 27 = 42.,NUMERIC
2838,15 + 27 = 42.,NUMERIC
2839,This movie is fantastic.,OPINION
2840,15 + 27 = 42.,NUMERIC
2841,Paris is the capital of France.,FACTUAL
2842,Every square is a rectangle.,LOGICAL
2843,Mount Everest is the tallest mountain.,FACTUAL
2844,Water freezes at 0°C.,FACTUAL
2845,The company was founded in 2010.,TEMPORAL
2846,The Olympics were held in Tokyo in 2021.,TEMPORAL
2847,This movie is fantastic.,OPINION
2848,All mammals are animals.,LOGICAL
2849,This movie is fantastic.,OPINION
2850,All mammals are animals.,LOGICAL
2851,AI is the greatest invention.,OPINION
2852,Mount Everest is the tallest mountain.,FACTUAL
2853,If A>B and B>C then A>C.,LOGICAL
2854,AI is the greatest invention.,OPINION
2855,This movie is fantastic.,OPINION
2856,Every square is a rectangle.,LOGICAL
2857,The Earth is 149.6 million km from the Sun.,NUMERIC
2858,Mount Everest is the tallest mountain.,FACTUAL
2859,This movie is fantastic.,OPINION
2860,The company was founded in 2010.,TEMPORAL
2861,Paris is the capital of France.,FACTUAL
2862,The Earth is 149.6 million km from the Sun.,NUMERIC
2863,AI is the greatest invention.,OPINION
2864,The Olympics were held in Tokyo in 2021.,TEMPORAL
2865,This movie is fantastic.,OPINION
2866,A triangle has 3 sides.,NUMERIC
2867,India became independent in 1947.,TEMPORAL
2868,The Olympics were held in Tokyo in 2021.,TEMPORAL
2869,This movie is fantastic.,OPINION
2870,India became independent in 1947.,TEMPORAL
2871,If A>B and B>C then A>C.,LOGICAL
2872,The Earth is 149.6 million km from the Sun.,NUMERIC
2873,The Olympics were held in Tokyo in 2021.,TEMPORAL
2874,If A>B and B>C then A>C.,LOGICAL
2875,All mammals are animals.,LOGICAL
2876,AI is the greatest invention.,OPINION
2877,Python is the best language.,OPINION
2878,15 + 27 = 42.,NUMERIC
2879,India became independent in 1947.,TEMPORAL
2880,This movie is fantastic.,OPINION
2881,All mammals are animals.,LOGICAL
2882,A triangle has 3 sides.,NUMERIC
2883,The Earth is 149.6 million km from the Sun.,NUMERIC
2884,Paris is the capital of France.,FACTUAL
2885,If A>B and B>C then A>C.,LOGICAL
2886,A triangle has 3 sides.,NUMERIC
2887,Python is the best language.,OPINION
2888,The Olympics were held in Tokyo in 2021.,TEMPORAL
2889,The Olympics were held in Tokyo in 2021.,TEMPORAL
2890,Python is the best language.,OPINION
2891,Water freezes at 0°C.,FACTUAL
2892,Mount Everest is the tallest mountain.,FACTUAL
2893,15 + 27 = 42.,NUMERIC
2894,The Earth is 149.6 million km from the Sun.,NUMERIC
2895,Every square is a rectangle.,LOGICAL
2896,Water freezes at 0°C.,FACTUAL
2897,The Olympics were held in Tokyo in 2021.,TEMPORAL
2898,The Olympics were held in Tokyo in 2021.,TEMPORAL
2899,Python is the best language.,OPINION
2900,The Olympics were held in Tokyo in 2021.,TEMPORAL
2901,Water freezes at 0°C.,FACTUAL
2902,Water freezes at 0°C.,FACTUAL
2903,AI is the greatest invention.,OPINION
2904,Python is the best language.,OPINION
2905,AI is the greatest invention.,OPINION
2906,The Olympics were held in Tokyo in 2021.,TEMPORAL
2907,The company was founded in 2010.,TEMPORAL
2908,This movie is fantastic.,OPINION
2909,All mammals are animals.,LOGICAL
2910,Every square is a rectangle.,LOGICAL
2911,The Olympics were held in Tokyo in 2021.,TEMPORAL
2912,15 + 27 = 42.,NUMERIC
2913,The Olympics were held in Tokyo in 2021.,TEMPORAL
2914,Python is the best language.,OPINION
2915,All mammals are animals.,LOGICAL
2916,Paris is the capital of France.,FACTUAL
2917,India became independent in 1947.,TEMPORAL
2918,The Olympics were held in Tokyo in 2021.,TEMPORAL
2919,The company was founded in 2010.,TEMPORAL
2920,The company was founded in 2010.,TEMPORAL
2921,If A>B and B>C then A>C.,LOGICAL
2922,If A>B and B>C then A>C.,LOGICAL
2923,Python is the best language.,OPINION
2924,If A>B and B>C then A>C.,LOGICAL
2925,15 + 27 = 42.,NUMERIC
2926,Paris is the capital of France.,FACTUAL
2927,A triangle has 3 sides.,NUMERIC
2928,The company was founded in 2010.,TEMPORAL
2929,Paris is the capital of France.,FACTUAL
2930,The Earth is 149.6 million km from the Sun.,NUMERIC
2931,Paris is the capital of France.,FACTUAL
2932,Water freezes at 0°C.,FACTUAL
2933,AI is the greatest invention.,OPINION
2934,Water freezes at 0°C.,FACTUAL
2935,AI is the greatest invention.,OPINION
2936,Water freezes at 0°C.,FACTUAL
2937,AI is the greatest invention.,OPINION
2938,Mount Everest is the tallest mountain.,FACTUAL
2939,If A>B and B>C then A>C.,LOGICAL
2940,15 + 27 = 42.,NUMERIC
2941,The Olympics were held in Tokyo in 2021.,TEMPORAL
2942,15 + 27 = 42.,NUMERIC
2943,AI is the greatest invention.,OPINION
2944,Paris is the capital of France.,FACTUAL
2945,The Olympics were held in Tokyo in 2021.,TEMPORAL
2946,If A>B and B>C then A>C.,LOGICAL
2947,This movie is fantastic.,OPINION
2948,This movie is fantastic.,OPINION
2949,A triangle has 3 sides.,NUMERIC
2950,AI is the greatest invention.,OPINION
2951,Python is the best language.,OPINION
2952,Every square is a rectangle.,LOGICAL
2953,This movie is fantastic.,OPINION
2954,Python is the best language.,OPINION
2955,This movie is fantastic.,OPINION
2956,The Olympics were held in Tokyo in 2021.,TEMPORAL
2957,AI is the greatest invention.,OPINION
2958,Water freezes at 0°C.,FACTUAL
2959,The Olympics were held in Tokyo in 2021.,TEMPORAL
2960,If A>B and B>C then A>C.,LOGICAL
2961,The Earth is 149.6 million km from the Sun.,NUMERIC
2962,Paris is the capital of France.,FACTUAL
2963,AI is the greatest invention.,OPINION
2964,The Olympics were held in Tokyo in 2021.,TEMPORAL
2965,Every square is a rectangle.,LOGICAL
2966,Mount Everest is the tallest mountain.,FACTUAL
2967,If A>B and B>C then A>C.,LOGICAL
2968,India became independent in 1947.,TEMPORAL
2969,If A>B and B>C then A>C.,LOGICAL
2970,AI is the greatest invention.,OPINION
2971,Mount Everest is the tallest mountain.,FACTUAL
2972,India became independent in 1947.,TEMPORAL
2973,Every square is a rectangle.,LOGICAL
2974,If A>B and B>C then A>C.,LOGICAL
2975,15 + 27 = 42.,NUMERIC
2976,If A>B and B>C then A>C.,LOGICAL
2977,The Earth is 149.6 million km from the Sun.,NUMERIC
2978,Water freezes at 0°C.,FACTUAL
2979,A triangle has 3 sides.,NUMERIC
2980,Python is the best language.,OPINION
2981,The Olympics were held in Tokyo in 2021.,TEMPORAL
2982,This movie is fantastic.,OPINION
2983,All mammals are animals.,LOGICAL
2984,Paris is the capital of France.,FACTUAL
2985,The Earth is 149.6 million km from the Sun.,NUMERIC
2986,Mount Everest is the tallest mountain.,FACTUAL
2987,Every square is a rectangle.,LOGICAL
2988,If A>B and B>C then A>C.,LOGICAL
2989,This movie is fantastic.,OPINION
2990,The Earth is 149.6 million km from the Sun.,NUMERIC
2991,Paris is the capital of France.,FACTUAL
2992,Mount Everest is the tallest mountain.,FACTUAL
2993,Paris is the capital of France.,FACTUAL
2994,Water freezes at 0°C.,FACTUAL
2995,India became independent in 1947.,TEMPORAL
2996,Every square is a rectangle.,LOGICAL
2997,Paris is the capital of France.,FACTUAL
2998,Paris is the capital of France.,FACTUAL
2999,Water freezes at 0°C.,FACTUAL
3000,The Earth is 149.6 million km from the Sun.,NUMERIC
3001,If A>B and B>C then A>C.,LOGICAL
3002,If A>B and B>C then A>C.,LOGICAL
3003,Every square is a rectangle.,LOGICAL
3004,Water freezes at 0°C.,FACTUAL
3005,Paris is the capital of France.,FACTUAL
3006,Water freezes at 0°C.,FACTUAL
3007,All mammals are animals.,LOGICAL
3008,This movie is fantastic.,OPINION
3009,15 + 27 = 42.,NUMERIC
3010,The Olympics were held in Tokyo in 2021.,TEMPORAL
3011,Paris is the capital of France.,FACTUAL
3012,The Earth is 149.6 million km from the Sun.,NUMERIC
3013,All mammals are animals.,LOGICAL
3014,Paris is the capital of France.,FACTUAL
3015,Every square is a rectangle.,LOGICAL
3016,Mount Everest is the tallest mountain.,FACTUAL
3017,The Earth is 149.6 million km from the Sun.,NUMERIC
3018,Every square is a rectangle.,LOGICAL
3019,The Olympics were held in Tokyo in 2021.,TEMPORAL
3020,A triangle has 3 sides.,NUMERIC
3021,Mount Everest is the tallest mountain.,FACTUAL
3022,Python is the best language.,OPINION
3023,Water freezes at 0°C.,FACTUAL
3024,Every square is a rectangle.,LOGICAL
3025,India became independent in 1947.,TEMPORAL
3026,India became independent in 1947.,TEMPORAL
3027,15 + 27 = 42.,NUMERIC
3028,A triangle has 3 sides.,NUMERIC
3029,If A>B and B>C then A>C.,LOGICAL
3030,Paris is the capital of France.,FACTUAL
3031,The company was founded in 2010.,TEMPORAL
3032,Water freezes at 0°C.,FACTUAL
3033,15 + 27 = 42.,NUMERIC
3034,Mount Everest is the tallest mountain.,FACTUAL
3035,Every square is a rectangle.,LOGICAL
3036,AI is the greatest invention.,OPINION
3037,India became independent in 1947.,TEMPORAL
3038,15 + 27 = 42.,NUMERIC
3039,All mammals are animals.,LOGICAL
3040,This movie is fantastic.,OPINION
3041,Paris is the capital of France.,FACTUAL
3042,The company was founded in 2010.,TEMPORAL
3043,A triangle has 3 sides.,NUMERIC
3044,AI is the greatest invention.,OPINION
3045,The Earth is 149.6 million km from the Sun.,NUMERIC
3046,The Earth is 149.6 million km from the Sun.,NUMERIC
3047,Python is the best language.,OPINION
3048,The Olympics were held in Tokyo in 2021.,TEMPORAL
3049,15 + 27 = 42.,NUMERIC
3050,If A>B and B>C then A>C.,LOGICAL
3051,The Earth is 149.6 million km from the Sun.,NUMERIC
3052,Water freezes at 0°C.,FACTUAL
3053,Every square is a rectangle.,LOGICAL
3054,The company was founded in 2010.,TEMPORAL
3055,All mammals are animals.,LOGICAL
3056,AI is the greatest invention.,OPINION
3057,This movie is fantastic.,OPINION
3058,The company was founded in 2010.,TEMPORAL
3059,If A>B and B>C then A>C.,LOGICAL
3060,Python is the best language.,OPINION
3061,15 + 27 = 42.,NUMERIC
3062,AI is the greatest invention.,OPINION
3063,If A>B and B>C then A>C.,LOGICAL
3064,The company was founded in 2010.,TEMPORAL
3065,The Olympics were held in Tokyo in 2021.,TEMPORAL
3066,Mount Everest is the tallest mountain.,FACTUAL
3067,This movie is fantastic.,OPINION
3068,15 + 27 = 42.,NUMERIC
3069,This movie is fantastic.,OPINION
3070,AI is the greatest invention.,OPINION
3071,The company was founded in 2010.,TEMPORAL
3072,Mount Everest is the tallest mountain.,FACTUAL
3073,This movie is fantastic.,OPINION
3074,A triangle has 3 sides.,NUMERIC
3075,Every square is a rectangle.,LOGICAL
3076,A triangle has 3 sides.,NUMERIC
3077,The Olympics were held in Tokyo in 2021.,TEMPORAL
3078,Every square is a rectangle.,LOGICAL
3079,India became independent in 1947.,TEMPORAL
3080,Mount Everest is the tallest mountain.,FACTUAL
3081,Paris is the capital of France.,FACTUAL
3082,15 + 27 = 42.,NUMERIC
3083,Paris is the capital of France.,FACTUAL
3084,Water freezes at 0°C.,FACTUAL
3085,15 + 27 = 42.,NUMERIC
3086,Mount Everest is the tallest mountain.,FACTUAL
3087,Every square is a rectangle.,LOGICAL
3088,Every square is a rectangle.,LOGICAL
3089,Python is the best language.,OPINION
3090,This movie is fantastic.,OPINION
3091,Water freezes at 0°C.,FACTUAL
3092,A triangle has 3 sides.,NUMERIC
3093,Paris is the capital of France.,FACTUAL
3094,A triangle has 3 sides.,NUMERIC
3095,All mammals are animals.,LOGICAL
3096,Every square is a rectangle.,LOGICAL
3097,Water freezes at 0°C.,FACTUAL
3098,Python is the best language.,OPINION
3099,If A>B and B>C then A>C.,LOGICAL
3100,Mount Everest is the tallest mountain.,FACTUAL
3101,The company was founded in 2010.,TEMPORAL
3102,Mount Everest is the tallest mountain.,FACTUAL
3103,Water freezes at 0°C.,FACTUAL
3104,Paris is the capital of France.,FACTUAL
3105,AI is the greatest invention.,OPINION
3106,Mount Everest is the tallest mountain.,FACTUAL
3107,A triangle has 3 sides.,NUMERIC
3108,All mammals are animals.,LOGICAL
3109,A triangle has 3 sides.,NUMERIC
3110,A triangle has 3 sides.,NUMERIC
3111,A triangle has 3 sides.,NUMERIC
3112,This movie is fantastic.,OPINION
3113,Mount Everest is the tallest mountain.,FACTUAL
3114,This movie is fantastic.,OPINION
3115,Every square is a rectangle.,LOGICAL
3116,All mammals are animals.,LOGICAL
3117,15 + 27 = 42.,NUMERIC
3118,This movie is fantastic.,OPINION
3119,This movie is fantastic.,OPINION
3120,A triangle has 3 sides.,NUMERIC
3121,This movie is fantastic.,OPINION
3122,The Olympics were held in Tokyo in 2021.,TEMPORAL
3123,This movie is fantastic.,OPINION
3124,The Olympics were held in Tokyo in 2021.,TEMPORAL
3125,Every square is a rectangle.,LOGICAL
3126,The company was founded in 2010.,TEMPORAL
3127,A triangle has 3 sides.,NUMERIC
3128,AI is the greatest invention.,OPINION
3129,Every square is a rectangle.,LOGICAL
3130,The Olympics were held in Tokyo in 2021.,TEMPORAL
3131,If A>B and B>C then A>C.,LOGICAL
3132,All mammals are animals.,LOGICAL
3133,Water freezes at 0°C.,FACTUAL
3134,AI is the greatest invention.,OPINION
3135,AI is the greatest invention.,OPINION
3136,India became independent in 1947.,TEMPORAL
3137,India became independent in 1947.,TEMPORAL
3138,The Earth is 149.6 million km from the Sun.,NUMERIC
3139,Mount Everest is the tallest mountain.,FACTUAL
3140,The company was founded in 2010.,TEMPORAL
3141,Python is the best language.,OPINION
3142,Python is the best language.,OPINION
3143,15 + 27 = 42.,NUMERIC
3144,Water freezes at 0°C.,FACTUAL
3145,India became independent in 1947.,TEMPORAL
3146,The Earth is 149.6 million km from the Sun.,NUMERIC
3147,The company was founded in 2010.,TEMPORAL
3148,15 + 27 = 42.,NUMERIC
3149,The Olympics were held in Tokyo in 2021.,TEMPORAL
3150,Mount Everest is the tallest mountain.,FACTUAL
3151,Every square is a rectangle.,LOGICAL
3152,A triangle has 3 sides.,NUMERIC
3153,Mount Everest is the tallest mountain.,FACTUAL
3154,The Olympics were held in Tokyo in 2021.,TEMPORAL
3155,The Earth is 149.6 million km from the Sun.,NUMERIC
3156,AI is the greatest invention.,OPINION
3157,Python is the best language.,OPINION
3158,India became independent in 1947.,TEMPORAL
3159,This movie is fantastic.,OPINION
3160,Paris is the capital of France.,FACTUAL
3161,The Olympics were held in Tokyo in 2021.,TEMPORAL
3162,If A>B and B>C then A>C.,LOGICAL
3163,Paris is the capital of France.,FACTUAL
3164,AI is the greatest invention.,OPINION
3165,All mammals are animals.,LOGICAL
3166,The company was founded in 2010.,TEMPORAL
3167,Water freezes at 0°C.,FACTUAL
3168,Python is the best language.,OPINION
3169,The Earth is 149.6 million km from the Sun.,NUMERIC
3170,Python is the best language.,OPINION
3171,15 + 27 = 42.,NUMERIC
3172,Mount Everest is the tallest mountain.,FACTUAL
3173,If A>B and B>C then A>C.,LOGICAL
3174,Python is the best language.,OPINION
3175,AI is the greatest invention.,OPINION
3176,The Earth is 149.6 million km from the Sun.,NUMERIC
3177,The Olympics were held in Tokyo in 2021.,TEMPORAL
3178,15 + 27 = 42.,NUMERIC
3179,India became independent in 1947.,TEMPORAL
3180,Every square is a rectangle.,LOGICAL
3181,Mount Everest is the tallest mountain.,FACTUAL
3182,If A>B and B>C then A>C.,LOGICAL
3183,Water freezes at 0°C.,FACTUAL
3184,This movie is fantastic.,OPINION
3185,15 + 27 = 42.,NUMERIC
3186,Every square is a rectangle.,LOGICAL
3187,The Earth is 149.6 million km from the Sun.,NUMERIC
3188,Every square is a rectangle.,LOGICAL
3189,AI is the greatest invention.,OPINION
3190,Python is the best language.,OPINION
3191,AI is the greatest invention.,OPINION
3192,15 + 27 = 42.,NUMERIC
3193,The Olympics were held in Tokyo in 2021.,TEMPORAL
3194,The company was founded in 2010.,TEMPORAL
3195,AI is the greatest invention.,OPINION
3196,Mount Everest is the tallest mountain.,FACTUAL
3197,If A>B and B>C then A>C.,LOGICAL
3198,The Olympics were held in Tokyo in 2021.,TEMPORAL
3199,The Earth is 149.6 million km from the Sun.,NUMERIC
3200,The company was founded in 2010.,TEMPORAL
3201,Water freezes at 0°C.,FACTUAL
3202,The Earth is 149.6 million km from the Sun.,NUMERIC
3203,This movie is fantastic.,OPINION
3204,AI is the greatest invention.,OPINION
3205,All mammals are animals.,LOGICAL
3206,15 + 27 = 42.,NUMERIC
3207,India became independent in 1947.,TEMPORAL
3208,Paris is the capital of France.,FACTUAL
3209,Paris is the capital of France.,FACTUAL
3210,AI is the greatest invention.,OPINION
3211,India became independent in 1947.,TEMPORAL
3212,The company was founded in 2010.,TEMPORAL
3213,Water freezes at 0°C.,FACTUAL
3214,If A>B and B>C then A>C.,LOGICAL
3215,Water freezes at 0°C.,FACTUAL
3216,A triangle has 3 sides.,NUMERIC
3217,AI is the greatest invention.,OPINION
3218,A triangle has 3 sides.,NUMERIC
3219,This movie is fantastic.,OPINION
3220,This movie is fantastic.,OPINION
3221,Python is the best language.,OPINION
3222,A triangle has 3 sides.,NUMERIC
3223,Water freezes at 0°C.,FACTUAL
3224,Python is the best language.,OPINION
3225,AI is the greatest invention.,OPINION
3226,India became independent in 1947.,TEMPORAL
3227,Water freezes at 0°C.,FACTUAL
3228,A triangle has 3 sides.,NUMERIC
3229,This movie is fantastic.,OPINION
3230,Water freezes at 0°C.,FACTUAL
3231,Paris is the capital of France.,FACTUAL
3232,Every square is a rectangle.,LOGICAL
3233,The company was founded in 2010.,TEMPORAL
3234,India became independent in 1947.,TEMPORAL
3235,Water freezes at 0°C.,FACTUAL
3236,All mammals are animals.,LOGICAL
3237,Every square is a rectangle.,LOGICAL
3238,Water freezes at 0°C.,FACTUAL
3239,Every square is a rectangle.,LOGICAL
3240,AI is the greatest invention.,OPINION
3241,15 + 27 = 42.,NUMERIC
3242,This movie is fantastic.,OPINION
3243,Python is the best language.,OPINION
3244,Paris is the capital of France.,FACTUAL
3245,A triangle has 3 sides.,NUMERIC
3246,The Olympics were held in Tokyo in 2021.,TEMPORAL
3247,If A>B and B>C then A>C.,LOGICAL
3248,15 + 27 = 42.,NUMERIC
3249,The company was founded in 2010.,TEMPORAL
3250,The Olympics were held in Tokyo in 2021.,TEMPORAL
3251,India became independent in 1947.,TEMPORAL
3252,This movie is fantastic.,OPINION
3253,Mount Everest is the tallest mountain.,FACTUAL
3254,The Olympics were held in Tokyo in 2021.,TEMPORAL
3255,Mount Everest is the tallest mountain.,FACTUAL
3256,India became independent in 1947.,TEMPORAL
3257,The Earth is 149.6 million km from the Sun.,NUMERIC
3258,Every square is a rectangle.,LOGICAL
3259,15 + 27 = 42.,NUMERIC
3260,Every square is a rectangle.,LOGICAL
3261,Python is the best language.,OPINION
3262,The Earth is 149.6 million km from the Sun.,NUMERIC
3263,A triangle has 3 sides.,NUMERIC
3264,The Earth is 149.6 million km from the Sun.,NUMERIC
3265,The company was founded in 2010.,TEMPORAL
3266,The Olympics were held in Tokyo in 2021.,TEMPORAL
3267,AI is the greatest invention.,OPINION
3268,A triangle has 3 sides.,NUMERIC
3269,A triangle has 3 sides.,NUMERIC
3270,Python is the best language.,OPINION
3271,15 + 27 = 42.,NUMERIC
3272,The company was founded in 2010.,TEMPORAL
3273,AI is the greatest invention.,OPINION
3274,All mammals are animals.,LOGICAL
3275,AI is the greatest invention.,OPINION
3276,India became independent in 1947.,TEMPORAL
3277,Python is the best language.,OPINION
3278,Paris is the capital of France.,FACTUAL
3279,India became independent in 1947.,TEMPORAL
3280,Water freezes at 0°C.,FACTUAL
3281,If A>B and B>C then A>C.,LOGICAL
3282,The Olympics were held in Tokyo in 2021.,TEMPORAL
3283,India became independent in 1947.,TEMPORAL
3284,15 + 27 = 42.,NUMERIC
3285,15 + 27 = 42.,NUMERIC
3286,Mount Everest is the tallest mountain.,FACTUAL
3287,This movie is fantastic.,OPINION
3288,Python is the best language.,OPINION
3289,AI is the greatest invention.,OPINION
3290,AI is the greatest invention.,OPINION
3291,A triangle has 3 sides.,NUMERIC
3292,Water freezes at 0°C.,FACTUAL
3293,Mount Everest is the tallest mountain.,FACTUAL
3294,All mammals are animals.,LOGICAL
3295,Python is the best language.,OPINION
3296,Every square is a rectangle.,LOGICAL
3297,India became independent in 1947.,TEMPORAL
3298,If A>B and B>C then A>C.,LOGICAL
3299,All mammals are animals.,LOGICAL
3300,15 + 27 = 42.,NUMERIC
3301,15 + 27 = 42.,NUMERIC
3302,All mammals are animals.,LOGICAL
3303,The Olympics were held in Tokyo in 2021.,TEMPORAL
3304,A triangle has 3 sides.,NUMERIC
3305,15 + 27 = 42.,NUMERIC
3306,Paris is the capital of France.,FACTUAL
3307,Every square is a rectangle.,LOGICAL
3308,Every square is a rectangle.,LOGICAL
3309,The Olympics were held in Tokyo in 2021.,TEMPORAL
3310,The Earth is 149.6 million km from the Sun.,NUMERIC
3311,All mammals are animals.,LOGICAL
3312,Python is the best language.,OPINION
3313,Every square is a rectangle.,LOGICAL
3314,The Olympics were held in Tokyo in 2021.,TEMPORAL
3315,Python is the best language.,OPINION
3316,Python is the best language.,OPINION
3317,Python is the best language.,OPINION
3318,Mount Everest is the tallest mountain.,FACTUAL
3319,Water freezes at 0°C.,FACTUAL
3320,All mammals are animals.,LOGICAL
3321,A triangle has 3 sides.,NUMERIC
3322,This movie is fantastic.,OPINION
3323,Mount Everest is the tallest mountain.,FACTUAL
3324,Every square is a rectangle.,LOGICAL
3325,Paris is the capital of France.,FACTUAL
3326,The Olympics were held in Tokyo in 2021.,TEMPORAL
3327,If A>B and B>C then A>C.,LOGICAL
3328,The Olympics were held in Tokyo in 2021.,TEMPORAL
3329,The Earth is 149.6 million km from the Sun.,NUMERIC
3330,The company was founded in 2010.,TEMPORAL
3331,Mount Everest is the tallest mountain.,FACTUAL
3332,AI is the greatest invention.,OPINION
3333,Every square is a rectangle.,LOGICAL
3334,All mammals are animals.,LOGICAL
3335,AI is the greatest invention.,OPINION
3336,A triangle has 3 sides.,NUMERIC
3337,AI is the greatest invention.,OPINION
3338,If A>B and B>C then A>C.,LOGICAL
3339,The Olympics were held in Tokyo in 2021.,TEMPORAL
3340,Paris is the capital of France.,FACTUAL
3341,Every square is a rectangle.,LOGICAL
3342,The Earth is 149.6 million km from the Sun.,NUMERIC
3343,Water freezes at 0°C.,FACTUAL
3344,The company was founded in 2010.,TEMPORAL
3345,A triangle has 3 sides.,NUMERIC
3346,Paris is the capital of France.,FACTUAL
3347,Mount Everest is the tallest mountain.,FACTUAL
3348,Every square is a rectangle.,LOGICAL
3349,India became independent in 1947.,TEMPORAL
3350,Python is the best language.,OPINION
3351,Every square is a rectangle.,LOGICAL
3352,Python is the best language.,OPINION
3353,The Earth is 149.6 million km from the Sun.,NUMERIC
3354,This movie is fantastic.,OPINION
3355,Paris is the capital of France.,FACTUAL
3356,The company was founded in 2010.,TEMPORAL
3357,15 + 27 = 42.,NUMERIC
3358,15 + 27 = 42.,NUMERIC
3359,Water freezes at 0°C.,FACTUAL
3360,The Olympics were held in Tokyo in 2021.,TEMPORAL
3361,If A>B and B>C then A>C.,LOGICAL
3362,15 + 27 = 42.,NUMERIC
3363,15 + 27 = 42.,NUMERIC
3364,Mount Everest is the tallest mountain.,FACTUAL
3365,India became independent in 1947.,TEMPORAL
3366,If A>B and B>C then A>C.,LOGICAL
3367,Every square is a rectangle.,LOGICAL
3368,Mount Everest is the tallest mountain.,FACTUAL
3369,All mammals are animals.,LOGICAL
3370,A triangle has 3 sides.,NUMERIC
3371,If A>B and B>C then A>C.,LOGICAL
3372,If A>B and B>C then A>C.,LOGICAL
3373,Mount Everest is the tallest mountain.,FACTUAL
3374,AI is the greatest invention.,OPINION
3375,A triangle has 3 sides.,NUMERIC
3376,The company was founded in 2010.,TEMPORAL
3377,AI is the greatest invention.,OPINION
3378,Paris is the capital of France.,FACTUAL
3379,15 + 27 = 42.,NUMERIC
3380,India became independent in 1947.,TEMPORAL
3381,15 + 27 = 42.,NUMERIC
3382,Python is the best language.,OPINION
3383,The Olympics were held in Tokyo in 2021.,TEMPORAL
3384,Paris is the capital of France.,FACTUAL
3385,Water freezes at 0°C.,FACTUAL
3386,15 + 27 = 42.,NUMERIC
3387,The company was founded in 2010.,TEMPORAL
3388,Python is the best language.,OPINION
3389,AI is the greatest invention.,OPINION
3390,Every square is a rectangle.,LOGICAL
3391,This movie is fantastic.,OPINION
3392,Paris is the capital of France.,FACTUAL
3393,The Olympics were held in Tokyo in 2021.,TEMPORAL
3394,The Olympics were held in Tokyo in 2021.,TEMPORAL
3395,Water freezes at 0°C.,FACTUAL
3396,AI is the greatest invention.,OPINION
3397,The Olympics were held in Tokyo in 2021.,TEMPORAL
3398,15 + 27 = 42.,NUMERIC
3399,The Olympics were held in Tokyo in 2021.,TEMPORAL
3400,This movie is fantastic.,OPINION
3401,AI is the greatest invention.,OPINION
3402,A triangle has 3 sides.,NUMERIC
3403,Paris is the capital of France.,FACTUAL
3404,Python is the best language.,OPINION
3405,AI is the greatest invention.,OPINION
3406,Every square is a rectangle.,LOGICAL
3407,Python is the best language.,OPINION
3408,The Olympics were held in Tokyo in 2021.,TEMPORAL
3409,This movie is fantastic.,OPINION
3410,The company was founded in 2010.,TEMPORAL
3411,Python is the best language.,OPINION
3412,India became independent in 1947.,TEMPORAL
3413,Python is the best language.,OPINION
3414,Every square is a rectangle.,LOGICAL
3415,If A>B and B>C then A>C.,LOGICAL
3416,A triangle has 3 sides.,NUMERIC
3417,A triangle has 3 sides.,NUMERIC
3418,India became independent in 1947.,TEMPORAL
3419,Paris is the capital of France.,FACTUAL
3420,Water freezes at 0°C.,FACTUAL
3421,Mount Everest is the tallest mountain.,FACTUAL
3422,A triangle has 3 sides.,NUMERIC
3423,If A>B and B>C then A>C.,LOGICAL
3424,Water freezes at 0°C.,FACTUAL
3425,The company was founded in 2010.,TEMPORAL
3426,15 + 27 = 42.,NUMERIC
3427,A triangle has 3 sides.,NUMERIC
3428,The Olympics were held in Tokyo in 2021.,TEMPORAL
3429,Water freezes at 0°C.,FACTUAL
3430,The company was founded in 2010.,TEMPORAL
3431,This movie is fantastic.,OPINION
3432,Paris is the capital of France.,FACTUAL
3433,The Olympics were held in Tokyo in 2021.,TEMPORAL
3434,Every square is a rectangle.,LOGICAL
3435,Python is the best language.,OPINION
3436,Paris is the capital of France.,FACTUAL
3437,The Earth is 149.6 million km from the Sun.,NUMERIC
3438,The company was founded in 2010.,TEMPORAL
3439,If A>B and B>C then A>C.,LOGICAL
3440,Mount Everest is the tallest mountain.,FACTUAL
3441,The Earth is 149.6 million km from the Sun.,NUMERIC
3442,A triangle has 3 sides.,NUMERIC
3443,Every square is a rectangle.,LOGICAL
3444,The Olympics were held in Tokyo in 2021.,TEMPORAL
3445,Every square is a rectangle.,LOGICAL
3446,Mount Everest is the tallest mountain.,FACTUAL
3447,The company was founded in 2010.,TEMPORAL
3448,The company was founded in 2010.,TEMPORAL
3449,AI is the greatest invention.,OPINION
3450,A triangle has 3 sides.,NUMERIC
3451,The Olympics were held in Tokyo in 2021.,TEMPORAL
3452,Paris is the capital of France.,FACTUAL
3453,India became independent in 1947.,TEMPORAL
3454,The Olympics were held in Tokyo in 2021.,TEMPORAL
3455,AI is the greatest invention.,OPINION
3456,Python is the best language.,OPINION
3457,All mammals are animals.,LOGICAL
3458,AI is the greatest invention.,OPINION
3459,The company was founded in 2010.,TEMPORAL
3460,The company was founded in 2010.,TEMPORAL
3461,Water freezes at 0°C.,FACTUAL
3462,All mammals are animals.,LOGICAL
3463,All mammals are animals.,LOGICAL
3464,The Olympics were held in Tokyo in 2021.,TEMPORAL
3465,India became independent in 1947.,TEMPORAL
3466,This movie is fantastic.,OPINION
3467,15 + 27 = 42.,NUMERIC
3468,India became independent in 1947.,TEMPORAL
3469,15 + 27 = 42.,NUMERIC
3470,Every square is a rectangle.,LOGICAL
3471,Water freezes at 0°C.,FACTUAL
3472,AI is the greatest invention.,OPINION
3473,The Earth is 149.6 million km from the Sun.,NUMERIC
3474,Every square is a rectangle.,LOGICAL
3475,This movie is fantastic.,OPINION
3476,India became independent in 1947.,TEMPORAL
3477,Mount Everest is the tallest mountain.,FACTUAL
3478,15 + 27 = 42.,NUMERIC
3479,Water freezes at 0°C.,FACTUAL
3480,Every square is a rectangle.,LOGICAL
3481,AI is the greatest invention.,OPINION
3482,Water freezes at 0°C.,FACTUAL
3483,Mount Everest is the tallest mountain.,FACTUAL
3484,AI is the greatest invention.,OPINION
3485,The Olympics were held in Tokyo in 2021.,TEMPORAL
3486,Paris is the capital of France.,FACTUAL
3487,Python is the best language.,OPINION
3488,India became independent in 1947.,TEMPORAL
3489,This movie is fantastic.,OPINION
3490,The Earth is 149.6 million km from the Sun.,NUMERIC
3491,15 + 27 = 42.,NUMERIC
3492,The Olympics were held in Tokyo in 2021.,TEMPORAL
3493,This movie is fantastic.,OPINION
3494,Every square is a rectangle.,LOGICAL
3495,Water freezes at 0°C.,FACTUAL
3496,15 + 27 = 42.,NUMERIC
3497,India became independent in 1947.,TEMPORAL
3498,Mount Everest is the tallest mountain.,FACTUAL
3499,Python is the best language.,OPINION
3500,Paris is the capital of France.,FACTUAL
3501,This movie is fantastic.,OPINION
3502,This movie is fantastic.,OPINION
3503,India became independent in 1947.,TEMPORAL
3504,The company was founded in 2010.,TEMPORAL
3505,15 + 27 = 42.,NUMERIC
3506,Water freezes at 0°C.,FACTUAL
3507,This movie is fantastic.,OPINION
3508,This movie is fantastic.,OPINION
3509,Paris is the capital of France.,FACTUAL
3510,Water freezes at 0°C.,FACTUAL
3511,Paris is the capital of France.,FACTUAL
3512,All mammals are animals.,LOGICAL
3513,Water freezes at 0°C.,FACTUAL
3514,All mammals are animals.,LOGICAL
3515,Python is the best language.,OPINION
3516,Every square is a rectangle.,LOGICAL
3517,The Olympics were held in Tokyo in 2021.,TEMPORAL
3518,India became independent in 1947.,TEMPORAL
3519,AI is the greatest invention.,OPINION
3520,Every square is a rectangle.,LOGICAL
3521,15 + 27 = 42.,NUMERIC
3522,All mammals are animals.,LOGICAL
3523,If A>B and B>C then A>C.,LOGICAL
3524,If A>B and B>C then A>C.,LOGICAL
3525,15 + 27 = 42.,NUMERIC
3526,A triangle has 3 sides.,NUMERIC
3527,The Olympics were held in Tokyo in 2021.,TEMPORAL
3528,All mammals are animals.,LOGICAL
3529,The Olympics were held in Tokyo in 2021.,TEMPORAL
3530,If A>B and B>C then A>C.,LOGICAL
3531,Paris is the capital of France.,FACTUAL
3532,All mammals are animals.,LOGICAL
3533,The Olympics were held in Tokyo in 2021.,TEMPORAL
3534,All mammals are animals.,LOGICAL
3535,The Olympics were held in Tokyo in 2021.,TEMPORAL
3536,Python is the best language.,OPINION
3537,A triangle has 3 sides.,NUMERIC
3538,Water freezes at 0°C.,FACTUAL
3539,Water freezes at 0°C.,FACTUAL
3540,Python is the best language.,OPINION
3541,Water freezes at 0°C.,FACTUAL
3542,This movie is fantastic.,OPINION
3543,Every square is a rectangle.,LOGICAL
3544,All mammals are animals.,LOGICAL
3545,AI is the greatest invention.,OPINION
3546,AI is the greatest invention.,OPINION
3547,If A>B and B>C then A>C.,LOGICAL
3548,Water freezes at 0°C.,FACTUAL
3549,A triangle has 3 sides.,NUMERIC
3550,This movie is fantastic.,OPINION
3551,Every square is a rectangle.,LOGICAL
3552,The company was founded in 2010.,TEMPORAL
3553,15 + 27 = 42.,NUMERIC
3554,Mount Everest is the tallest mountain.,FACTUAL
3555,This movie is fantastic.,OPINION
3556,Mount Everest is the tallest mountain.,FACTUAL
3557,This movie is fantastic.,OPINION
3558,The company was founded in 2010.,TEMPORAL
3559,Water freezes at 0°C.,FACTUAL
3560,The Earth is 149.6 million km from the Sun.,NUMERIC
3561,All mammals are animals.,LOGICAL
3562,AI is the greatest invention.,OPINION
3563,This movie is fantastic.,OPINION
3564,The Olympics were held in Tokyo in 2021.,TEMPORAL
3565,Paris is the capital of France.,FACTUAL
3566,15 + 27 = 42.,NUMERIC
3567,Python is the best language.,OPINION
3568,Paris is the capital of France.,FACTUAL
3569,The Earth is 149.6 million km from the Sun.,NUMERIC
3570,This movie is fantastic.,OPINION
3571,Every square is a rectangle.,LOGICAL
3572,This movie is fantastic.,OPINION
3573,15 + 27 = 42.,NUMERIC
3574,The Olympics were held in Tokyo in 2021.,TEMPORAL
3575,Python is the best language.,OPINION
3576,The Olympics were held in Tokyo in 2021.,TEMPORAL
3577,India became independent in 1947.,TEMPORAL
3578,AI is the greatest invention.,OPINION
3579,Python is the best language.,OPINION
3580,All mammals are animals.,LOGICAL
3581,India became independent in 1947.,TEMPORAL
3582,The company was founded in 2010.,TEMPORAL
3583,Paris is the capital of France.,FACTUAL
3584,This movie is fantastic.,OPINION
3585,Water freezes at 0°C.,FACTUAL
3586,Paris is the capital of France.,FACTUAL
3587,Every square is a rectangle.,LOGICAL
3588,This movie is fantastic.,OPINION
3589,The company was founded in 2010.,TEMPORAL
3590,If A>B and B>C then A>C.,LOGICAL
3591,If A>B and B>C then A>C.,LOGICAL
3592,AI is the greatest invention.,OPINION
3593,The Earth is 149.6 million km from the Sun.,NUMERIC
3594,15 + 27 = 42.,NUMERIC
3595,This movie is fantastic.,OPINION
3596,The Olympics were held in Tokyo in 2021.,TEMPORAL
3597,The Earth is 149.6 million km from the Sun.,NUMERIC
3598,15 + 27 = 42.,NUMERIC
3599,Paris is the capital of France.,FACTUAL
3600,Paris is the capital of France.,FACTUAL
3601,Every square is a rectangle.,LOGICAL
3602,All mammals are animals.,LOGICAL
3603,Paris is the capital of France.,FACTUAL
3604,If A>B and B>C then A>C.,LOGICAL
3605,This movie is fantastic.,OPINION
3606,AI is the greatest invention.,OPINION
3607,Every square is a rectangle.,LOGICAL
3608,Every square is a rectangle.,LOGICAL
3609,If A>B and B>C then A>C.,LOGICAL
3610,India became independent in 1947.,TEMPORAL
3611,The Earth is 149.6 million km from the Sun.,NUMERIC
3612,AI is the greatest invention.,OPINION
3613,This movie is fantastic.,OPINION
3614,A triangle has 3 sides.,NUMERIC
3615,This movie is fantastic.,OPINION
3616,Every square is a rectangle.,LOGICAL
3617,This movie is fantastic.,OPINION
3618,Paris is the capital of France.,FACTUAL
3619,This movie is fantastic.,OPINION
3620,India became independent in 1947.,TEMPORAL
3621,This movie is fantastic.,OPINION
3622,Paris is the capital of France.,FACTUAL
3623,This movie is fantastic.,OPINION
3624,Every square is a rectangle.,LOGICAL
3625,Mount Everest is the tallest mountain.,FACTUAL
3626,AI is the greatest invention.,OPINION
3627,The Earth is 149.6 million km from the Sun.,NUMERIC
3628,Mount Everest is the tallest mountain.,FACTUAL
3629,Python is the best language.,OPINION
3630,The company was founded in 2010.,TEMPORAL
3631,Water freezes at 0°C.,FACTUAL
3632,AI is the greatest invention.,OPINION
3633,If A>B and B>C then A>C.,LOGICAL
3634,This movie is fantastic.,OPINION
3635,Python is the best language.,OPINION
3636,The Olympics were held in Tokyo in 2021.,TEMPORAL
3637,The Olympics were held in Tokyo in 2021.,TEMPORAL
3638,India became independent in 1947.,TEMPORAL
3639,Mount Everest is the tallest mountain.,FACTUAL
3640,Python is the best language.,OPINION
3641,The company was founded in 2010.,TEMPORAL
3642,This movie is fantastic.,OPINION
3643,Mount Everest is the tallest mountain.,FACTUAL
3644,Every square is a rectangle.,LOGICAL
3645,A triangle has 3 sides.,NUMERIC
3646,Mount Everest is the tallest mountain.,FACTUAL
3647,The company was founded in 2010.,TEMPORAL
3648,AI is the greatest invention.,OPINION
3649,The Olympics were held in Tokyo in 2021.,TEMPORAL
3650,Paris is the capital of France.,FACTUAL
3651,AI is the greatest invention.,OPINION
3652,The Olympics were held in Tokyo in 2021.,TEMPORAL
3653,A triangle has 3 sides.,NUMERIC
3654,The Olympics were held in Tokyo in 2021.,TEMPORAL
3655,India became independent in 1947.,TEMPORAL
3656,Mount Everest is the tallest mountain.,FACTUAL
3657,A triangle has 3 sides.,NUMERIC
3658,A triangle has 3 sides.,NUMERIC
3659,If A>B and B>C then A>C.,LOGICAL
3660,The Earth is 149.6 million km from the Sun.,NUMERIC
3661,The Earth is 149.6 million km from the Sun.,NUMERIC
3662,A triangle has 3 sides.,NUMERIC
3663,Water freezes at 0°C.,FACTUAL
3664,Paris is the capital of France.,FACTUAL
3665,AI is the greatest invention.,OPINION
3666,If A>B and B>C then A>C.,LOGICAL
3667,All mammals are animals.,LOGICAL
3668,Every square is a rectangle.,LOGICAL
3669,15 + 27 = 42.,NUMERIC
3670,Python is the best language.,OPINION
3671,India became independent in 1947.,TEMPORAL
3672,India became independent in 1947.,TEMPORAL
3673,Paris is the capital of France.,FACTUAL
3674,If A>B and B>C then A>C.,LOGICAL
3675,If A>B and B>C then A>C.,LOGICAL
3676,Every square is a rectangle.,LOGICAL
3677,AI is the greatest invention.,OPINION
3678,Every square is a rectangle.,LOGICAL
3679,If A>B and B>C then A>C.,LOGICAL
3680,India became independent in 1947.,TEMPORAL
3681,This movie is fantastic.,OPINION
3682,Water freezes at 0°C.,FACTUAL
3683,If A>B and B>C then A>C.,LOGICAL
3684,The company was founded in 2010.,TEMPORAL
3685,Paris is the capital of France.,FACTUAL
3686,Python is the best language.,OPINION
3687,The Olympics were held in Tokyo in 2021.,TEMPORAL
3688,Python is the best language.,OPINION
3689,The Olympics were held in Tokyo in 2021.,TEMPORAL
3690,The Olympics were held in Tokyo in 2021.,TEMPORAL
3691,Water freezes at 0°C.,FACTUAL
3692,This movie is fantastic.,OPINION
3693,Every square is a rectangle.,LOGICAL
3694,A triangle has 3 sides.,NUMERIC
3695,AI is the greatest invention.,OPINION
3696,This movie is fantastic.,OPINION
3697,The Earth is 149.6 million km from the Sun.,NUMERIC
3698,AI is the greatest invention.,OPINION
3699,Paris is the capital of France.,FACTUAL
3700,Water freezes at 0°C.,FACTUAL
3701,Mount Everest is the tallest mountain.,FACTUAL
3702,Mount Everest is the tallest mountain.,FACTUAL
3703,If A>B and B>C then A>C.,LOGICAL
3704,A triangle has 3 sides.,NUMERIC
3705,The Olympics were held in Tokyo in 2021.,TEMPORAL
3706,15 + 27 = 42.,NUMERIC
3707,Mount Everest is the tallest mountain.,FACTUAL
3708,Paris is the capital of France.,FACTUAL
3709,Python is the best language.,OPINION
3710,A triangle has 3 sides.,NUMERIC
3711,Mount Everest is the tallest mountain.,FACTUAL
3712,Paris is the capital of France.,FACTUAL
3713,AI is the greatest invention.,OPINION
3714,Every square is a rectangle.,LOGICAL
3715,AI is the greatest invention.,OPINION
3716,Mount Everest is the tallest mountain.,FACTUAL
3717,The Earth is 149.6 million km from the Sun.,NUMERIC
3718,The Olympics were held in Tokyo in 2021.,TEMPORAL
3719,Mount Everest is the tallest mountain.,FACTUAL
3720,If A>B and B>C then A>C.,LOGICAL
3721,Every square is a rectangle.,LOGICAL
3722,The Olympics were held in Tokyo in 2021.,TEMPORAL
3723,15 + 27 = 42.,NUMERIC
3724,India became independent in 1947.,TEMPORAL
3725,If A>B and B>C then A>C.,LOGICAL
3726,India became independent in 1947.,TEMPORAL
3727,The Olympics were held in Tokyo in 2021.,TEMPORAL
3728,The Earth is 149.6 million km from the Sun.,NUMERIC
3729,Water freezes at 0°C.,FACTUAL
3730,A triangle has 3 sides.,NUMERIC
3731,All mammals are animals.,LOGICAL
3732,All mammals are animals.,LOGICAL
3733,A triangle has 3 sides.,NUMERIC
3734,All mammals are animals.,LOGICAL
3735,Python is the best language.,OPINION
3736,Water freezes at 0°C.,FACTUAL
3737,India became independent in 1947.,TEMPORAL
3738,Paris is the capital of France.,FACTUAL
3739,Mount Everest is the tallest mountain.,FACTUAL
3740,The Olympics were held in Tokyo in 2021.,TEMPORAL
3741,Water freezes at 0°C.,FACTUAL
3742,A triangle has 3 sides.,NUMERIC
3743,Paris is the capital of France.,FACTUAL
3744,If A>B and B>C then A>C.,LOGICAL
3745,A triangle has 3 sides.,NUMERIC
3746,The Olympics were held in Tokyo in 2021.,TEMPORAL
3747,AI is the greatest invention.,OPINION
3748,Python is the best language.,OPINION
3749,If A>B and B>C then A>C.,LOGICAL
3750,If A>B and B>C then A>C.,LOGICAL
3751,Mount Everest is the tallest mountain.,FACTUAL
3752,15 + 27 = 42.,NUMERIC
3753,Every square is a rectangle.,LOGICAL
3754,All mammals are animals.,LOGICAL
3755,Python is the best language.,OPINION
3756,The Olympics were held in Tokyo in 2021.,TEMPORAL
3757,The Olympics were held in Tokyo in 2021.,TEMPORAL
3758,Mount Everest is the tallest mountain.,FACTUAL
3759,Water freezes at 0°C.,FACTUAL
3760,This movie is fantastic.,OPINION
3761,Water freezes at 0°C.,FACTUAL
3762,The company was founded in 2010.,TEMPORAL
3763,15 + 27 = 42.,NUMERIC
3764,AI is the greatest invention.,OPINION
3765,Every square is a rectangle.,LOGICAL
3766,The Earth is 149.6 million km from the Sun.,NUMERIC
3767,All mammals are animals.,LOGICAL
3768,The Olympics were held in Tokyo in 2021.,TEMPORAL
3769,Mount Everest is the tallest mountain.,FACTUAL
3770,Every square is a rectangle.,LOGICAL
3771,15 + 27 = 42.,NUMERIC
3772,Paris is the capital of France.,FACTUAL
3773,Mount Everest is the tallest mountain.,FACTUAL
3774,AI is the greatest invention.,OPINION
3775,If A>B and B>C then A>C.,LOGICAL
3776,Mount Everest is the tallest mountain.,FACTUAL
3777,The Olympics were held in Tokyo in 2021.,TEMPORAL
3778,This movie is fantastic.,OPINION
3779,Paris is the capital of France.,FACTUAL
3780,India became independent in 1947.,TEMPORAL
3781,The company was founded in 2010.,TEMPORAL
3782,Water freezes at 0°C.,FACTUAL
3783,Paris is the capital of France.,FACTUAL
3784,This movie is fantastic.,OPINION
3785,AI is the greatest invention.,OPINION
3786,AI is the greatest invention.,OPINION
3787,Paris is the capital of France.,FACTUAL
3788,The Earth is 149.6 million km from the Sun.,NUMERIC
3789,Water freezes at 0°C.,FACTUAL
3790,AI is the greatest invention.,OPINION
3791,A triangle has 3 sides.,NUMERIC
3792,15 + 27 = 42.,NUMERIC
3793,A triangle has 3 sides.,NUMERIC
3794,Water freezes at 0°C.,FACTUAL
3795,Water freezes at 0°C.,FACTUAL
3796,AI is the greatest invention.,OPINION
3797,AI is the greatest invention.,OPINION
3798,Paris is the capital of France.,FACTUAL
3799,Every square is a rectangle.,LOGICAL
3800,AI is the greatest invention.,OPINION
3801,Paris is the capital of France.,FACTUAL
3802,If A>B and B>C then A>C.,LOGICAL
3803,If A>B and B>C then A>C.,LOGICAL
3804,Mount Everest is the tallest mountain.,FACTUAL
3805,Python is the best language.,OPINION
3806,The Earth is 149.6 million km from the Sun.,NUMERIC
3807,15 + 27 = 42.,NUMERIC
3808,AI is the greatest invention.,OPINION
3809,India became independent in 1947.,TEMPORAL
3810,Water freezes at 0°C.,FACTUAL
3811,The Earth is 149.6 million km from the Sun.,NUMERIC
3812,A triangle has 3 sides.,NUMERIC
3813,The company was founded in 2010.,TEMPORAL
3814,The Earth is 149.6 million km from the Sun.,NUMERIC
3815,A triangle has 3 sides.,NUMERIC
3816,Paris is the capital of France.,FACTUAL
3817,Mount Everest is the tallest mountain.,FACTUAL
3818,This movie is fantastic.,OPINION
3819,15 + 27 = 42.,NUMERIC
3820,All mammals are animals.,LOGICAL
3821,Paris is the capital of France.,FACTUAL
3822,15 + 27 = 42.,NUMERIC
3823,This movie is fantastic.,OPINION
3824,Every square is a rectangle.,LOGICAL
3825,Every square is a rectangle.,LOGICAL
3826,15 + 27 = 42.,NUMERIC
3827,A triangle has 3 sides.,NUMERIC
3828,The company was founded in 2010.,TEMPORAL
3829,If A>B and B>C then A>C.,LOGICAL
3830,15 + 27 = 42.,NUMERIC
3831,Python is the best language.,OPINION
3832,Mount Everest is the tallest mountain.,FACTUAL
3833,A triangle has 3 sides.,NUMERIC
3834,Every square is a rectangle.,LOGICAL
3835,Mount Everest is the tallest mountain.,FACTUAL
3836,The Olympics were held in Tokyo in 2021.,TEMPORAL
3837,All mammals are animals.,LOGICAL
3838,AI is the greatest invention.,OPINION
3839,15 + 27 = 42.,NUMERIC
3840,AI is the greatest invention.,OPINION
3841,This movie is fantastic.,OPINION
3842,Python is the best language.,OPINION
3843,The Earth is 149.6 million km from the Sun.,NUMERIC
3844,The Earth is 149.6 million km from the Sun.,NUMERIC
3845,Paris is the capital of France.,FACTUAL
3846,Paris is the capital of France.,FACTUAL
3847,If A>B and B>C then A>C.,LOGICAL
3848,15 + 27 = 42.,NUMERIC
3849,Paris is the capital of France.,FACTUAL
3850,The Olympics were held in Tokyo in 2021.,TEMPORAL
3851,The Earth is 149.6 million km from the Sun.,NUMERIC
3852,The Olympics were held in Tokyo in 2021.,TEMPORAL
3853,This movie is fantastic.,OPINION
3854,Paris is the capital of France.,FACTUAL
3855,Mount Everest is the tallest mountain.,FACTUAL
3856,15 + 27 = 42.,NUMERIC
3857,Water freezes at 0°C.,FACTUAL
3858,AI is the greatest invention.,OPINION
3859,Paris is the capital of France.,FACTUAL
3860,Every square is a rectangle.,LOGICAL
3861,This movie is fantastic.,OPINION
3862,All mammals are animals.,LOGICAL
3863,India became independent in 1947.,TEMPORAL
3864,Water freezes at 0°C.,FACTUAL
3865,15 + 27 = 42.,NUMERIC
3866,A triangle has 3 sides.,NUMERIC
3867,All mammals are animals.,LOGICAL
3868,All mammals are animals.,LOGICAL
3869,Water freezes at 0°C.,FACTUAL
3870,This movie is fantastic.,OPINION
3871,Water freezes at 0°C.,FACTUAL
3872,15 + 27 = 42.,NUMERIC
3873,This movie is fantastic.,OPINION
3874,The Earth is 149.6 million km from the Sun.,NUMERIC
3875,India became independent in 1947.,TEMPORAL
3876,Every square is a rectangle.,LOGICAL
3877,A triangle has 3 sides.,NUMERIC
3878,The Olympics were held in Tokyo in 2021.,TEMPORAL
3879,The Earth is 149.6 million km from the Sun.,NUMERIC
3880,15 + 27 = 42.,NUMERIC
3881,AI is the greatest invention.,OPINION
3882,India became independent in 1947.,TEMPORAL
3883,Water freezes at 0°C.,FACTUAL
3884,If A>B and B>C then A>C.,LOGICAL
3885,The Earth is 149.6 million km from the Sun.,NUMERIC
3886,The Earth is 149.6 million km from the Sun.,NUMERIC
3887,AI is the greatest invention.,OPINION
3888,AI is the greatest invention.,OPINION
3889,Python is the best language.,OPINION
3890,15 + 27 = 42.,NUMERIC
3891,Every square is a rectangle.,LOGICAL
3892,All mammals are animals.,LOGICAL
3893,This movie is fantastic.,OPINION
3894,If A>B and B>C then A>C.,LOGICAL
3895,Mount Everest is the tallest mountain.,FACTUAL
3896,Every square is a rectangle.,LOGICAL
3897,15 + 27 = 42.,NUMERIC
3898,The Olympics were held in Tokyo in 2021.,TEMPORAL
3899,AI is the greatest invention.,OPINION
3900,AI is the greatest invention.,OPINION
3901,AI is the greatest invention.,OPINION
3902,All mammals are animals.,LOGICAL
3903,Water freezes at 0°C.,FACTUAL
3904,AI is the greatest invention.,OPINION
3905,Every square is a rectangle.,LOGICAL
3906,If A>B and B>C then A>C.,LOGICAL
3907,Water freezes at 0°C.,FACTUAL
3908,All mammals are animals.,LOGICAL
3909,Mount Everest is the tallest mountain.,FACTUAL
3910,Mount Everest is the tallest mountain.,FACTUAL
3911,All mammals are animals.,LOGICAL
3912,The Earth is 149.6 million km from the Sun.,NUMERIC
3913,India became independent in 1947.,TEMPORAL
3914,Paris is the capital of France.,FACTUAL
3915,Every square is a rectangle.,LOGICAL
3916,India became independent in 1947.,TEMPORAL
3917,Every square is a rectangle.,LOGICAL
3918,AI is the greatest invention.,OPINION
3919,If A>B and B>C then A>C.,LOGICAL
3920,A triangle has 3 sides.,NUMERIC
3921,All mammals are animals.,LOGICAL
3922,The company was founded in 2010.,TEMPORAL
3923,Every square is a rectangle.,LOGICAL
3924,Mount Everest is the tallest mountain.,FACTUAL
3925,Water freezes at 0°C.,FACTUAL
3926,The company was founded in 2010.,TEMPORAL
3927,Water freezes at 0°C.,FACTUAL
3928,If A>B and B>C then A>C.,LOGICAL
3929,Python is the best language.,OPINION
3930,AI is the greatest invention.,OPINION
3931,Mount Everest is the tallest mountain.,FACTUAL
3932,The company was founded in 2010.,TEMPORAL
3933,Mount Everest is the tallest mountain.,FACTUAL
3934,India became independent in 1947.,TEMPORAL
3935,Water freezes at 0°C.,FACTUAL
3936,The Olympics were held in Tokyo in 2021.,TEMPORAL
3937,AI is the greatest invention.,OPINION
3938,The Olympics were held in Tokyo in 2021.,TEMPORAL
3939,A triangle has 3 sides.,NUMERIC
3940,Python is the best language.,OPINION
3941,Mount Everest is the tallest mountain.,FACTUAL
3942,15 + 27 = 42.,NUMERIC
3943,India became independent in 1947.,TEMPORAL
3944,AI is the greatest invention.,OPINION
3945,Every square is a rectangle.,LOGICAL
3946,Python is the best language.,OPINION
3947,A triangle has 3 sides.,NUMERIC
3948,The Earth is 149.6 million km from the Sun.,NUMERIC
3949,The Olympics were held in Tokyo in 2021.,TEMPORAL
3950,Python is the best language.,OPINION
3951,If A>B and B>C then A>C.,LOGICAL
3952,Paris is the capital of France.,FACTUAL
3953,The Olympics were held in Tokyo in 2021.,TEMPORAL
3954,If A>B and B>C then A>C.,LOGICAL
3955,Python is the best language.,OPINION
3956,Water freezes at 0°C.,FACTUAL
3957,Python is the best language.,OPINION
3958,This movie is fantastic.,OPINION
3959,Every square is a rectangle.,LOGICAL
3960,The company was founded in 2010.,TEMPORAL
3961,Paris is the capital of France.,FACTUAL
3962,All mammals are animals.,LOGICAL
3963,Water freezes at 0°C.,FACTUAL
3964,The Earth is 149.6 million km from the Sun.,NUMERIC
3965,Paris is the capital of France.,FACTUAL
3966,The Earth is 149.6 million km from the Sun.,NUMERIC
3967,Mount Everest is the tallest mountain.,FACTUAL
3968,The Earth is 149.6 million km from the Sun.,NUMERIC
3969,15 + 27 = 42.,NUMERIC
3970,Python is the best language.,OPINION
3971,Water freezes at 0°C.,FACTUAL
3972,Every square is a rectangle.,LOGICAL
3973,AI is the greatest invention.,OPINION
3974,If A>B and B>C then A>C.,LOGICAL
3975,If A>B and B>C then A>C.,LOGICAL
3976,Water freezes at 0°C.,FACTUAL
3977,15 + 27 = 42.,NUMERIC
3978,Paris is the capital of France.,FACTUAL
3979,Python is the best language.,OPINION
3980,The Olympics were held in Tokyo in 2021.,TEMPORAL
3981,This movie is fantastic.,OPINION
3982,The Olympics were held in Tokyo in 2021.,TEMPORAL
3983,Python is the best language.,OPINION
3984,Python is the best language.,OPINION
3985,If A>B and B>C then A>C.,LOGICAL
3986,The company was founded in 2010.,TEMPORAL
3987,The Earth is 149.6 million km from the Sun.,NUMERIC
3988,The Earth is 149.6 million km from the Sun.,NUMERIC
3989,The Earth is 149.6 million km from the Sun.,NUMERIC
3990,The Olympics were held in Tokyo in 2021.,TEMPORAL
3991,Paris is the capital of France.,FACTUAL
3992,The Olympics were held in Tokyo in 2021.,TEMPORAL
3993,All mammals are animals.,LOGICAL
3994,AI is the greatest invention.,OPINION
3995,This movie is fantastic.,OPINION
3996,15 + 27 = 42.,NUMERIC
3997,15 + 27 = 42.,NUMERIC
3998,15 + 27 = 42.,NUMERIC
3999,Water freezes at 0°C.,FACTUAL
4000,AI is the greatest invention.,OPINION
4001,If A>B and B>C then A>C.,LOGICAL
4002,India became independent in 1947.,TEMPORAL
4003,A triangle has 3 sides.,NUMERIC
4004,Mount Everest is the tallest mountain.,FACTUAL
4005,The Olympics were held in Tokyo in 2021.,TEMPORAL
4006,The Earth is 149.6 million km from the Sun.,NUMERIC
4007,Every square is a rectangle.,LOGICAL
4008,A triangle has 3 sides.,NUMERIC
4009,India became independent in 1947.,TEMPORAL
4010,Water freezes at 0°C.,FACTUAL
4011,All mammals are animals.,LOGICAL
4012,If A>B and B>C then A>C.,LOGICAL
4013,15 + 27 = 42.,NUMERIC
4014,Python is the best language.,OPINION
4015,The company was founded in 2010.,TEMPORAL
4016,The Olympics were held in Tokyo in 2021.,TEMPORAL
4017,The company was founded in 2010.,TEMPORAL
4018,A triangle has 3 sides.,NUMERIC
4019,If A>B and B>C then A>C.,LOGICAL
4020,Mount Everest is the tallest mountain.,FACTUAL
4021,All mammals are animals.,LOGICAL
4022,A triangle has 3 sides.,NUMERIC
4023,AI is the greatest invention.,OPINION
4024,India became independent in 1947.,TEMPORAL
4025,Every square is a rectangle.,LOGICAL
4026,The Earth is 149.6 million km from the Sun.,NUMERIC
4027,India became independent in 1947.,TEMPORAL
4028,India became independent in 1947.,TEMPORAL
4029,Python is the best language.,OPINION
4030,A triangle has 3 sides.,NUMERIC
4031,AI is the greatest invention.,OPINION
4032,India became independent in 1947.,TEMPORAL
4033,Paris is the capital of France.,FACTUAL
4034,This movie is fantastic.,OPINION
4035,Mount Everest is the tallest mountain.,FACTUAL
4036,All mammals are animals.,LOGICAL
4037,If A>B and B>C then A>C.,LOGICAL
4038,Python is the best language.,OPINION
4039,AI is the greatest invention.,OPINION
4040,The Olympics were held in Tokyo in 2021.,TEMPORAL
4041,A triangle has 3 sides.,NUMERIC
4042,If A>B and B>C then A>C.,LOGICAL
4043,If A>B and B>C then A>C.,LOGICAL
4044,Water freezes at 0°C.,FACTUAL
4045,The Olympics were held in Tokyo in 2021.,TEMPORAL
4046,The Olympics were held in Tokyo in 2021.,TEMPORAL
4047,AI is the greatest invention.,OPINION
4048,A triangle has 3 sides.,NUMERIC
4049,Every square is a rectangle.,LOGICAL
4050,If A>B and B>C then A>C.,LOGICAL
4051,India became independent in 1947.,TEMPORAL
4052,Every square is a rectangle.,LOGICAL
4053,All mammals are animals.,LOGICAL
4054,Python is the best language.,OPINION
4055,Paris is the capital of France.,FACTUAL
4056,The Earth is 149.6 million km from the Sun.,NUMERIC
4057,Every square is a rectangle.,LOGICAL
4058,India became independent in 1947.,TEMPORAL
4059,This movie is fantastic.,OPINION
4060,Paris is the capital of France.,FACTUAL
4061,Every square is a rectangle.,LOGICAL
4062,The Olympics were held in Tokyo in 2021.,TEMPORAL
4063,A triangle has 3 sides.,NUMERIC
4064,Every square is a rectangle.,LOGICAL
4065,AI is the greatest invention.,OPINION
4066,15 + 27 = 42.,NUMERIC
4067,If A>B and B>C then A>C.,LOGICAL
4068,This movie is fantastic.,OPINION
4069,Water freezes at 0°C.,FACTUAL
4070,This movie is fantastic.,OPINION
4071,Every square is a rectangle.,LOGICAL
4072,All mammals are animals.,LOGICAL
4073,Paris is the capital of France.,FACTUAL
4074,The Earth is 149.6 million km from the Sun.,NUMERIC
4075,The company was founded in 2010.,TEMPORAL
4076,All mammals are animals.,LOGICAL
4077,The Olympics were held in Tokyo in 2021.,TEMPORAL
4078,The Earth is 149.6 million km from the Sun.,NUMERIC
4079,15 + 27 = 42.,NUMERIC
4080,Water freezes at 0°C.,FACTUAL
4081,All mammals are animals.,LOGICAL
4082,Python is the best language.,OPINION
4083,The company was founded in 2010.,TEMPORAL
4084,Every square is a rectangle.,LOGICAL
4085,If A>B and B>C then A>C.,LOGICAL
4086,Every square is a rectangle.,LOGICAL
4087,Water freezes at 0°C.,FACTUAL
4088,Python is the best language.,OPINION
4089,AI is the greatest invention.,OPINION
4090,India became independent in 1947.,TEMPORAL
4091,AI is the greatest invention.,OPINION
4092,The Earth is 149.6 million km from the Sun.,NUMERIC
4093,Every square is a rectangle.,LOGICAL
4094,The Earth is 149.6 million km from the Sun.,NUMERIC
4095,15 + 27 = 42.,NUMERIC
4096,The Olympics were held in Tokyo in 2021.,TEMPORAL
4097,Every square is a rectangle.,LOGICAL
4098,India became independent in 1947.,TEMPORAL
4099,The Olympics were held in Tokyo in 2021.,TEMPORAL
4100,Python is the best language.,OPINION
4101,Mount Everest is the tallest mountain.,FACTUAL
4102,A triangle has 3 sides.,NUMERIC
4103,15 + 27 = 42.,NUMERIC
4104,AI is the greatest invention.,OPINION
4105,This movie is fantastic.,OPINION
4106,The company was founded in 2010.,TEMPORAL
4107,The Olympics were held in Tokyo in 2021.,TEMPORAL
4108,India became independent in 1947.,TEMPORAL
4109,Python is the best language.,OPINION
4110,India became independent in 1947.,TEMPORAL
4111,Paris is the capital of France.,FACTUAL
4112,This movie is fantastic.,OPINION
4113,The Olympics were held in Tokyo in 2021.,TEMPORAL
4114,If A>B and B>C then A>C.,LOGICAL
4115,15 + 27 = 42.,NUMERIC
4116,15 + 27 = 42.,NUMERIC
4117,AI is the greatest invention.,OPINION
4118,A triangle has 3 sides.,NUMERIC
4119,Python is the best language.,OPINION
4120,Python is the best language.,OPINION
4121,Python is the best language.,OPINION
4122,Water freezes at 0°C.,FACTUAL
4123,All mammals are animals.,LOGICAL
4124,Paris is the capital of France.,FACTUAL
4125,Water freezes at 0°C.,FACTUAL
4126,The Olympics were held in Tokyo in 2021.,TEMPORAL
4127,India became independent in 1947.,TEMPORAL
4128,Every square is a rectangle.,LOGICAL
4129,This movie is fantastic.,OPINION
4130,A triangle has 3 sides.,NUMERIC
4131,India became independent in 1947.,TEMPORAL
4132,Paris is the capital of France.,FACTUAL
4133,A triangle has 3 sides.,NUMERIC
4134,A triangle has 3 sides.,NUMERIC
4135,The Earth is 149.6 million km from the Sun.,NUMERIC
4136,15 + 27 = 42.,NUMERIC
4137,15 + 27 = 42.,NUMERIC
4138,Every square is a rectangle.,LOGICAL
4139,Paris is the capital of France.,FACTUAL
4140,Water freezes at 0°C.,FACTUAL
4141,All mammals are animals.,LOGICAL
4142,15 + 27 = 42.,NUMERIC
4143,Mount Everest is the tallest mountain.,FACTUAL
4144,Python is the best language.,OPINION
4145,Water freezes at 0°C.,FACTUAL
4146,Water freezes at 0°C.,FACTUAL
4147,Paris is the capital of France.,FACTUAL
4148,The company was founded in 2010.,TEMPORAL
4149,Paris is the capital of France.,FACTUAL
4150,Mount Everest is the tallest mountain.,FACTUAL
4151,A triangle has 3 sides.,NUMERIC
4152,15 + 27 = 42.,NUMERIC
4153,India became independent in 1947.,TEMPORAL
4154,Paris is the capital of France.,FACTUAL
4155,The company was founded in 2010.,TEMPORAL
4156,The Olympics were held in Tokyo in 2021.,TEMPORAL
4157,A triangle has 3 sides.,NUMERIC
4158,AI is the greatest invention.,OPINION
4159,Python is the best language.,OPINION
4160,Paris is the capital of France.,FACTUAL
4161,AI is the greatest invention.,OPINION
4162,AI is the greatest invention.,OPINION
4163,The Earth is 149.6 million km from the Sun.,NUMERIC
4164,A triangle has 3 sides.,NUMERIC
4165,Mount Everest is the tallest mountain.,FACTUAL
4166,Paris is the capital of France.,FACTUAL
4167,Python is the best language.,OPINION
4168,If A>B and B>C then A>C.,LOGICAL
4169,AI is the greatest invention.,OPINION
4170,Every square is a rectangle.,LOGICAL
4171,Paris is the capital of France.,FACTUAL
4172,The Olympics were held in Tokyo in 2021.,TEMPORAL
4173,All mammals are animals.,LOGICAL
4174,AI is the greatest invention.,OPINION
4175,All mammals are animals.,LOGICAL
4176,India became independent in 1947.,TEMPORAL
4177,All mammals are animals.,LOGICAL
4178,AI is the greatest invention.,OPINION
4179,If A>B and B>C then A>C.,LOGICAL
4180,The company was founded in 2010.,TEMPORAL
4181,Paris is the capital of France.,FACTUAL
4182,The Olympics were held in Tokyo in 2021.,TEMPORAL
4183,Water freezes at 0°C.,FACTUAL
4184,The Olympics were held in Tokyo in 2021.,TEMPORAL
4185,Python is the best language.,OPINION
4186,The company was founded in 2010.,TEMPORAL
4187,All mammals are animals.,LOGICAL
4188,This movie is fantastic.,OPINION
4189,The Olympics were held in Tokyo in 2021.,TEMPORAL
4190,15 + 27 = 42.,NUMERIC
4191,Every square is a rectangle.,LOGICAL
4192,India became independent in 1947.,TEMPORAL
4193,Mount Everest is the tallest mountain.,FACTUAL
4194,Every square is a rectangle.,LOGICAL
4195,Water freezes at 0°C.,FACTUAL
4196,Every square is a rectangle.,LOGICAL
4197,Paris is the capital of France.,FACTUAL
4198,The Earth is 149.6 million km from the Sun.,NUMERIC
4199,Every square is a rectangle.,LOGICAL
4200,AI is the greatest invention.,OPINION
4201,15 + 27 = 42.,NUMERIC
4202,India became independent in 1947.,TEMPORAL
4203,India became independent in 1947.,TEMPORAL
4204,This movie is fantastic.,OPINION
4205,Paris is the capital of France.,FACTUAL
4206,Every square is a rectangle.,LOGICAL
4207,If A>B and B>C then A>C.,LOGICAL
4208,Python is the best language.,OPINION
4209,The company was founded in 2010.,TEMPORAL
4210,If A>B and B>C then A>C.,LOGICAL
4211,Every square is a rectangle.,LOGICAL
4212,This movie is fantastic.,OPINION
4213,Every square is a rectangle.,LOGICAL
4214,India became independent in 1947.,TEMPORAL
4215,All mammals are animals.,LOGICAL
4216,Water freezes at 0°C.,FACTUAL
4217,If A>B and B>C then A>C.,LOGICAL
4218,A triangle has 3 sides.,NUMERIC
4219,15 + 27 = 42.,NUMERIC
4220,Mount Everest is the tallest mountain.,FACTUAL
4221,Paris is the capital of France.,FACTUAL
4222,Every square is a rectangle.,LOGICAL
4223,Paris is the capital of France.,FACTUAL
4224,Every square is a rectangle.,LOGICAL
4225,India became independent in 1947.,TEMPORAL
4226,The company was founded in 2010.,TEMPORAL
4227,AI is the greatest invention.,OPINION
4228,Mount Everest is the tallest mountain.,FACTUAL
4229,This movie is fantastic.,OPINION
4230,All mammals are animals.,LOGICAL
4231,The company was founded in 2010.,TEMPORAL
4232,If A>B and B>C then A>C.,LOGICAL
4233,This movie is fantastic.,OPINION
4234,This movie is fantastic.,OPINION
4235,Python is the best language.,OPINION
4236,Paris is the capital of France.,FACTUAL
4237,All mammals are animals.,LOGICAL
4238,If A>B and B>C then A>C.,LOGICAL
4239,The Olympics were held in Tokyo in 2021.,TEMPORAL
4240,If A>B and B>C then A>C.,LOGICAL
4241,Paris is the capital of France.,FACTUAL
4242,A triangle has 3 sides.,NUMERIC
4243,The company was founded in 2010.,TEMPORAL
4244,The Earth is 149.6 million km from the Sun.,NUMERIC
4245,All mammals are animals.,LOGICAL
4246,The company was founded in 2010.,TEMPORAL
4247,If A>B and B>C then A>C.,LOGICAL
4248,Mount Everest is the tallest mountain.,FACTUAL
4249,Every square is a rectangle.,LOGICAL
4250,Python is the best language.,OPINION
4251,Python is the best language.,OPINION
4252,If A>B and B>C then A>C.,LOGICAL
4253,AI is the greatest invention.,OPINION
4254,AI is the greatest invention.,OPINION
4255,If A>B and B>C then A>C.,LOGICAL
4256,Every square is a rectangle.,LOGICAL
4257,Every square is a rectangle.,LOGICAL
4258,The Olympics were held in Tokyo in 2021.,TEMPORAL
4259,India became independent in 1947.,TEMPORAL
4260,Mount Everest is the tallest mountain.,FACTUAL
4261,Paris is the capital of France.,FACTUAL
4262,The Olympics were held in Tokyo in 2021.,TEMPORAL
4263,AI is the greatest invention.,OPINION
4264,The Olympics were held in Tokyo in 2021.,TEMPORAL
4265,Water freezes at 0°C.,FACTUAL
4266,The Olympics were held in Tokyo in 2021.,TEMPORAL
4267,If A>B and B>C then A>C.,LOGICAL
4268,Mount Everest is the tallest mountain.,FACTUAL
4269,15 + 27 = 42.,NUMERIC
4270,A triangle has 3 sides.,NUMERIC
4271,The company was founded in 2010.,TEMPORAL
4272,Mount Everest is the tallest mountain.,FACTUAL
4273,Water freezes at 0°C.,FACTUAL
4274,Water freezes at 0°C.,FACTUAL
4275,15 + 27 = 42.,NUMERIC
4276,This movie is fantastic.,OPINION
4277,Water freezes at 0°C.,FACTUAL
4278,Every square is a rectangle.,LOGICAL
4279,This movie is fantastic.,OPINION
4280,India became independent in 1947.,TEMPORAL
4281,Every square is a rectangle.,LOGICAL
4282,Water freezes at 0°C.,FACTUAL
4283,Every square is a rectangle.,LOGICAL
4284,If A>B and B>C then A>C.,LOGICAL
4285,AI is the greatest invention.,OPINION
4286,All mammals are animals.,LOGICAL
4287,The Earth is 149.6 million km from the Sun.,NUMERIC
4288,Every square is a rectangle.,LOGICAL
4289,India became independent in 1947.,TEMPORAL
4290,This movie is fantastic.,OPINION
4291,The Olympics were held in Tokyo in 2021.,TEMPORAL
4292,The Earth is 149.6 million km from the Sun.,NUMERIC
4293,Mount Everest is the tallest mountain.,FACTUAL
4294,The Earth is 149.6 million km from the Sun.,NUMERIC
4295,India became independent in 1947.,TEMPORAL
4296,The company was founded in 2010.,TEMPORAL
4297,All mammals are animals.,LOGICAL
4298,Python is the best language.,OPINION
4299,Mount Everest is the tallest mountain.,FACTUAL
4300,AI is the greatest invention.,OPINION
4301,This movie is fantastic.,OPINION
4302,India became independent in 1947.,TEMPORAL
4303,Python is the best language.,OPINION
4304,If A>B and B>C then A>C.,LOGICAL
4305,The Earth is 149.6 million km from the Sun.,NUMERIC
4306,Mount Everest is the tallest mountain.,FACTUAL
4307,The company was founded in 2010.,TEMPORAL
4308,The Olympics were held in Tokyo in 2021.,TEMPORAL
4309,This movie is fantastic.,OPINION
4310,The Earth is 149.6 million km from the Sun.,NUMERIC
4311,If A>B and B>C then A>C.,LOGICAL
4312,Python is the best language.,OPINION
4313,Every square is a rectangle.,LOGICAL
4314,AI is the greatest invention.,OPINION
4315,Mount Everest is the tallest mountain.,FACTUAL
4316,AI is the greatest invention.,OPINION
4317,This movie is fantastic.,OPINION
4318,A triangle has 3 sides.,NUMERIC
4319,If A>B and B>C then A>C.,LOGICAL
4320,Python is the best language.,OPINION
4321,Every square is a rectangle.,LOGICAL
4322,Mount Everest is the tallest mountain.,FACTUAL
4323,The Earth is 149.6 million km from the Sun.,NUMERIC
4324,All mammals are animals.,LOGICAL
4325,15 + 27 = 42.,NUMERIC
4326,The Olympics were held in Tokyo in 2021.,TEMPORAL
4327,If A>B and B>C then A>C.,LOGICAL
4328,Mount Everest is the tallest mountain.,FACTUAL
4329,The Earth is 149.6 million km from the Sun.,NUMERIC
4330,The Olympics were held in Tokyo in 2021.,TEMPORAL
4331,The Earth is 149.6 million km from the Sun.,NUMERIC
4332,AI is the greatest invention.,OPINION
4333,All mammals are animals.,LOGICAL
4334,Paris is the capital of France.,FACTUAL
4335,15 + 27 = 42.,NUMERIC
4336,The Earth is 149.6 million km from the Sun.,NUMERIC
4337,If A>B and B>C then A>C.,LOGICAL
4338,This movie is fantastic.,OPINION
4339,Every square is a rectangle.,LOGICAL
4340,Paris is the capital of France.,FACTUAL
4341,The Earth is 149.6 million km from the Sun.,NUMERIC
4342,15 + 27 = 42.,NUMERIC
4343,The Olympics were held in Tokyo in 2021.,TEMPORAL
4344,AI is the greatest invention.,OPINION
4345,Mount Everest is the tallest mountain.,FACTUAL
4346,All mammals are animals.,LOGICAL
4347,Paris is the capital of France.,FACTUAL
4348,The company was founded in 2010.,TEMPORAL
4349,India became independent in 1947.,TEMPORAL
4350,If A>B and B>C then A>C.,LOGICAL
4351,Water freezes at 0°C.,FACTUAL
4352,15 + 27 = 42.,NUMERIC
4353,Mount Everest is the tallest mountain.,FACTUAL
4354,AI is the greatest invention.,OPINION
4355,Python is the best language.,OPINION
4356,Python is the best language.,OPINION
4357,The Olympics were held in Tokyo in 2021.,TEMPORAL
4358,Paris is the capital of France.,FACTUAL
4359,AI is the greatest invention.,OPINION
4360,The Olympics were held in Tokyo in 2021.,TEMPORAL
4361,Python is the best language.,OPINION
4362,Every square is a rectangle.,LOGICAL
4363,The Earth is 149.6 million km from the Sun.,NUMERIC
4364,15 + 27 = 42.,NUMERIC
4365,Paris is the capital of France.,FACTUAL
4366,The Earth is 149.6 million km from the Sun.,NUMERIC
4367,If A>B and B>C then A>C.,LOGICAL
4368,The company was founded in 2010.,TEMPORAL
4369,Water freezes at 0°C.,FACTUAL
4370,This movie is fantastic.,OPINION
4371,Water freezes at 0°C.,FACTUAL
4372,This movie is fantastic.,OPINION
4373,Every square is a rectangle.,LOGICAL
4374,The Earth is 149.6 million km from the Sun.,NUMERIC
4375,The Earth is 149.6 million km from the Sun.,NUMERIC
4376,Every square is a rectangle.,LOGICAL
4377,The Olympics were held in Tokyo in 2021.,TEMPORAL
4378,Mount Everest is the tallest mountain.,FACTUAL
4379,AI is the greatest invention.,OPINION
4380,Mount Everest is the tallest mountain.,FACTUAL
4381,The Earth is 149.6 million km from the Sun.,NUMERIC
4382,This movie is fantastic.,OPINION
4383,The company was founded in 2010.,TEMPORAL
4384,The company was founded in 2010.,TEMPORAL
4385,Mount Everest is the tallest mountain.,FACTUAL
4386,The Earth is 149.6 million km from the Sun.,NUMERIC
4387,All mammals are animals.,LOGICAL
4388,If A>B and B>C then A>C.,LOGICAL
4389,India became independent in 1947.,TEMPORAL
4390,The Earth is 149.6 million km from the Sun.,NUMERIC
4391,15 + 27 = 42.,NUMERIC
4392,Every square is a rectangle.,LOGICAL
4393,The company was founded in 2010.,TEMPORAL
4394,All mammals are animals.,LOGICAL
4395,India became independent in 1947.,TEMPORAL
4396,If A>B and B>C then A>C.,LOGICAL
4397,If A>B and B>C then A>C.,LOGICAL
4398,All mammals are animals.,LOGICAL
4399,A triangle has 3 sides.,NUMERIC
4400,The company was founded in 2010.,TEMPORAL
4401,Water freezes at 0°C.,FACTUAL
4402,Every square is a rectangle.,LOGICAL
4403,Python is the best language.,OPINION
4404,The Olympics were held in Tokyo in 2021.,TEMPORAL
4405,Paris is the capital of France.,FACTUAL
4406,A triangle has 3 sides.,NUMERIC
4407,Every square is a rectangle.,LOGICAL
4408,15 + 27 = 42.,NUMERIC
4409,All mammals are animals.,LOGICAL
4410,The Olympics were held in Tokyo in 2021.,TEMPORAL
4411,AI is the greatest invention.,OPINION
4412,Paris is the capital of France.,FACTUAL
4413,A triangle has 3 sides.,NUMERIC
4414,A triangle has 3 sides.,NUMERIC
4415,If A>B and B>C then A>C.,LOGICAL
4416,If A>B and B>C then A>C.,LOGICAL
4417,The Earth is 149.6 million km from the Sun.,NUMERIC
4418,A triangle has 3 sides.,NUMERIC
4419,This movie is fantastic.,OPINION
4420,India became independent in 1947.,TEMPORAL
4421,Water freezes at 0°C.,FACTUAL
4422,India became independent in 1947.,TEMPORAL
4423,If A>B and B>C then A>C.,LOGICAL
4424,AI is the greatest invention.,OPINION
4425,Paris is the capital of France.,FACTUAL
4426,Python is the best language.,OPINION
4427,Python is the best language.,OPINION
4428,15 + 27 = 42.,NUMERIC
4429,All mammals are animals.,LOGICAL
4430,The company was founded in 2010.,TEMPORAL
4431,15 + 27 = 42.,NUMERIC
4432,Every square is a rectangle.,LOGICAL
4433,Every square is a rectangle.,LOGICAL
4434,India became independent in 1947.,TEMPORAL
4435,Water freezes at 0°C.,FACTUAL
4436,A triangle has 3 sides.,NUMERIC
4437,Paris is the capital of France.,FACTUAL
4438,This movie is fantastic.,OPINION
4439,Every square is a rectangle.,LOGICAL
4440,All mammals are animals.,LOGICAL
4441,A triangle has 3 sides.,NUMERIC
4442,15 + 27 = 42.,NUMERIC
4443,The Olympics were held in Tokyo in 2021.,TEMPORAL
4444,If A>B and B>C then A>C.,LOGICAL
4445,The Earth is 149.6 million km from the Sun.,NUMERIC
4446,A triangle has 3 sides.,NUMERIC
4447,The Earth is 149.6 million km from the Sun.,NUMERIC
4448,The Earth is 149.6 million km from the Sun.,NUMERIC
4449,The Earth is 149.6 million km from the Sun.,NUMERIC
4450,15 + 27 = 42.,NUMERIC
4451,The Olympics were held in Tokyo in 2021.,TEMPORAL
4452,A triangle has 3 sides.,NUMERIC
4453,All mammals are animals.,LOGICAL
4454,The company was founded in 2010.,TEMPORAL
4455,All mammals are animals.,LOGICAL
4456,Water freezes at 0°C.,FACTUAL
4457,The Earth is 149.6 million km from the Sun.,NUMERIC
4458,Every square is a rectangle.,LOGICAL
4459,A triangle has 3 sides.,NUMERIC
4460,Every square is a rectangle.,LOGICAL
4461,Every square is a rectangle.,LOGICAL
4462,This movie is fantastic.,OPINION
4463,Paris is the capital of France.,FACTUAL
4464,AI is the greatest invention.,OPINION
4465,Water freezes at 0°C.,FACTUAL
4466,The Earth is 149.6 million km from the Sun.,NUMERIC
4467,The company was founded in 2010.,TEMPORAL
4468,Python is the best language.,OPINION
4469,Paris is the capital of France.,FACTUAL
4470,The company was founded in 2010.,TEMPORAL
4471,This movie is fantastic.,OPINION
4472,The Olympics were held in Tokyo in 2021.,TEMPORAL
4473,India became independent in 1947.,TEMPORAL
4474,AI is the greatest invention.,OPINION
4475,AI is the greatest invention.,OPINION
4476,India became independent in 1947.,TEMPORAL
4477,This movie is fantastic.,OPINION
4478,The Olympics were held in Tokyo in 2021.,TEMPORAL
4479,15 + 27 = 42.,NUMERIC
4480,The company was founded in 2010.,TEMPORAL
4481,This movie is fantastic.,OPINION
4482,The Earth is 149.6 million km from the Sun.,NUMERIC
4483,Water freezes at 0°C.,FACTUAL
4484,Paris is the capital of France.,FACTUAL
4485,If A>B and B>C then A>C.,LOGICAL
4486,The Olympics were held in Tokyo in 2021.,TEMPORAL
4487,The Olympics were held in Tokyo in 2021.,TEMPORAL
4488,This movie is fantastic.,OPINION
4489,This movie is fantastic.,OPINION
4490,All mammals are animals.,LOGICAL
4491,The company was founded in 2010.,TEMPORAL
4492,All mammals are animals.,LOGICAL
4493,Python is the best language.,OPINION
4494,All mammals are animals.,LOGICAL
4495,15 + 27 = 42.,NUMERIC
4496,Paris is the capital of France.,FACTUAL
4497,15 + 27 = 42.,NUMERIC
4498,If A>B and B>C then A>C.,LOGICAL
4499,A triangle has 3 sides.,NUMERIC
4500,If A>B and B>C then A>C.,LOGICAL
4501,Water freezes at 0°C.,FACTUAL
4502,Water freezes at 0°C.,FACTUAL
4503,The company was founded in 2010.,TEMPORAL
4504,This movie is fantastic.,OPINION
4505,If A>B and B>C then A>C.,LOGICAL
4506,Mount Everest is the tallest mountain.,FACTUAL
4507,15 + 27 = 42.,NUMERIC
4508,India became independent in 1947.,TEMPORAL
4509,The Earth is 149.6 million km from the Sun.,NUMERIC
4510,15 + 27 = 42.,NUMERIC
4511,This movie is fantastic.,OPINION
4512,Python is the best language.,OPINION
4513,AI is the greatest invention.,OPINION
4514,AI is the greatest invention.,OPINION
4515,Python is the best language.,OPINION
4516,The Earth is 149.6 million km from the Sun.,NUMERIC
4517,Paris is the capital of France.,FACTUAL
4518,Every square is a rectangle.,LOGICAL
4519,Water freezes at 0°C.,FACTUAL
4520,Water freezes at 0°C.,FACTUAL
4521,Water freezes at 0°C.,FACTUAL
4522,The company was founded in 2010.,TEMPORAL
4523,Water freezes at 0°C.,FACTUAL
4524,15 + 27 = 42.,NUMERIC
4525,Water freezes at 0°C.,FACTUAL
4526,If A>B and B>C then A>C.,LOGICAL
4527,The company was founded in 2010.,TEMPORAL
4528,Water freezes at 0°C.,FACTUAL
4529,Mount Everest is the tallest mountain.,FACTUAL
4530,This movie is fantastic.,OPINION
4531,The company was founded in 2010.,TEMPORAL
4532,AI is the greatest invention.,OPINION
4533,15 + 27 = 42.,NUMERIC
4534,The Olympics were held in Tokyo in 2021.,TEMPORAL
4535,Mount Everest is the tallest mountain.,FACTUAL
4536,Mount Everest is the tallest mountain.,FACTUAL
4537,This movie is fantastic.,OPINION
4538,Water freezes at 0°C.,FACTUAL
4539,India became independent in 1947.,TEMPORAL
4540,The Earth is 149.6 million km from the Sun.,NUMERIC
4541,Paris is the capital of France.,FACTUAL
4542,15 + 27 = 42.,NUMERIC
4543,If A>B and B>C then A>C.,LOGICAL
4544,The company was founded in 2010.,TEMPORAL
4545,15 + 27 = 42.,NUMERIC
4546,The Olympics were held in Tokyo in 2021.,TEMPORAL
4547,Every square is a rectangle.,LOGICAL
4548,The company was founded in 2010.,TEMPORAL
4549,AI is the greatest invention.,OPINION
4550,The company was founded in 2010.,TEMPORAL
4551,Water freezes at 0°C.,FACTUAL
4552,AI is the greatest invention.,OPINION
4553,If A>B and B>C then A>C.,LOGICAL
4554,If A>B and B>C then A>C.,LOGICAL
4555,The company was founded in 2010.,TEMPORAL
4556,This movie is fantastic.,OPINION
4557,Water freezes at 0°C.,FACTUAL
4558,The company was founded in 2010.,TEMPORAL
4559,The Earth is 149.6 million km from the Sun.,NUMERIC
4560,All mammals are animals.,LOGICAL
4561,Mount Everest is the tallest mountain.,FACTUAL
4562,The Olympics were held in Tokyo in 2021.,TEMPORAL
4563,A triangle has 3 sides.,NUMERIC
4564,The Earth is 149.6 million km from the Sun.,NUMERIC
4565,Python is the best language.,OPINION
4566,AI is the greatest invention.,OPINION
4567,The Olympics were held in Tokyo in 2021.,TEMPORAL
4568,All mammals are animals.,LOGICAL
4569,If A>B and B>C then A>C.,LOGICAL
4570,15 + 27 = 42.,NUMERIC
4571,India became independent in 1947.,TEMPORAL
4572,This movie is fantastic.,OPINION
4573,The company was founded in 2010.,TEMPORAL
4574,Mount Everest is the tallest mountain.,FACTUAL
4575,Paris is the capital of France.,FACTUAL
4576,AI is the greatest invention.,OPINION
4577,This movie is fantastic.,OPINION
4578,All mammals are animals.,LOGICAL
4579,Every square is a rectangle.,LOGICAL
4580,This movie is fantastic.,OPINION
4581,The Olympics were held in Tokyo in 2021.,TEMPORAL
4582,AI is the greatest invention.,OPINION
4583,AI is the greatest invention.,OPINION
4584,Mount Everest is the tallest mountain.,FACTUAL
4585,All mammals are animals.,LOGICAL
4586,The Earth is 149.6 million km from the Sun.,NUMERIC
4587,Paris is the capital of France.,FACTUAL
4588,Every square is a rectangle.,LOGICAL
4589,The Olympics were held in Tokyo in 2021.,TEMPORAL
4590,Python is the best language.,OPINION
4591,Every square is a rectangle.,LOGICAL
4592,Every square is a rectangle.,LOGICAL
4593,The Olympics were held in Tokyo in 2021.,TEMPORAL
4594,15 + 27 = 42.,NUMERIC
4595,15 + 27 = 42.,NUMERIC
4596,This movie is fantastic.,OPINION
4597,Water freezes at 0°C.,FACTUAL
4598,AI is the greatest invention.,OPINION
4599,Water freezes at 0°C.,FACTUAL
4600,Paris is the capital of France.,FACTUAL
4601,A triangle has 3 sides.,NUMERIC
4602,If A>B and B>C then A>C.,LOGICAL
4603,Every square is a rectangle.,LOGICAL
4604,Python is the best language.,OPINION
4605,If A>B and B>C then A>C.,LOGICAL
4606,Python is the best language.,OPINION
4607,The company was founded in 2010.,TEMPORAL
4608,If A>B and B>C then A>C.,LOGICAL
4609,Paris is the capital of France.,FACTUAL
4610,15 + 27 = 42.,NUMERIC
4611,15 + 27 = 42.,NUMERIC
4612,Mount Everest is the tallest mountain.,FACTUAL
4613,15 + 27 = 42.,NUMERIC
4614,The Earth is 149.6 million km from the Sun.,NUMERIC
4615,A triangle has 3 sides.,NUMERIC
4616,The Earth is 149.6 million km from the Sun.,NUMERIC
4617,AI is the greatest invention.,OPINION
4618,Water freezes at 0°C.,FACTUAL
4619,All mammals are animals.,LOGICAL
4620,If A>B and B>C then A>C.,LOGICAL
4621,Paris is the capital of France.,FACTUAL
4622,15 + 27 = 42.,NUMERIC
4623,If A>B and B>C then A>C.,LOGICAL
4624,All mammals are animals.,LOGICAL
4625,Every square is a rectangle.,LOGICAL
4626,15 + 27 = 42.,NUMERIC
4627,The company was founded in 2010.,TEMPORAL
4628,All mammals are animals.,LOGICAL
4629,India became independent in 1947.,TEMPORAL
4630,Mount Everest is the tallest mountain.,FACTUAL
4631,If A>B and B>C then A>C.,LOGICAL
4632,Every square is a rectangle.,LOGICAL
4633,Python is the best language.,OPINION
4634,This movie is fantastic.,OPINION
4635,Water freezes at 0°C.,FACTUAL
4636,If A>B and B>C then A>C.,LOGICAL
4637,Python is the best language.,OPINION
4638,Python is the best language.,OPINION
4639,All mammals are animals.,LOGICAL
4640,Mount Everest is the tallest mountain.,FACTUAL
4641,Water freezes at 0°C.,FACTUAL
4642,This movie is fantastic.,OPINION
4643,AI is the greatest invention.,OPINION
4644,The company was founded in 2010.,TEMPORAL
4645,If A>B and B>C then A>C.,LOGICAL
4646,Water freezes at 0°C.,FACTUAL
4647,Python is the best language.,OPINION
4648,The Olympics were held in Tokyo in 2021.,TEMPORAL
4649,All mammals are animals.,LOGICAL
4650,The Earth is 149.6 million km from the Sun.,NUMERIC
4651,The Earth is 149.6 million km from the Sun.,NUMERIC
4652,The Olympics were held in Tokyo in 2021.,TEMPORAL
4653,A triangle has 3 sides.,NUMERIC
4654,A triangle has 3 sides.,NUMERIC
4655,The company was founded in 2010.,TEMPORAL
4656,All mammals are animals.,LOGICAL
4657,The company was founded in 2010.,TEMPORAL
4658,If A>B and B>C then A>C.,LOGICAL
4659,The Olympics were held in Tokyo in 2021.,TEMPORAL
4660,A triangle has 3 sides.,NUMERIC
4661,The Earth is 149.6 million km from the Sun.,NUMERIC
4662,Mount Everest is the tallest mountain.,FACTUAL
4663,All mammals are animals.,LOGICAL
4664,15 + 27 = 42.,NUMERIC
4665,A triangle has 3 sides.,NUMERIC
4666,All mammals are animals.,LOGICAL
4667,If A>B and B>C then A>C.,LOGICAL
4668,India became independent in 1947.,TEMPORAL
4669,A triangle has 3 sides.,NUMERIC
4670,Paris is the capital of France.,FACTUAL
4671,The Olympics were held in Tokyo in 2021.,TEMPORAL
4672,The company was founded in 2010.,TEMPORAL
4673,15 + 27 = 42.,NUMERIC
4674,AI is the greatest invention.,OPINION
4675,Water freezes at 0°C.,FACTUAL
4676,All mammals are animals.,LOGICAL
4677,AI is the greatest invention.,OPINION
4678,Mount Everest is the tallest mountain.,FACTUAL
4679,The Earth is 149.6 million km from the Sun.,NUMERIC
4680,The Olympics were held in Tokyo in 2021.,TEMPORAL
4681,India became independent in 1947.,TEMPORAL
4682,This movie is fantastic.,OPINION
4683,A triangle has 3 sides.,NUMERIC
4684,Python is the best language.,OPINION
4685,Mount Everest is the tallest mountain.,FACTUAL
4686,Water freezes at 0°C.,FACTUAL
4687,All mammals are animals.,LOGICAL
4688,Mount Everest is the tallest mountain.,FACTUAL
4689,AI is the greatest invention.,OPINION
4690,AI is the greatest invention.,OPINION
4691,AI is the greatest invention.,OPINION
4692,A triangle has 3 sides.,NUMERIC
4693,Paris is the capital of France.,FACTUAL
4694,India became independent in 1947.,TEMPORAL
4695,The company was founded in 2010.,TEMPORAL
4696,Every square is a rectangle.,LOGICAL
4697,Every square is a rectangle.,LOGICAL
4698,Paris is the capital of France.,FACTUAL
4699,The Olympics were held in Tokyo in 2021.,TEMPORAL
4700,15 + 27 = 42.,NUMERIC
4701,The Earth is 149.6 million km from the Sun.,NUMERIC
4702,All mammals are animals.,LOGICAL
4703,The Earth is 149.6 million km from the Sun.,NUMERIC
4704,The Olympics were held in Tokyo in 2021.,TEMPORAL
4705,AI is the greatest invention.,OPINION
4706,Water freezes at 0°C.,FACTUAL
4707,The company was founded in 2010.,TEMPORAL
4708,If A>B and B>C then A>C.,LOGICAL
4709,15 + 27 = 42.,NUMERIC
4710,This movie is fantastic.,OPINION
4711,15 + 27 = 42.,NUMERIC
4712,If A>B and B>C then A>C.,LOGICAL
4713,If A>B and B>C then A>C.,LOGICAL
4714,Python is the best language.,OPINION
4715,India became independent in 1947.,TEMPORAL
4716,All mammals are animals.,LOGICAL
4717,Mount Everest is the tallest mountain.,FACTUAL
4718,AI is the greatest invention.,OPINION
4719,Water freezes at 0°C.,FACTUAL
4720,The Olympics were held in Tokyo in 2021.,TEMPORAL
4721,The Earth is 149.6 million km from the Sun.,NUMERIC
4722,Water freezes at 0°C.,FACTUAL
4723,Mount Everest is the tallest mountain.,FACTUAL
4724,A triangle has 3 sides.,NUMERIC
4725,Mount Everest is the tallest mountain.,FACTUAL
4726,This movie is fantastic.,OPINION
4727,If A>B and B>C then A>C.,LOGICAL
4728,This movie is fantastic.,OPINION
4729,The Olympics were held in Tokyo in 2021.,TEMPORAL
4730,Water freezes at 0°C.,FACTUAL
4731,Python is the best language.,OPINION
4732,A triangle has 3 sides.,NUMERIC
4733,If A>B and B>C then A>C.,LOGICAL
4734,A triangle has 3 sides.,NUMERIC
4735,Python is the best language.,OPINION
4736,Every square is a rectangle.,LOGICAL
4737,The company was founded in 2010.,TEMPORAL
4738,All mammals are animals.,LOGICAL
4739,India became independent in 1947.,TEMPORAL
4740,Mount Everest is the tallest mountain.,FACTUAL
4741,The Olympics were held in Tokyo in 2021.,TEMPORAL
4742,A triangle has 3 sides.,NUMERIC
4743,This movie is fantastic.,OPINION
4744,15 + 27 = 42.,NUMERIC
4745,Python is the best language.,OPINION
4746,The company was founded in 2010.,TEMPORAL
4747,The company was founded in 2010.,TEMPORAL
4748,15 + 27 = 42.,NUMERIC
4749,Mount Everest is the tallest mountain.,FACTUAL
4750,This movie is fantastic.,OPINION
4751,The Earth is 149.6 million km from the Sun.,NUMERIC
4752,Every square is a rectangle.,LOGICAL
4753,Mount Everest is the tallest mountain.,FACTUAL
4754,Water freezes at 0°C.,FACTUAL
4755,The company was founded in 2010.,TEMPORAL
4756,This movie is fantastic.,OPINION
4757,Paris is the capital of France.,FACTUAL
4758,Water freezes at 0°C.,FACTUAL
4759,The company was founded in 2010.,TEMPORAL
4760,Water freezes at 0°C.,FACTUAL
4761,India became independent in 1947.,TEMPORAL
4762,Python is the best language.,OPINION
4763,Python is the best language.,OPINION
4764,The Earth is 149.6 million km from the Sun.,NUMERIC
4765,The Olympics were held in Tokyo in 2021.,TEMPORAL
4766,Python is the best language.,OPINION
4767,A triangle has 3 sides.,NUMERIC
4768,Every square is a rectangle.,LOGICAL
4769,15 + 27 = 42.,NUMERIC
4770,The company was founded in 2010.,TEMPORAL
4771,AI is the greatest invention.,OPINION
4772,The Olympics were held in Tokyo in 2021.,TEMPORAL
4773,Paris is the capital of France.,FACTUAL
4774,If A>B and B>C then A>C.,LOGICAL
4775,Paris is the capital of France.,FACTUAL
4776,Water freezes at 0°C.,FACTUAL
4777,The Earth is 149.6 million km from the Sun.,NUMERIC
4778,The Earth is 149.6 million km from the Sun.,NUMERIC
4779,Water freezes at 0°C.,FACTUAL
4780,This movie is fantastic.,OPINION
4781,Python is the best language.,OPINION
4782,This movie is fantastic.,OPINION
4783,The company was founded in 2010.,TEMPORAL
4784,Every square is a rectangle.,LOGICAL
4785,If A>B and B>C then A>C.,LOGICAL
4786,Every square is a rectangle.,LOGICAL
4787,All mammals are animals.,LOGICAL
4788,A triangle has 3 sides.,NUMERIC
4789,The Earth is 149.6 million km from the Sun.,NUMERIC
4790,All mammals are animals.,LOGICAL
4791,Python is the best language.,OPINION
4792,Mount Everest is the tallest mountain.,FACTUAL
4793,The Earth is 149.6 million km from the Sun.,NUMERIC
4794,All mammals are animals.,LOGICAL
4795,A triangle has 3 sides.,NUMERIC
4796,India became independent in 1947.,TEMPORAL
4797,This movie is fantastic.,OPINION
4798,Paris is the capital of France.,FACTUAL
4799,The company was founded in 2010.,TEMPORAL
4800,India became independent in 1947.,TEMPORAL
4801,AI is the greatest invention.,OPINION
4802,Water freezes at 0°C.,FACTUAL
4803,The Olympics were held in Tokyo in 2021.,TEMPORAL
4804,The Olympics were held in Tokyo in 2021.,TEMPORAL
4805,All mammals are animals.,LOGICAL
4806,15 + 27 = 42.,NUMERIC
4807,This movie is fantastic.,OPINION
4808,Water freezes at 0°C.,FACTUAL
4809,India became independent in 1947.,TEMPORAL
4810,A triangle has 3 sides.,NUMERIC
4811,All mammals are animals.,LOGICAL
4812,Mount Everest is the tallest mountain.,FACTUAL
4813,India became independent in 1947.,TEMPORAL
4814,Water freezes at 0°C.,FACTUAL
4815,Every square is a rectangle.,LOGICAL
4816,The company was founded in 2010.,TEMPORAL
4817,If A>B and B>C then A>C.,LOGICAL
4818,If A>B and B>C then A>C.,LOGICAL
4819,AI is the greatest invention.,OPINION
4820,A triangle has 3 sides.,NUMERIC
4821,If A>B and B>C then A>C.,LOGICAL
4822,All mammals are animals.,LOGICAL
4823,India became independent in 1947.,TEMPORAL
4824,Python is the best language.,OPINION
4825,This movie is fantastic.,OPINION
4826,All mammals are animals.,LOGICAL
4827,If A>B and B>C then A>C.,LOGICAL
4828,AI is the greatest invention.,OPINION
4829,Every square is a rectangle.,LOGICAL
4830,The company was founded in 2010.,TEMPORAL
4831,Paris is the capital of France.,FACTUAL
4832,Mount Everest is the tallest mountain.,FACTUAL
4833,The company was founded in 2010.,TEMPORAL
4834,Mount Everest is the tallest mountain.,FACTUAL
4835,AI is the greatest invention.,OPINION
4836,A triangle has 3 sides.,NUMERIC
4837,Python is the best language.,OPINION
4838,Mount Everest is the tallest mountain.,FACTUAL
4839,AI is the greatest invention.,OPINION
4840,Every square is a rectangle.,LOGICAL
4841,Paris is the capital of France.,FACTUAL
4842,AI is the greatest invention.,OPINION
4843,Water freezes at 0°C.,FACTUAL
4844,15 + 27 = 42.,NUMERIC
4845,This movie is fantastic.,OPINION
4846,Mount Everest is the tallest mountain.,FACTUAL
4847,This movie is fantastic.,OPINION
4848,Every square is a rectangle.,LOGICAL
4849,Water freezes at 0°C.,FACTUAL
4850,Water freezes at 0°C.,FACTUAL
4851,All mammals are animals.,LOGICAL
4852,All mammals are animals.,LOGICAL
4853,This movie is fantastic.,OPINION
4854,If A>B and B>C then A>C.,LOGICAL
4855,Paris is the capital of France.,FACTUAL
4856,Mount Everest is the tallest mountain.,FACTUAL
4857,The Earth is 149.6 million km from the Sun.,NUMERIC
4858,15 + 27 = 42.,NUMERIC
4859,India became independent in 1947.,TEMPORAL
4860,The Earth is 149.6 million km from the Sun.,NUMERIC
4861,Every square is a rectangle.,LOGICAL
4862,15 + 27 = 42.,NUMERIC
4863,This movie is fantastic.,OPINION
4864,15 + 27 = 42.,NUMERIC
4865,Water freezes at 0°C.,FACTUAL
4866,All mammals are animals.,LOGICAL
4867,India became independent in 1947.,TEMPORAL
4868,If A>B and B>C then A>C.,LOGICAL
4869,The Olympics were held in Tokyo in 2021.,TEMPORAL
4870,Paris is the capital of France.,FACTUAL
4871,15 + 27 = 42.,NUMERIC
4872,Python is the best language.,OPINION
4873,The Earth is 149.6 million km from the Sun.,NUMERIC
4874,Python is the best language.,OPINION
4875,All mammals are animals.,LOGICAL
4876,India became independent in 1947.,TEMPORAL
4877,The Olympics were held in Tokyo in 2021.,TEMPORAL
4878,This movie is fantastic.,OPINION
4879,Water freezes at 0°C.,FACTUAL
4880,Water freezes at 0°C.,FACTUAL
4881,15 + 27 = 42.,NUMERIC
4882,The company was founded in 2010.,TEMPORAL
4883,Python is the best language.,OPINION
4884,Paris is the capital of France.,FACTUAL
4885,Python is the best language.,OPINION
4886,The Earth is 149.6 million km from the Sun.,NUMERIC
4887,This movie is fantastic.,OPINION
4888,All mammals are animals.,LOGICAL
4889,AI is the greatest invention.,OPINION
4890,The Earth is 149.6 million km from the Sun.,NUMERIC
4891,AI is the greatest invention.,OPINION
4892,A triangle has 3 sides.,NUMERIC
4893,Every square is a rectangle.,LOGICAL
4894,All mammals are animals.,LOGICAL
4895,Water freezes at 0°C.,FACTUAL
4896,This movie is fantastic.,OPINION
4897,15 + 27 = 42.,NUMERIC
4898,Water freezes at 0°C.,FACTUAL
4899,The company was founded in 2010.,TEMPORAL
4900,The company was founded in 2010.,TEMPORAL
4901,If A>B and B>C then A>C.,LOGICAL
4902,A triangle has 3 sides.,NUMERIC
4903,This movie is fantastic.,OPINION
4904,Paris is the capital of France.,FACTUAL
4905,Python is the best language.,OPINION
4906,Water freezes at 0°C.,FACTUAL
4907,Water freezes at 0°C.,FACTUAL
4908,Paris is the capital of France.,FACTUAL
4909,This movie is fantastic.,OPINION
4910,All mammals are animals.,LOGICAL
4911,Python is the best language.,OPINION
4912,The company was founded in 2010.,TEMPORAL
4913,The company was founded in 2010.,TEMPORAL
4914,The company was founded in 2010.,TEMPORAL
4915,If A>B and B>C then A>C.,LOGICAL
4916,A triangle has 3 sides.,NUMERIC
4917,The Olympics were held in Tokyo in 2021.,TEMPORAL
4918,The Earth is 149.6 million km from the Sun.,NUMERIC
4919,This movie is fantastic.,OPINION
4920,Mount Everest is the tallest mountain.,FACTUAL
4921,A triangle has 3 sides.,NUMERIC
4922,Mount Everest is the tallest mountain.,FACTUAL
4923,All mammals are animals.,LOGICAL
4924,Mount Everest is the tallest mountain.,FACTUAL
4925,The Earth is 149.6 million km from the Sun.,NUMERIC
4926,Python is the best language.,OPINION
4927,If A>B and B>C then A>C.,LOGICAL
4928,AI is the greatest invention.,OPINION
4929,Mount Everest is the tallest mountain.,FACTUAL
4930,Mount Everest is the tallest mountain.,FACTUAL
4931,Every square is a rectangle.,LOGICAL
4932,Water freezes at 0°C.,FACTUAL
4933,Every square is a rectangle.,LOGICAL
4934,The Olympics were held in Tokyo in 2021.,TEMPORAL
4935,A triangle has 3 sides.,NUMERIC
4936,Paris is the capital of France.,FACTUAL
4937,If A>B and B>C then A>C.,LOGICAL
4938,The Earth is 149.6 million km from the Sun.,NUMERIC
4939,Paris is the capital of France.,FACTUAL
4940,Water freezes at 0°C.,FACTUAL
4941,India became independent in 1947.,TEMPORAL
4942,Mount Everest is the tallest mountain.,FACTUAL
4943,The company was founded in 2010.,TEMPORAL
4944,15 + 27 = 42.,NUMERIC
4945,If A>B and B>C then A>C.,LOGICAL
4946,Water freezes at 0°C.,FACTUAL
4947,Every square is a rectangle.,LOGICAL
4948,AI is the greatest invention.,OPINION
4949,Paris is the capital of France.,FACTUAL
4950,All mammals are animals.,LOGICAL
4951,The company was founded in 2010.,TEMPORAL
4952,This movie is fantastic.,OPINION
4953,A triangle has 3 sides.,NUMERIC
4954,A triangle has 3 sides.,NUMERIC
4955,Python is the best language.,OPINION
4956,Python is the best language.,OPINION
4957,15 + 27 = 42.,NUMERIC
4958,AI is the greatest invention.,OPINION
4959,Paris is the capital of France.,FACTUAL
4960,The company was founded in 2010.,TEMPORAL
4961,A triangle has 3 sides.,NUMERIC
4962,India became independent in 1947.,TEMPORAL
4963,Mount Everest is the tallest mountain.,FACTUAL
4964,Python is the best language.,OPINION
4965,The company was founded in 2010.,TEMPORAL
4966,This movie is fantastic.,OPINION
4967,Water freezes at 0°C.,FACTUAL
4968,Water freezes at 0°C.,FACTUAL
4969,If A>B and B>C then A>C.,LOGICAL
4970,India became independent in 1947.,TEMPORAL
4971,This movie is fantastic.,OPINION
4972,If A>B and B>C then A>C.,LOGICAL
4973,AI is the greatest invention.,OPINION
4974,15 + 27 = 42.,NUMERIC
4975,The Olympics were held in Tokyo in 2021.,TEMPORAL
4976,This movie is fantastic.,OPINION
4977,India became independent in 1947.,TEMPORAL
4978,All mammals are animals.,LOGICAL
4979,India became independent in 1947.,TEMPORAL
4980,AI is the greatest invention.,OPINION
4981,A triangle has 3 sides.,NUMERIC
4982,All mammals are animals.,LOGICAL
4983,15 + 27 = 42.,NUMERIC
4984,The Earth is 149.6 million km from the Sun.,NUMERIC
4985,India became independent in 1947.,TEMPORAL
4986,Paris is the capital of France.,FACTUAL
4987,If A>B and B>C then A>C.,LOGICAL
4988,Mount Everest is the tallest mountain.,FACTUAL
4989,The Olympics were held in Tokyo in 2021.,TEMPORAL
4990,15 + 27 = 42.,NUMERIC
4991,All mammals are animals.,LOGICAL
4992,India became independent in 1947.,TEMPORAL
4993,The company was founded in 2010.,TEMPORAL
4994,15 + 27 = 42.,NUMERIC
4995,Python is the best language.,OPINION
4996,All mammals are animals.,LOGICAL
4997,Every square is a rectangle.,LOGICAL
4998,Paris is the capital of France.,FACTUAL
4999,Paris is the capital of France.,FACTUAL
5000,If A>B and B>C then A>C.,LOGICAL
5001,Paris is the capital of France.,FACTUAL
5002,Water freezes at 0°C.,FACTUAL
5003,Water freezes at 0°C.,FACTUAL
5004,Python is the best language.,OPINION
5005,All mammals are animals.,LOGICAL
5006,Mount Everest is the tallest mountain.,FACTUAL
5007,Mount Everest is the tallest mountain.,FACTUAL
5008,Water freezes at 0°C.,FACTUAL
5009,If A>B and B>C then A>C.,LOGICAL
5010,Mount Everest is the tallest mountain.,FACTUAL
5011,All mammals are animals.,LOGICAL
5012,Python is the best language.,OPINION
5013,AI is the greatest invention.,OPINION
5014,If A>B and B>C then A>C.,LOGICAL
5015,If A>B and B>C then A>C.,LOGICAL
5016,Python is the best language.,OPINION
5017,Water freezes at 0°C.,FACTUAL
5018,Water freezes at 0°C.,FACTUAL
5019,This movie is fantastic.,OPINION
5020,AI is the greatest invention.,OPINION
5021,Paris is the capital of France.,FACTUAL
5022,Mount Everest is the tallest mountain.,FACTUAL
5023,Mount Everest is the tallest mountain.,FACTUAL
5024,A triangle has 3 sides.,NUMERIC
5025,A triangle has 3 sides.,NUMERIC
5026,This movie is fantastic.,OPINION
5027,The Olympics were held in Tokyo in 2021.,TEMPORAL
5028,Every square is a rectangle.,LOGICAL
5029,This movie is fantastic.,OPINION
5030,15 + 27 = 42.,NUMERIC
5031,15 + 27 = 42.,NUMERIC
5032,Paris is the capital of France.,FACTUAL
5033,The company was founded in 2010.,TEMPORAL
5034,Every square is a rectangle.,LOGICAL
5035,The Olympics were held in Tokyo in 2021.,TEMPORAL
5036,Python is the best language.,OPINION
5037,15 + 27 = 42.,NUMERIC
5038,If A>B and B>C then A>C.,LOGICAL
5039,This movie is fantastic.,OPINION
5040,The Olympics were held in Tokyo in 2021.,TEMPORAL
5041,Mount Everest is the tallest mountain.,FACTUAL
5042,Python is the best language.,OPINION
5043,15 + 27 = 42.,NUMERIC
5044,A triangle has 3 sides.,NUMERIC
5045,AI is the greatest invention.,OPINION
5046,If A>B and B>C then A>C.,LOGICAL
5047,15 + 27 = 42.,NUMERIC
5048,15 + 27 = 42.,NUMERIC
5049,India became independent in 1947.,TEMPORAL
5050,Every square is a rectangle.,LOGICAL
5051,Every square is a rectangle.,LOGICAL
5052,The company was founded in 2010.,TEMPORAL
5053,This movie is fantastic.,OPINION
5054,This movie is fantastic.,OPINION
5055,If A>B and B>C then A>C.,LOGICAL
5056,15 + 27 = 42.,NUMERIC
5057,All mammals are animals.,LOGICAL
5058,All mammals are animals.,LOGICAL
5059,Mount Everest is the tallest mountain.,FACTUAL
5060,A triangle has 3 sides.,NUMERIC
5061,The Earth is 149.6 million km from the Sun.,NUMERIC
5062,AI is the greatest invention.,OPINION
5063,The Earth is 149.6 million km from the Sun.,NUMERIC
5064,The company was founded in 2010.,TEMPORAL
5065,All mammals are animals.,LOGICAL
5066,All mammals are animals.,LOGICAL
5067,Water freezes at 0°C.,FACTUAL
5068,Paris is the capital of France.,FACTUAL
5069,India became independent in 1947.,TEMPORAL
5070,AI is the greatest invention.,OPINION
5071,The Earth is 149.6 million km from the Sun.,NUMERIC
5072,All mammals are animals.,LOGICAL
5073,This movie is fantastic.,OPINION
5074,Paris is the capital of France.,FACTUAL
5075,15 + 27 = 42.,NUMERIC
5076,India became independent in 1947.,TEMPORAL
5077,The Earth is 149.6 million km from the Sun.,NUMERIC
5078,The Earth is 149.6 million km from the Sun.,NUMERIC
5079,AI is the greatest invention.,OPINION
5080,15 + 27 = 42.,NUMERIC
5081,Paris is the capital of France.,FACTUAL
5082,India became independent in 1947.,TEMPORAL
5083,Mount Everest is the tallest mountain.,FACTUAL
5084,The Earth is 149.6 million km from the Sun.,NUMERIC
5085,Water freezes at 0°C.,FACTUAL
5086,The Earth is 149.6 million km from the Sun.,NUMERIC
5087,All mammals are animals.,LOGICAL
5088,The Olympics were held in Tokyo in 2021.,TEMPORAL
5089,A triangle has 3 sides.,NUMERIC
5090,This movie is fantastic.,OPINION
5091,Paris is the capital of France.,FACTUAL
5092,15 + 27 = 42.,NUMERIC
5093,15 + 27 = 42.,NUMERIC
5094,This movie is fantastic.,OPINION
5095,The Olympics were held in Tokyo in 2021.,TEMPORAL
5096,This movie is fantastic.,OPINION
5097,15 + 27 = 42.,NUMERIC
5098,Python is the best language.,OPINION
5099,A triangle has 3 sides.,NUMERIC
5100,India became independent in 1947.,TEMPORAL
5101,India became independent in 1947.,TEMPORAL
5102,Mount Everest is the tallest mountain.,FACTUAL
5103,India became independent in 1947.,TEMPORAL
5104,Python is the best language.,OPINION
5105,All mammals are animals.,LOGICAL
5106,Water freezes at 0°C.,FACTUAL
5107,AI is the greatest invention.,OPINION
5108,A triangle has 3 sides.,NUMERIC
5109,Every square is a rectangle.,LOGICAL
5110,This movie is fantastic.,OPINION
5111,Every square is a rectangle.,LOGICAL
5112,All mammals are animals.,LOGICAL
5113,The company was founded in 2010.,TEMPORAL
5114,The company was founded in 2010.,TEMPORAL
5115,Every square is a rectangle.,LOGICAL
5116,If A>B and B>C then A>C.,LOGICAL
5117,The company was founded in 2010.,TEMPORAL
5118,Every square is a rectangle.,LOGICAL
5119,Python is the best language.,OPINION
5120,Paris is the capital of France.,FACTUAL
5121,15 + 27 = 42.,NUMERIC
5122,All mammals are animals.,LOGICAL
5123,All mammals are animals.,LOGICAL
5124,The Olympics were held in Tokyo in 2021.,TEMPORAL
5125,Every square is a rectangle.,LOGICAL
5126,The Earth is 149.6 million km from the Sun.,NUMERIC
5127,The company was founded in 2010.,TEMPORAL
5128,Paris is the capital of France.,FACTUAL
5129,Water freezes at 0°C.,FACTUAL
5130,Every square is a rectangle.,LOGICAL
5131,India became independent in 1947.,TEMPORAL
5132,AI is the greatest invention.,OPINION
5133,Every square is a rectangle.,LOGICAL
5134,This movie is fantastic.,OPINION
5135,If A>B and B>C then A>C.,LOGICAL
5136,If A>B and B>C then A>C.,LOGICAL
5137,If A>B and B>C then A>C.,LOGICAL
5138,If A>B and B>C then A>C.,LOGICAL
5139,The Olympics were held in Tokyo in 2021.,TEMPORAL
5140,Paris is the capital of France.,FACTUAL
5141,All mammals are animals.,LOGICAL
5142,The company was founded in 2010.,TEMPORAL
5143,Water freezes at 0°C.,FACTUAL
5144,Water freezes at 0°C.,FACTUAL
5145,Python is the best language.,OPINION
5146,Python is the best language.,OPINION
5147,Water freezes at 0°C.,FACTUAL
5148,15 + 27 = 42.,NUMERIC
5149,Paris is the capital of France.,FACTUAL
5150,India became independent in 1947.,TEMPORAL
5151,AI is the greatest invention.,OPINION
5152,India became independent in 1947.,TEMPORAL
5153,The Olympics were held in Tokyo in 2021.,TEMPORAL
5154,The company was founded in 2010.,TEMPORAL
5155,India became independent in 1947.,TEMPORAL
5156,AI is the greatest invention.,OPINION
5157,This movie is fantastic.,OPINION
5158,Water freezes at 0°C.,FACTUAL
5159,The Olympics were held in Tokyo in 2021.,TEMPORAL
5160,If A>B and B>C then A>C.,LOGICAL
5161,Python is the best language.,OPINION
5162,Water freezes at 0°C.,FACTUAL
5163,AI is the greatest invention.,OPINION
5164,All mammals are animals.,LOGICAL
5165,A triangle has 3 sides.,NUMERIC
5166,The Earth is 149.6 million km from the Sun.,NUMERIC
5167,A triangle has 3 sides.,NUMERIC
5168,Python is the best language.,OPINION
5169,Every square is a rectangle.,LOGICAL
5170,If A>B and B>C then A>C.,LOGICAL
5171,Water freezes at 0°C.,FACTUAL
5172,The Earth is 149.6 million km from the Sun.,NUMERIC
5173,All mammals are animals.,LOGICAL
5174,If A>B and B>C then A>C.,LOGICAL
5175,AI is the greatest invention.,OPINION
5176,India became independent in 1947.,TEMPORAL
5177,AI is the greatest invention.,OPINION
5178,The company was founded in 2010.,TEMPORAL
5179,Water freezes at 0°C.,FACTUAL
5180,The Olympics were held in Tokyo in 2021.,TEMPORAL
5181,The Earth is 149.6 million km from the Sun.,NUMERIC
5182,Every square is a rectangle.,LOGICAL
5183,Every square is a rectangle.,LOGICAL
5184,This movie is fantastic.,OPINION
5185,The company was founded in 2010.,TEMPORAL
5186,Mount Everest is the tallest mountain.,FACTUAL
5187,Paris is the capital of France.,FACTUAL
5188,The Earth is 149.6 million km from the Sun.,NUMERIC
5189,Python is the best language.,OPINION
5190,Python is the best language.,OPINION
5191,This movie is fantastic.,OPINION
5192,All mammals are animals.,LOGICAL
5193,All mammals are animals.,LOGICAL
5194,This movie is fantastic.,OPINION
5195,The Earth is 149.6 million km from the Sun.,NUMERIC
5196,Water freezes at 0°C.,FACTUAL
5197,This movie is fantastic.,OPINION
5198,India became independent in 1947.,TEMPORAL
5199,15 + 27 = 42.,NUMERIC
5200,AI is the greatest invention.,OPINION
5201,Mount Everest is the tallest mountain.,FACTUAL
5202,This movie is fantastic.,OPINION
5203,Paris is the capital of France.,FACTUAL
5204,15 + 27 = 42.,NUMERIC
5205,If A>B and B>C then A>C.,LOGICAL
5206,15 + 27 = 42.,NUMERIC
5207,The company was founded in 2010.,TEMPORAL
5208,AI is the greatest invention.,OPINION
5209,All mammals are animals.,LOGICAL
5210,The company was founded in 2010.,TEMPORAL
5211,Paris is the capital of France.,FACTUAL
5212,The Olympics were held in Tokyo in 2021.,TEMPORAL
5213,All mammals are animals.,LOGICAL
5214,Paris is the capital of France.,FACTUAL
5215,This movie is fantastic.,OPINION
5216,Every square is a rectangle.,LOGICAL
5217,Water freezes at 0°C.,FACTUAL
5218,15 + 27 = 42.,NUMERIC
5219,The Earth is 149.6 million km from the Sun.,NUMERIC
5220,Every square is a rectangle.,LOGICAL
5221,All mammals are animals.,LOGICAL
5222,Python is the best language.,OPINION
5223,The company was founded in 2010.,TEMPORAL
5224,A triangle has 3 sides.,NUMERIC
5225,If A>B and B>C then A>C.,LOGICAL
5226,15 + 27 = 42.,NUMERIC
5227,The Earth is 149.6 million km from the Sun.,NUMERIC
5228,Water freezes at 0°C.,FACTUAL
5229,AI is the greatest invention.,OPINION
5230,This movie is fantastic.,OPINION
5231,This movie is fantastic.,OPINION
5232,If A>B and B>C then A>C.,LOGICAL
5233,AI is the greatest invention.,OPINION
5234,Water freezes at 0°C.,FACTUAL
5235,If A>B and B>C then A>C.,LOGICAL
5236,The Olympics were held in Tokyo in 2021.,TEMPORAL
5237,AI is the greatest invention.,OPINION
5238,All mammals are animals.,LOGICAL
5239,A triangle has 3 sides.,NUMERIC
5240,If A>B and B>C then A>C.,LOGICAL
5241,Every square is a rectangle.,LOGICAL
5242,A triangle has 3 sides.,NUMERIC
5243,AI is the greatest invention.,OPINION
5244,Every square is a rectangle.,LOGICAL
5245,Paris is the capital of France.,FACTUAL
5246,The Earth is 149.6 million km from the Sun.,NUMERIC
5247,This movie is fantastic.,OPINION
5248,Mount Everest is the tallest mountain.,FACTUAL
5249,The Earth is 149.6 million km from the Sun.,NUMERIC
5250,Every square is a rectangle.,LOGICAL
5251,Water freezes at 0°C.,FACTUAL
5252,Paris is the capital of France.,FACTUAL
5253,This movie is fantastic.,OPINION
5254,If A>B and B>C then A>C.,LOGICAL
5255,The Earth is 149.6 million km from the Sun.,NUMERIC
5256,A triangle has 3 sides.,NUMERIC
5257,Water freezes at 0°C.,FACTUAL
5258,Paris is the capital of France.,FACTUAL
5259,If A>B and B>C then A>C.,LOGICAL
5260,The company was founded in 2010.,TEMPORAL
5261,All mammals are animals.,LOGICAL
5262,All mammals are animals.,LOGICAL
5263,Water freezes at 0°C.,FACTUAL
5264,Mount Everest is the tallest mountain.,FACTUAL
5265,The Earth is 149.6 million km from the Sun.,NUMERIC
5266,If A>B and B>C then A>C.,LOGICAL
5267,All mammals are animals.,LOGICAL
5268,Mount Everest is the tallest mountain.,FACTUAL
5269,A triangle has 3 sides.,NUMERIC
5270,All mammals are animals.,LOGICAL
5271,If A>B and B>C then A>C.,LOGICAL
5272,15 + 27 = 42.,NUMERIC
5273,Mount Everest is the tallest mountain.,FACTUAL
5274,Paris is the capital of France.,FACTUAL
5275,India became independent in 1947.,TEMPORAL
5276,Python is the best language.,OPINION
5277,All mammals are animals.,LOGICAL
5278,Mount Everest is the tallest mountain.,FACTUAL
5279,Mount Everest is the tallest mountain.,FACTUAL
5280,India became independent in 1947.,TEMPORAL
5281,If A>B and B>C then A>C.,LOGICAL
5282,15 + 27 = 42.,NUMERIC
5283,Mount Everest is the tallest mountain.,FACTUAL
5284,AI is the greatest invention.,OPINION
5285,Every square is a rectangle.,LOGICAL
5286,Mount Everest is the tallest mountain.,FACTUAL
5287,Python is the best language.,OPINION
5288,Water freezes at 0°C.,FACTUAL
5289,The Olympics were held in Tokyo in 2021.,TEMPORAL
5290,Mount Everest is the tallest mountain.,FACTUAL
5291,Paris is the capital of France.,FACTUAL
5292,All mammals are animals.,LOGICAL
5293,The Earth is 149.6 million km from the Sun.,NUMERIC
5294,15 + 27 = 42.,NUMERIC
5295,Paris is the capital of France.,FACTUAL
5296,All mammals are animals.,LOGICAL
5297,Water freezes at 0°C.,FACTUAL
5298,A triangle has 3 sides.,NUMERIC
5299,Paris is the capital of France.,FACTUAL
5300,Mount Everest is the tallest mountain.,FACTUAL
5301,A triangle has 3 sides.,NUMERIC
5302,15 + 27 = 42.,NUMERIC
5303,Every square is a rectangle.,LOGICAL
5304,Water freezes at 0°C.,FACTUAL
5305,The company was founded in 2010.,TEMPORAL
5306,A triangle has 3 sides.,NUMERIC
5307,A triangle has 3 sides.,NUMERIC
5308,If A>B and B>C then A>C.,LOGICAL
5309,Paris is the capital of France.,FACTUAL
5310,15 + 27 = 42.,NUMERIC
5311,The Olympics were held in Tokyo in 2021.,TEMPORAL
5312,15 + 27 = 42.,NUMERIC
5313,Every square is a rectangle.,LOGICAL
5314,India became independent in 1947.,TEMPORAL
5315,All mammals are animals.,LOGICAL
5316,All mammals are animals.,LOGICAL
5317,Mount Everest is the tallest mountain.,FACTUAL
5318,The company was founded in 2010.,TEMPORAL
5319,This movie is fantastic.,OPINION
5320,Paris is the capital of France.,FACTUAL
5321,The Earth is 149.6 million km from the Sun.,NUMERIC
5322,The company was founded in 2010.,TEMPORAL
5323,All mammals are animals.,LOGICAL
5324,Python is the best language.,OPINION
5325,The Earth is 149.6 million km from the Sun.,NUMERIC
5326,Mount Everest is the tallest mountain.,FACTUAL
5327,The company was founded in 2010.,TEMPORAL
5328,Every square is a rectangle.,LOGICAL
5329,The Earth is 149.6 million km from the Sun.,NUMERIC
5330,A triangle has 3 sides.,NUMERIC
5331,The company was founded in 2010.,TEMPORAL
5332,All mammals are animals.,LOGICAL
5333,India became independent in 1947.,TEMPORAL
5334,Python is the best language.,OPINION
5335,If A>B and B>C then A>C.,LOGICAL
5336,Python is the best language.,OPINION
5337,A triangle has 3 sides.,NUMERIC
5338,Python is the best language.,OPINION
5339,Paris is the capital of France.,FACTUAL
5340,Mount Everest is the tallest mountain.,FACTUAL
5341,Water freezes at 0°C.,FACTUAL
5342,A triangle has 3 sides.,NUMERIC
5343,All mammals are animals.,LOGICAL
5344,AI is the greatest invention.,OPINION
5345,Paris is the capital of France.,FACTUAL
5346,The Olympics were held in Tokyo in 2021.,TEMPORAL
5347,India became independent in 1947.,TEMPORAL
5348,The Earth is 149.6 million km from the Sun.,NUMERIC
5349,A triangle has 3 sides.,NUMERIC
5350,Paris is the capital of France.,FACTUAL
5351,This movie is fantastic.,OPINION
5352,India became independent in 1947.,TEMPORAL
5353,The Olympics were held in Tokyo in 2021.,TEMPORAL
5354,Mount Everest is the tallest mountain.,FACTUAL
5355,Every square is a rectangle.,LOGICAL
5356,India became independent in 1947.,TEMPORAL
5357,A triangle has 3 sides.,NUMERIC
5358,The Olympics were held in Tokyo in 2021.,TEMPORAL
5359,15 + 27 = 42.,NUMERIC
5360,AI is the greatest invention.,OPINION
5361,A triangle has 3 sides.,NUMERIC
5362,A triangle has 3 sides.,NUMERIC
5363,Every square is a rectangle.,LOGICAL
5364,India became independent in 1947.,TEMPORAL
5365,Every square is a rectangle.,LOGICAL
5366,Paris is the capital of France.,FACTUAL
5367,All mammals are animals.,LOGICAL
5368,15 + 27 = 42.,NUMERIC
5369,15 + 27 = 42.,NUMERIC
5370,15 + 27 = 42.,NUMERIC
5371,A triangle has 3 sides.,NUMERIC
5372,AI is the greatest invention.,OPINION
5373,A triangle has 3 sides.,NUMERIC
5374,Water freezes at 0°C.,FACTUAL
5375,If A>B and B>C then A>C.,LOGICAL
5376,A triangle has 3 sides.,NUMERIC
5377,15 + 27 = 42.,NUMERIC
5378,All mammals are animals.,LOGICAL
5379,AI is the greatest invention.,OPINION
5380,The Olympics were held in Tokyo in 2021.,TEMPORAL
5381,This movie is fantastic.,OPINION
5382,The Earth is 149.6 million km from the Sun.,NUMERIC
5383,All mammals are animals.,LOGICAL
5384,The Olympics were held in Tokyo in 2021.,TEMPORAL
5385,All mammals are animals.,LOGICAL
5386,If A>B and B>C then A>C.,LOGICAL
5387,Every square is a rectangle.,LOGICAL
5388,Python is the best language.,OPINION
5389,All mammals are animals.,LOGICAL
5390,All mammals are animals.,LOGICAL
5391,If A>B and B>C then A>C.,LOGICAL
5392,Water freezes at 0°C.,FACTUAL
5393,Python is the best language.,OPINION
5394,A triangle has 3 sides.,NUMERIC
5395,The Earth is 149.6 million km from the Sun.,NUMERIC
5396,If A>B and B>C then A>C.,LOGICAL
5397,The Olympics were held in Tokyo in 2021.,TEMPORAL
5398,The Olympics were held in Tokyo in 2021.,TEMPORAL
5399,Python is the best language.,OPINION
5400,All mammals are animals.,LOGICAL
5401,India became independent in 1947.,TEMPORAL
5402,All mammals are animals.,LOGICAL
5403,15 + 27 = 42.,NUMERIC
5404,Paris is the capital of France.,FACTUAL
5405,Python is the best language.,OPINION
5406,The Olympics were held in Tokyo in 2021.,TEMPORAL
5407,If A>B and B>C then A>C.,LOGICAL
5408,Every square is a rectangle.,LOGICAL
5409,The Olympics were held in Tokyo in 2021.,TEMPORAL
5410,If A>B and B>C then A>C.,LOGICAL
5411,AI is the greatest invention.,OPINION
5412,All mammals are animals.,LOGICAL
5413,Water freezes at 0°C.,FACTUAL
5414,AI is the greatest invention.,OPINION
5415,The Earth is 149.6 million km from the Sun.,NUMERIC
5416,The company was founded in 2010.,TEMPORAL
5417,The company was founded in 2010.,TEMPORAL
5418,Every square is a rectangle.,LOGICAL
5419,The company was founded in 2010.,TEMPORAL
5420,Mount Everest is the tallest mountain.,FACTUAL
5421,If A>B and B>C then A>C.,LOGICAL
5422,15 + 27 = 42.,NUMERIC
5423,All mammals are animals.,LOGICAL
5424,The company was founded in 2010.,TEMPORAL
5425,Mount Everest is the tallest mountain.,FACTUAL
5426,The Earth is 149.6 million km from the Sun.,NUMERIC
5427,This movie is fantastic.,OPINION
5428,The Earth is 149.6 million km from the Sun.,NUMERIC
5429,A triangle has 3 sides.,NUMERIC
5430,Python is the best language.,OPINION
5431,15 + 27 = 42.,NUMERIC
5432,Paris is the capital of France.,FACTUAL
5433,If A>B and B>C then A>C.,LOGICAL
5434,AI is the greatest invention.,OPINION
5435,AI is the greatest invention.,OPINION
5436,All mammals are animals.,LOGICAL
5437,If A>B and B>C then A>C.,LOGICAL
5438,The company was founded in 2010.,TEMPORAL
5439,Python is the best language.,OPINION
5440,Every square is a rectangle.,LOGICAL
5441,The company was founded in 2010.,TEMPORAL
5442,Every square is a rectangle.,LOGICAL
5443,Paris is the capital of France.,FACTUAL
5444,This movie is fantastic.,OPINION
5445,The Earth is 149.6 million km from the Sun.,NUMERIC
5446,A triangle has 3 sides.,NUMERIC
5447,Every square is a rectangle.,LOGICAL
5448,India became independent in 1947.,TEMPORAL
5449,The Earth is 149.6 million km from the Sun.,NUMERIC
5450,Paris is the capital of France.,FACTUAL
5451,Mount Everest is the tallest mountain.,FACTUAL
5452,Every square is a rectangle.,LOGICAL
5453,Every square is a rectangle.,LOGICAL
5454,The company was founded in 2010.,TEMPORAL
5455,All mammals are animals.,LOGICAL
5456,The Earth is 149.6 million km from the Sun.,NUMERIC
5457,A triangle has 3 sides.,NUMERIC
5458,15 + 27 = 42.,NUMERIC
5459,All mammals are animals.,LOGICAL
5460,AI is the greatest invention.,OPINION
5461,Every square is a rectangle.,LOGICAL
5462,15 + 27 = 42.,NUMERIC
5463,15 + 27 = 42.,NUMERIC
5464,15 + 27 = 42.,NUMERIC
5465,The Olympics were held in Tokyo in 2021.,TEMPORAL
5466,Every square is a rectangle.,LOGICAL
5467,AI is the greatest invention.,OPINION
5468,15 + 27 = 42.,NUMERIC
5469,India became independent in 1947.,TEMPORAL
5470,All mammals are animals.,LOGICAL
5471,India became independent in 1947.,TEMPORAL
5472,India became independent in 1947.,TEMPORAL
5473,AI is the greatest invention.,OPINION
5474,If A>B and B>C then A>C.,LOGICAL
5475,Paris is the capital of France.,FACTUAL
5476,Water freezes at 0°C.,FACTUAL
5477,Mount Everest is the tallest mountain.,FACTUAL
5478,AI is the greatest invention.,OPINION
5479,Paris is the capital of France.,FACTUAL
5480,AI is the greatest invention.,OPINION
5481,Every square is a rectangle.,LOGICAL
5482,This movie is fantastic.,OPINION
5483,If A>B and B>C then A>C.,LOGICAL
5484,The company was founded in 2010.,TEMPORAL
5485,If A>B and B>C then A>C.,LOGICAL
5486,The company was founded in 2010.,TEMPORAL
5487,The Olympics were held in Tokyo in 2021.,TEMPORAL
5488,The Earth is 149.6 million km from the Sun.,NUMERIC
5489,If A>B and B>C then A>C.,LOGICAL
5490,AI is the greatest invention.,OPINION
5491,The Olympics were held in Tokyo in 2021.,TEMPORAL
5492,Paris is the capital of France.,FACTUAL
5493,Every square is a rectangle.,LOGICAL
5494,Every square is a rectangle.,LOGICAL
5495,15 + 27 = 42.,NUMERIC
5496,AI is the greatest invention.,OPINION
5497,This movie is fantastic.,OPINION
5498,The Earth is 149.6 million km from the Sun.,NUMERIC
5499,Every square is a rectangle.,LOGICAL
5500,Every square is a rectangle.,LOGICAL
5501,Every square is a rectangle.,LOGICAL
5502,15 + 27 = 42.,NUMERIC
5503,India became independent in 1947.,TEMPORAL
5504,India became independent in 1947.,TEMPORAL
5505,The company was founded in 2010.,TEMPORAL
5506,All mammals are animals.,LOGICAL
5507,This movie is fantastic.,OPINION
5508,Every square is a rectangle.,LOGICAL
5509,AI is the greatest invention.,OPINION
5510,The Olympics were held in Tokyo in 2021.,TEMPORAL
5511,Every square is a rectangle.,LOGICAL
5512,Mount Everest is the tallest mountain.,FACTUAL
5513,If A>B and B>C then A>C.,LOGICAL
5514,AI is the greatest invention.,OPINION
5515,A triangle has 3 sides.,NUMERIC
5516,Python is the best language.,OPINION
5517,AI is the greatest invention.,OPINION
5518,The Earth is 149.6 million km from the Sun.,NUMERIC
5519,Water freezes at 0°C.,FACTUAL
5520,This movie is fantastic.,OPINION
5521,The Earth is 149.6 million km from the Sun.,NUMERIC
5522,Water freezes at 0°C.,FACTUAL
5523,AI is the greatest invention.,OPINION
5524,15 + 27 = 42.,NUMERIC
5525,A triangle has 3 sides.,NUMERIC
5526,Paris is the capital of France.,FACTUAL
5527,Every square is a rectangle.,LOGICAL
5528,Paris is the capital of France.,FACTUAL
5529,The Olympics were held in Tokyo in 2021.,TEMPORAL
5530,India became independent in 1947.,TEMPORAL
5531,The company was founded in 2010.,TEMPORAL
5532,Every square is a rectangle.,LOGICAL
5533,Mount Everest is the tallest mountain.,FACTUAL
5534,A triangle has 3 sides.,NUMERIC
5535,All mammals are animals.,LOGICAL
5536,India became independent in 1947.,TEMPORAL
5537,Python is the best language.,OPINION
5538,Mount Everest is the tallest mountain.,FACTUAL
5539,The Olympics were held in Tokyo in 2021.,TEMPORAL
5540,Every square is a rectangle.,LOGICAL
5541,This movie is fantastic.,OPINION
5542,15 + 27 = 42.,NUMERIC
5543,India became independent in 1947.,TEMPORAL
5544,India became independent in 1947.,TEMPORAL
5545,Paris is the capital of France.,FACTUAL
5546,The company was founded in 2010.,TEMPORAL
5547,AI is the greatest invention.,OPINION
5548,Mount Everest is the tallest mountain.,FACTUAL
5549,India became independent in 1947.,TEMPORAL
5550,The Olympics were held in Tokyo in 2021.,TEMPORAL
5551,Python is the best language.,OPINION
5552,Water freezes at 0°C.,FACTUAL
5553,Mount Everest is the tallest mountain.,FACTUAL
5554,AI is the greatest invention.,OPINION
5555,If A>B and B>C then A>C.,LOGICAL
5556,The Olympics were held in Tokyo in 2021.,TEMPORAL
5557,A triangle has 3 sides.,NUMERIC
5558,Python is the best language.,OPINION
5559,15 + 27 = 42.,NUMERIC
5560,All mammals are animals.,LOGICAL
5561,This movie is fantastic.,OPINION
5562,India became independent in 1947.,TEMPORAL
5563,India became independent in 1947.,TEMPORAL
5564,Every square is a rectangle.,LOGICAL
5565,All mammals are animals.,LOGICAL
5566,This movie is fantastic.,OPINION
5567,A triangle has 3 sides.,NUMERIC
5568,Mount Everest is the tallest mountain.,FACTUAL
5569,The Olympics were held in Tokyo in 2021.,TEMPORAL
5570,Python is the best language.,OPINION
5571,Water freezes at 0°C.,FACTUAL
5572,This movie is fantastic.,OPINION
5573,The Earth is 149.6 million km from the Sun.,NUMERIC
5574,The company was founded in 2010.,TEMPORAL
5575,All mammals are animals.,LOGICAL
5576,India became independent in 1947.,TEMPORAL
5577,A triangle has 3 sides.,NUMERIC
5578,A triangle has 3 sides.,NUMERIC
5579,Paris is the capital of France.,FACTUAL
5580,Every square is a rectangle.,LOGICAL
5581,If A>B and B>C then A>C.,LOGICAL
5582,15 + 27 = 42.,NUMERIC
5583,This movie is fantastic.,OPINION
5584,The Olympics were held in Tokyo in 2021.,TEMPORAL
5585,If A>B and B>C then A>C.,LOGICAL
5586,If A>B and B>C then A>C.,LOGICAL
5587,Mount Everest is the tallest mountain.,FACTUAL
5588,The Olympics were held in Tokyo in 2021.,TEMPORAL
5589,A triangle has 3 sides.,NUMERIC
5590,This movie is fantastic.,OPINION
5591,Paris is the capital of France.,FACTUAL
5592,The company was founded in 2010.,TEMPORAL
5593,Mount Everest is the tallest mountain.,FACTUAL
5594,The Olympics were held in Tokyo in 2021.,TEMPORAL
5595,A triangle has 3 sides.,NUMERIC
5596,The Earth is 149.6 million km from the Sun.,NUMERIC
5597,If A>B and B>C then A>C.,LOGICAL
5598,15 + 27 = 42.,NUMERIC
5599,A triangle has 3 sides.,NUMERIC
5600,A triangle has 3 sides.,NUMERIC
5601,Water freezes at 0°C.,FACTUAL
5602,AI is the greatest invention.,OPINION
5603,The Earth is 149.6 million km from the Sun.,NUMERIC
5604,Every square is a rectangle.,LOGICAL
5605,15 + 27 = 42.,NUMERIC
5606,Water freezes at 0°C.,FACTUAL
5607,All mammals are animals.,LOGICAL
5608,Paris is the capital of France.,FACTUAL
5609,Python is the best language.,OPINION
5610,The company was founded in 2010.,TEMPORAL
5611,All mammals are animals.,LOGICAL
5612,All mammals are animals.,LOGICAL
5613,Paris is the capital of France.,FACTUAL
5614,The Earth is 149.6 million km from the Sun.,NUMERIC
5615,If A>B and B>C then A>C.,LOGICAL
5616,AI is the greatest invention.,OPINION
5617,Every square is a rectangle.,LOGICAL
5618,Water freezes at 0°C.,FACTUAL
5619,If A>B and B>C then A>C.,LOGICAL
5620,If A>B and B>C then A>C.,LOGICAL
5621,Paris is the capital of France.,FACTUAL
5622,Paris is the capital of France.,FACTUAL
5623,Water freezes at 0°C.,FACTUAL
5624,AI is the greatest invention.,OPINION
5625,Mount Everest is the tallest mountain.,FACTUAL
5626,Python is the best language.,OPINION
5627,If A>B and B>C then A>C.,LOGICAL
5628,Mount Everest is the tallest mountain.,FACTUAL
5629,The Earth is 149.6 million km from the Sun.,NUMERIC
5630,Every square is a rectangle.,LOGICAL
5631,If A>B and B>C then A>C.,LOGICAL
5632,AI is the greatest invention.,OPINION
5633,Water freezes at 0°C.,FACTUAL
5634,Mount Everest is the tallest mountain.,FACTUAL
5635,AI is the greatest invention.,OPINION
5636,Every square is a rectangle.,LOGICAL
5637,Water freezes at 0°C.,FACTUAL
5638,Python is the best language.,OPINION
5639,This movie is fantastic.,OPINION
5640,Mount Everest is the tallest mountain.,FACTUAL
5641,Python is the best language.,OPINION
5642,Paris is the capital of France.,FACTUAL
5643,Paris is the capital of France.,FACTUAL
5644,Python is the best language.,OPINION
5645,15 + 27 = 42.,NUMERIC
5646,This movie is fantastic.,OPINION
5647,India became independent in 1947.,TEMPORAL
5648,Paris is the capital of France.,FACTUAL
5649,AI is the greatest invention.,OPINION
5650,15 + 27 = 42.,NUMERIC
5651,This movie is fantastic.,OPINION
5652,Paris is the capital of France.,FACTUAL
5653,Mount Everest is the tallest mountain.,FACTUAL
5654,The Olympics were held in Tokyo in 2021.,TEMPORAL
5655,AI is the greatest invention.,OPINION
5656,Every square is a rectangle.,LOGICAL
5657,Paris is the capital of France.,FACTUAL
5658,India became independent in 1947.,TEMPORAL
5659,This movie is fantastic.,OPINION
5660,This movie is fantastic.,OPINION
5661,A triangle has 3 sides.,NUMERIC
5662,Every square is a rectangle.,LOGICAL
5663,The company was founded in 2010.,TEMPORAL
5664,The company was founded in 2010.,TEMPORAL
5665,Python is the best language.,OPINION
5666,A triangle has 3 sides.,NUMERIC
5667,Mount Everest is the tallest mountain.,FACTUAL
5668,Paris is the capital of France.,FACTUAL
5669,Paris is the capital of France.,FACTUAL
5670,The Earth is 149.6 million km from the Sun.,NUMERIC
5671,15 + 27 = 42.,NUMERIC
5672,Python is the best language.,OPINION
5673,A triangle has 3 sides.,NUMERIC
5674,The Olympics were held in Tokyo in 2021.,TEMPORAL
5675,A triangle has 3 sides.,NUMERIC
5676,This movie is fantastic.,OPINION
5677,Mount Everest is the tallest mountain.,FACTUAL
5678,The Olympics were held in Tokyo in 2021.,TEMPORAL
5679,Every square is a rectangle.,LOGICAL
5680,The Earth is 149.6 million km from the Sun.,NUMERIC
5681,All mammals are animals.,LOGICAL
5682,The company was founded in 2010.,TEMPORAL
5683,Every square is a rectangle.,LOGICAL
5684,A triangle has 3 sides.,NUMERIC
5685,15 + 27 = 42.,NUMERIC
5686,The company was founded in 2010.,TEMPORAL
5687,A triangle has 3 sides.,NUMERIC
5688,The company was founded in 2010.,TEMPORAL
5689,Python is the best language.,OPINION
5690,The Earth is 149.6 million km from the Sun.,NUMERIC
5691,The Earth is 149.6 million km from the Sun.,NUMERIC
5692,If A>B and B>C then A>C.,LOGICAL
5693,Mount Everest is the tallest mountain.,FACTUAL
5694,15 + 27 = 42.,NUMERIC
5695,India became independent in 1947.,TEMPORAL
5696,AI is the greatest invention.,OPINION
5697,This movie is fantastic.,OPINION
5698,Water freezes at 0°C.,FACTUAL
5699,Water freezes at 0°C.,FACTUAL
5700,The Olympics were held in Tokyo in 2021.,TEMPORAL
5701,15 + 27 = 42.,NUMERIC
5702,India became independent in 1947.,TEMPORAL
5703,Water freezes at 0°C.,FACTUAL
5704,The Earth is 149.6 million km from the Sun.,NUMERIC
5705,Paris is the capital of France.,FACTUAL
5706,A triangle has 3 sides.,NUMERIC
5707,The company was founded in 2010.,TEMPORAL
5708,All mammals are animals.,LOGICAL
5709,This movie is fantastic.,OPINION
5710,This movie is fantastic.,OPINION
5711,This movie is fantastic.,OPINION
5712,AI is the greatest invention.,OPINION
5713,Paris is the capital of France.,FACTUAL
5714,The Olympics were held in Tokyo in 2021.,TEMPORAL
5715,The Earth is 149.6 million km from the Sun.,NUMERIC
5716,Python is the best language.,OPINION
5717,This movie is fantastic.,OPINION
5718,Every square is a rectangle.,LOGICAL
5719,The Earth is 149.6 million km from the Sun.,NUMERIC
5720,Mount Everest is the tallest mountain.,FACTUAL
5721,Python is the best language.,OPINION
5722,A triangle has 3 sides.,NUMERIC
5723,15 + 27 = 42.,NUMERIC
5724,Every square is a rectangle.,LOGICAL
5725,India became independent in 1947.,TEMPORAL
5726,The company was founded in 2010.,TEMPORAL
5727,A triangle has 3 sides.,NUMERIC
5728,This movie is fantastic.,OPINION
5729,All mammals are animals.,LOGICAL
5730,If A>B and B>C then A>C.,LOGICAL
5731,Every square is a rectangle.,LOGICAL
5732,The Olympics were held in Tokyo in 2021.,TEMPORAL
5733,Every square is a rectangle.,LOGICAL
5734,The Earth is 149.6 million km from the Sun.,NUMERIC
5735,Water freezes at 0°C.,FACTUAL
5736,If A>B and B>C then A>C.,LOGICAL
5737,Mount Everest is the tallest mountain.,FACTUAL
5738,Paris is the capital of France.,FACTUAL
5739,15 + 27 = 42.,NUMERIC
5740,A triangle has 3 sides.,NUMERIC
5741,Paris is the capital of France.,FACTUAL
5742,The company was founded in 2010.,TEMPORAL
5743,All mammals are animals.,LOGICAL
5744,Every square is a rectangle.,LOGICAL
5745,Python is the best language.,OPINION
5746,The Earth is 149.6 million km from the Sun.,NUMERIC
5747,Every square is a rectangle.,LOGICAL
5748,Python is the best language.,OPINION
5749,Water freezes at 0°C.,FACTUAL
5750,Mount Everest is the tallest mountain.,FACTUAL
5751,A triangle has 3 sides.,NUMERIC
5752,Mount Everest is the tallest mountain.,FACTUAL
5753,Every square is a rectangle.,LOGICAL
5754,Python is the best language.,OPINION
5755,India became independent in 1947.,TEMPORAL
5756,Python is the best language.,OPINION
5757,AI is the greatest invention.,OPINION
5758,This movie is fantastic.,OPINION
5759,A triangle has 3 sides.,NUMERIC
5760,AI is the greatest invention.,OPINION
5761,15 + 27 = 42.,NUMERIC
5762,India became independent in 1947.,TEMPORAL
5763,This movie is fantastic.,OPINION
5764,Water freezes at 0°C.,FACTUAL
5765,If A>B and B>C then A>C.,LOGICAL
5766,The Earth is 149.6 million km from the Sun.,NUMERIC
5767,Water freezes at 0°C.,FACTUAL
5768,A triangle has 3 sides.,NUMERIC
5769,Water freezes at 0°C.,FACTUAL
5770,The Olympics were held in Tokyo in 2021.,TEMPORAL
5771,The Olympics were held in Tokyo in 2021.,TEMPORAL
5772,15 + 27 = 42.,NUMERIC
5773,This movie is fantastic.,OPINION
5774,The Earth is 149.6 million km from the Sun.,NUMERIC
5775,AI is the greatest invention.,OPINION
5776,Every square is a rectangle.,LOGICAL
5777,All mammals are animals.,LOGICAL
5778,India became independent in 1947.,TEMPORAL
5779,This movie is fantastic.,OPINION
5780,The Olympics were held in Tokyo in 2021.,TEMPORAL
5781,India became independent in 1947.,TEMPORAL
5782,Water freezes at 0°C.,FACTUAL
5783,The Earth is 149.6 million km from the Sun.,NUMERIC
5784,India became independent in 1947.,TEMPORAL
5785,Water freezes at 0°C.,FACTUAL
5786,All mammals are animals.,LOGICAL
5787,Mount Everest is the tallest mountain.,FACTUAL
5788,AI is the greatest invention.,OPINION
5789,All mammals are animals.,LOGICAL
5790,All mammals are animals.,LOGICAL
5791,A triangle has 3 sides.,NUMERIC
5792,India became independent in 1947.,TEMPORAL
5793,If A>B and B>C then A>C.,LOGICAL
5794,The Olympics were held in Tokyo in 2021.,TEMPORAL
5795,The Olympics were held in Tokyo in 2021.,TEMPORAL
5796,A triangle has 3 sides.,NUMERIC
5797,India became independent in 1947.,TEMPORAL
5798,Every square is a rectangle.,LOGICAL
5799,All mammals are animals.,LOGICAL
5800,The Earth is 149.6 million km from the Sun.,NUMERIC
5801,All mammals are animals.,LOGICAL
5802,The company was founded in 2010.,TEMPORAL
5803,15 + 27 = 42.,NUMERIC
5804,The Earth is 149.6 million km from the Sun.,NUMERIC
5805,Paris is the capital of France.,FACTUAL
5806,If A>B and B>C then A>C.,LOGICAL
5807,India became independent in 1947.,TEMPORAL
5808,A triangle has 3 sides.,NUMERIC
5809,The Earth is 149.6 million km from the Sun.,NUMERIC
5810,India became independent in 1947.,TEMPORAL
5811,If A>B and B>C then A>C.,LOGICAL
5812,This movie is fantastic.,OPINION
5813,The Earth is 149.6 million km from the Sun.,NUMERIC
5814,Every square is a rectangle.,LOGICAL
5815,All mammals are animals.,LOGICAL
5816,Paris is the capital of France.,FACTUAL
5817,Paris is the capital of France.,FACTUAL
5818,The Earth is 149.6 million km from the Sun.,NUMERIC
5819,AI is the greatest invention.,OPINION
5820,15 + 27 = 42.,NUMERIC
5821,The Olympics were held in Tokyo in 2021.,TEMPORAL
5822,Python is the best language.,OPINION
5823,Water freezes at 0°C.,FACTUAL
5824,If A>B and B>C then A>C.,LOGICAL
5825,The Olympics were held in Tokyo in 2021.,TEMPORAL
5826,Water freezes at 0°C.,FACTUAL
5827,A triangle has 3 sides.,NUMERIC
5828,A triangle has 3 sides.,NUMERIC
5829,AI is the greatest invention.,OPINION
5830,The Earth is 149.6 million km from the Sun.,NUMERIC
5831,Water freezes at 0°C.,FACTUAL
5832,A triangle has 3 sides.,NUMERIC
5833,All mammals are animals.,LOGICAL
5834,Every square is a rectangle.,LOGICAL
5835,Mount Everest is the tallest mountain.,FACTUAL
5836,Python is the best language.,OPINION
5837,15 + 27 = 42.,NUMERIC
5838,Python is the best language.,OPINION
5839,15 + 27 = 42.,NUMERIC
5840,Paris is the capital of France.,FACTUAL
5841,All mammals are animals.,LOGICAL
5842,India became independent in 1947.,TEMPORAL
5843,The Earth is 149.6 million km from the Sun.,NUMERIC
5844,Mount Everest is the tallest mountain.,FACTUAL
5845,15 + 27 = 42.,NUMERIC
5846,Water freezes at 0°C.,FACTUAL
5847,Every square is a rectangle.,LOGICAL
5848,The company was founded in 2010.,TEMPORAL
5849,15 + 27 = 42.,NUMERIC
5850,The Olympics were held in Tokyo in 2021.,TEMPORAL
5851,All mammals are animals.,LOGICAL
5852,This movie is fantastic.,OPINION
5853,Water freezes at 0°C.,FACTUAL
5854,Water freezes at 0°C.,FACTUAL
5855,The Olympics were held in Tokyo in 2021.,TEMPORAL
5856,The company was founded in 2010.,TEMPORAL
5857,All mammals are animals.,LOGICAL
5858,India became independent in 1947.,TEMPORAL
5859,15 + 27 = 42.,NUMERIC
5860,Paris is the capital of France.,FACTUAL
5861,India became independent in 1947.,TEMPORAL
5862,The Olympics were held in Tokyo in 2021.,TEMPORAL
5863,The company was founded in 2010.,TEMPORAL
5864,Water freezes at 0°C.,FACTUAL
5865,The Earth is 149.6 million km from the Sun.,NUMERIC
5866,If A>B and B>C then A>C.,LOGICAL
5867,The Olympics were held in Tokyo in 2021.,TEMPORAL
5868,Paris is the capital of France.,FACTUAL
5869,Mount Everest is the tallest mountain.,FACTUAL
5870,AI is the greatest invention.,OPINION
5871,The Olympics were held in Tokyo in 2021.,TEMPORAL
5872,The company was founded in 2010.,TEMPORAL
5873,Python is the best language.,OPINION
5874,This movie is fantastic.,OPINION
5875,A triangle has 3 sides.,NUMERIC
5876,India became independent in 1947.,TEMPORAL
5877,This movie is fantastic.,OPINION
5878,Paris is the capital of France.,FACTUAL
5879,A triangle has 3 sides.,NUMERIC
5880,AI is the greatest invention.,OPINION
5881,Mount Everest is the tallest mountain.,FACTUAL
5882,15 + 27 = 42.,NUMERIC
5883,All mammals are animals.,LOGICAL
5884,Mount Everest is the tallest mountain.,FACTUAL
5885,This movie is fantastic.,OPINION
5886,The company was founded in 2010.,TEMPORAL
5887,All mammals are animals.,LOGICAL
5888,Python is the best language.,OPINION
5889,15 + 27 = 42.,NUMERIC
5890,15 + 27 = 42.,NUMERIC
5891,Every square is a rectangle.,LOGICAL
5892,The company was founded in 2010.,TEMPORAL
5893,The Olympics were held in Tokyo in 2021.,TEMPORAL
5894,Every square is a rectangle.,LOGICAL
5895,Water freezes at 0°C.,FACTUAL
5896,Water freezes at 0°C.,FACTUAL
5897,Every square is a rectangle.,LOGICAL
5898,AI is the greatest invention.,OPINION
5899,A triangle has 3 sides.,NUMERIC
5900,The company was founded in 2010.,TEMPORAL
5901,The Earth is 149.6 million km from the Sun.,NUMERIC
5902,Mount Everest is the tallest mountain.,FACTUAL
5903,Mount Everest is the tallest mountain.,FACTUAL
5904,A triangle has 3 sides.,NUMERIC
5905,If A>B and B>C then A>C.,LOGICAL
5906,Python is the best language.,OPINION
5907,Paris is the capital of France.,FACTUAL
5908,Every square is a rectangle.,LOGICAL
5909,Every square is a rectangle.,LOGICAL
5910,If A>B and B>C then A>C.,LOGICAL
5911,This movie is fantastic.,OPINION
5912,15 + 27 = 42.,NUMERIC
5913,Paris is the capital of France.,FACTUAL
5914,AI is the greatest invention.,OPINION
5915,Python is the best language.,OPINION
5916,Mount Everest is the tallest mountain.,FACTUAL
5917,Every square is a rectangle.,LOGICAL
5918,This movie is fantastic.,OPINION
5919,India became independent in 1947.,TEMPORAL
5920,The company was founded in 2010.,TEMPORAL
5921,The company was founded in 2010.,TEMPORAL
5922,Paris is the capital of France.,FACTUAL
5923,15 + 27 = 42.,NUMERIC
5924,AI is the greatest invention.,OPINION
5925,India became independent in 1947.,TEMPORAL
5926,The Earth is 149.6 million km from the Sun.,NUMERIC
5927,The Earth is 149.6 million km from the Sun.,NUMERIC
5928,Mount Everest is the tallest mountain.,FACTUAL
5929,15 + 27 = 42.,NUMERIC
5930,AI is the greatest invention.,OPINION
5931,Mount Everest is the tallest mountain.,FACTUAL
5932,The company was founded in 2010.,TEMPORAL
5933,This movie is fantastic.,OPINION
5934,India became independent in 1947.,TEMPORAL
5935,This movie is fantastic.,OPINION
5936,The Earth is 149.6 million km from the Sun.,NUMERIC
5937,This movie is fantastic.,OPINION
5938,India became independent in 1947.,TEMPORAL
5939,Water freezes at 0°C.,FACTUAL
5940,A triangle has 3 sides.,NUMERIC
5941,India became independent in 1947.,TEMPORAL
5942,India became independent in 1947.,TEMPORAL
5943,Python is the best language.,OPINION
5944,AI is the greatest invention.,OPINION
5945,Every square is a rectangle.,LOGICAL
5946,The company was founded in 2010.,TEMPORAL
5947,Python is the best language.,OPINION
5948,The Earth is 149.6 million km from the Sun.,NUMERIC
5949,The Earth is 149.6 million km from the Sun.,NUMERIC
5950,India became independent in 1947.,TEMPORAL
5951,Python is the best language.,OPINION
5952,All mammals are animals.,LOGICAL
5953,All mammals are animals.,LOGICAL
5954,If A>B and B>C then A>C.,LOGICAL
5955,The Earth is 149.6 million km from the Sun.,NUMERIC
5956,Water freezes at 0°C.,FACTUAL
5957,The Earth is 149.6 million km from the Sun.,NUMERIC
5958,15 + 27 = 42.,NUMERIC
5959,A triangle has 3 sides.,NUMERIC
5960,Every square is a rectangle.,LOGICAL
5961,A triangle has 3 sides.,NUMERIC
5962,India became independent in 1947.,TEMPORAL
5963,India became independent in 1947.,TEMPORAL
5964,The Earth is 149.6 million km from the Sun.,NUMERIC
5965,AI is the greatest invention.,OPINION
5966,Paris is the capital of France.,FACTUAL
5967,Water freezes at 0°C.,FACTUAL
5968,The Earth is 149.6 million km from the Sun.,NUMERIC
5969,All mammals are animals.,LOGICAL
5970,AI is the greatest invention.,OPINION
5971,Mount Everest is the tallest mountain.,FACTUAL
5972,Water freezes at 0°C.,FACTUAL
5973,All mammals are animals.,LOGICAL
5974,Paris is the capital of France.,FACTUAL
5975,Paris is the capital of France.,FACTUAL
5976,15 + 27 = 42.,NUMERIC
5977,India became independent in 1947.,TEMPORAL
5978,AI is the greatest invention.,OPINION
5979,Paris is the capital of France.,FACTUAL
5980,Python is the best language.,OPINION
5981,The company was founded in 2010.,TEMPORAL
5982,Paris is the capital of France.,FACTUAL
5983,The Earth is 149.6 million km from the Sun.,NUMERIC
5984,This movie is fantastic.,OPINION
5985,The Earth is 149.6 million km from the Sun.,NUMERIC
5986,The Olympics were held in Tokyo in 2021.,TEMPORAL
5987,15 + 27 = 42.,NUMERIC
5988,Mount Everest is the tallest mountain.,FACTUAL
5989,The company was founded in 2010.,TEMPORAL
5990,AI is the greatest invention.,OPINION
5991,Paris is the capital of France.,FACTUAL
5992,Mount Everest is the tallest mountain.,FACTUAL
5993,India became independent in 1947.,TEMPORAL
5994,This movie is fantastic.,OPINION
5995,15 + 27 = 42.,NUMERIC
5996,15 + 27 = 42.,NUMERIC
5997,The Earth is 149.6 million km from the Sun.,NUMERIC
5998,All mammals are animals.,LOGICAL
5999,The company was founded in 2010.,TEMPORAL
6000,India became independent in 1947.,TEMPORAL
6001,Every square is a rectangle.,LOGICAL
6002,Water freezes at 0°C.,FACTUAL
6003,15 + 27 = 42.,NUMERIC
6004,15 + 27 = 42.,NUMERIC
6005,The Olympics were held in Tokyo in 2021.,TEMPORAL
6006,Mount Everest is the tallest mountain.,FACTUAL
6007,India became independent in 1947.,TEMPORAL
6008,India became independent in 1947.,TEMPORAL
6009,Mount Everest is the tallest mountain.,FACTUAL
6010,15 + 27 = 42.,NUMERIC
6011,Every square is a rectangle.,LOGICAL
6012,The company was founded in 2010.,TEMPORAL
6013,A triangle has 3 sides.,NUMERIC
6014,All mammals are animals.,LOGICAL
6015,The company was founded in 2010.,TEMPORAL
6016,The Olympics were held in Tokyo in 2021.,TEMPORAL
6017,Water freezes at 0°C.,FACTUAL
6018,Every square is a rectangle.,LOGICAL
6019,The Olympics were held in Tokyo in 2021.,TEMPORAL
6020,Paris is the capital of France.,FACTUAL
6021,A triangle has 3 sides.,NUMERIC
6022,The Earth is 149.6 million km from the Sun.,NUMERIC
6023,The Earth is 149.6 million km from the Sun.,NUMERIC
6024,Every square is a rectangle.,LOGICAL
6025,All mammals are animals.,LOGICAL
6026,Mount Everest is the tallest mountain.,FACTUAL
6027,Every square is a rectangle.,LOGICAL
6028,India became independent in 1947.,TEMPORAL
6029,Water freezes at 0°C.,FACTUAL
6030,15 + 27 = 42.,NUMERIC
6031,If A>B and B>C then A>C.,LOGICAL
6032,The Olympics were held in Tokyo in 2021.,TEMPORAL
6033,If A>B and B>C then A>C.,LOGICAL
6034,Every square is a rectangle.,LOGICAL
6035,India became independent in 1947.,TEMPORAL
6036,The Earth is 149.6 million km from the Sun.,NUMERIC
6037,Every square is a rectangle.,LOGICAL
6038,Every square is a rectangle.,LOGICAL
6039,This movie is fantastic.,OPINION
6040,Python is the best language.,OPINION
6041,The Earth is 149.6 million km from the Sun.,NUMERIC
6042,Mount Everest is the tallest mountain.,FACTUAL
6043,Every square is a rectangle.,LOGICAL
6044,Python is the best language.,OPINION
6045,A triangle has 3 sides.,NUMERIC
6046,Paris is the capital of France.,FACTUAL
6047,India became independent in 1947.,TEMPORAL
6048,15 + 27 = 42.,NUMERIC
6049,The company was founded in 2010.,TEMPORAL
6050,All mammals are animals.,LOGICAL
6051,Paris is the capital of France.,FACTUAL
6052,The Olympics were held in Tokyo in 2021.,TEMPORAL
6053,The Earth is 149.6 million km from the Sun.,NUMERIC
6054,All mammals are animals.,LOGICAL
6055,This movie is fantastic.,OPINION
6056,15 + 27 = 42.,NUMERIC
6057,15 + 27 = 42.,NUMERIC
6058,15 + 27 = 42.,NUMERIC
6059,The Earth is 149.6 million km from the Sun.,NUMERIC
6060,Mount Everest is the tallest mountain.,FACTUAL
6061,If A>B and B>C then A>C.,LOGICAL
6062,Mount Everest is the tallest mountain.,FACTUAL
6063,Mount Everest is the tallest mountain.,FACTUAL
6064,AI is the greatest invention.,OPINION
6065,Every square is a rectangle.,LOGICAL
6066,15 + 27 = 42.,NUMERIC
6067,The Earth is 149.6 million km from the Sun.,NUMERIC
6068,15 + 27 = 42.,NUMERIC
6069,15 + 27 = 42.,NUMERIC
6070,Mount Everest is the tallest mountain.,FACTUAL
6071,All mammals are animals.,LOGICAL
6072,The Earth is 149.6 million km from the Sun.,NUMERIC
6073,A triangle has 3 sides.,NUMERIC
6074,Python is the best language.,OPINION
6075,The Olympics were held in Tokyo in 2021.,TEMPORAL
6076,Every square is a rectangle.,LOGICAL
6077,The Olympics were held in Tokyo in 2021.,TEMPORAL
6078,Water freezes at 0°C.,FACTUAL
6079,Paris is the capital of France.,FACTUAL
6080,Mount Everest is the tallest mountain.,FACTUAL
6081,Mount Everest is the tallest mountain.,FACTUAL
6082,A triangle has 3 sides.,NUMERIC
6083,15 + 27 = 42.,NUMERIC
6084,If A>B and B>C then A>C.,LOGICAL
6085,Every square is a rectangle.,LOGICAL
6086,The company was founded in 2010.,TEMPORAL
6087,This movie is fantastic.,OPINION
6088,The Earth is 149.6 million km from the Sun.,NUMERIC
6089,The Earth is 149.6 million km from the Sun.,NUMERIC
6090,Mount Everest is the tallest mountain.,FACTUAL
6091,All mammals are animals.,LOGICAL
6092,The Earth is 149.6 million km from the Sun.,NUMERIC
6093,AI is the greatest invention.,OPINION
6094,The Earth is 149.6 million km from the Sun.,NUMERIC
6095,A triangle has 3 sides.,NUMERIC
6096,Python is the best language.,OPINION
6097,Mount Everest is the tallest mountain.,FACTUAL
6098,If A>B and B>C then A>C.,LOGICAL
6099,The company was founded in 2010.,TEMPORAL
6100,If A>B and B>C then A>C.,LOGICAL
6101,15 + 27 = 42.,NUMERIC
6102,The company was founded in 2010.,TEMPORAL
6103,All mammals are animals.,LOGICAL
6104,India became independent in 1947.,TEMPORAL
6105,Paris is the capital of France.,FACTUAL
6106,The company was founded in 2010.,TEMPORAL
6107,India became independent in 1947.,TEMPORAL
6108,The Earth is 149.6 million km from the Sun.,NUMERIC
6109,A triangle has 3 sides.,NUMERIC
6110,Paris is the capital of France.,FACTUAL
6111,A triangle has 3 sides.,NUMERIC
6112,Water freezes at 0°C.,FACTUAL
6113,A triangle has 3 sides.,NUMERIC
6114,A triangle has 3 sides.,NUMERIC
6115,Paris is the capital of France.,FACTUAL
6116,India became independent in 1947.,TEMPORAL
6117,Python is the best language.,OPINION
6118,Mount Everest is the tallest mountain.,FACTUAL
6119,All mammals are animals.,LOGICAL
6120,Water freezes at 0°C.,FACTUAL
6121,Water freezes at 0°C.,FACTUAL
6122,Water freezes at 0°C.,FACTUAL
6123,The Olympics were held in Tokyo in 2021.,TEMPORAL
6124,AI is the greatest invention.,OPINION
6125,The Olympics were held in Tokyo in 2021.,TEMPORAL
6126,India became independent in 1947.,TEMPORAL
6127,Water freezes at 0°C.,FACTUAL
6128,Every square is a rectangle.,LOGICAL
6129,AI is the greatest invention.,OPINION
6130,AI is the greatest invention.,OPINION
6131,Mount Everest is the tallest mountain.,FACTUAL
6132,If A>B and B>C then A>C.,LOGICAL
6133,AI is the greatest invention.,OPINION
6134,India became independent in 1947.,TEMPORAL
6135,A triangle has 3 sides.,NUMERIC
6136,All mammals are animals.,LOGICAL
6137,Mount Everest is the tallest mountain.,FACTUAL
6138,15 + 27 = 42.,NUMERIC
6139,A triangle has 3 sides.,NUMERIC
6140,A triangle has 3 sides.,NUMERIC
6141,Python is the best language.,OPINION
6142,Python is the best language.,OPINION
6143,This movie is fantastic.,OPINION
6144,All mammals are animals.,LOGICAL
6145,The Olympics were held in Tokyo in 2021.,TEMPORAL
6146,The company was founded in 2010.,TEMPORAL
6147,All mammals are animals.,LOGICAL
6148,All mammals are animals.,LOGICAL
6149,A triangle has 3 sides.,NUMERIC
6150,AI is the greatest invention.,OPINION
6151,A triangle has 3 sides.,NUMERIC
6152,All mammals are animals.,LOGICAL
6153,Paris is the capital of France.,FACTUAL
6154,The company was founded in 2010.,TEMPORAL
6155,Water freezes at 0°C.,FACTUAL
6156,Water freezes at 0°C.,FACTUAL
6157,India became independent in 1947.,TEMPORAL
6158,India became independent in 1947.,TEMPORAL
6159,Water freezes at 0°C.,FACTUAL
6160,This movie is fantastic.,OPINION
6161,India became independent in 1947.,TEMPORAL
6162,Paris is the capital of France.,FACTUAL
6163,If A>B and B>C then A>C.,LOGICAL
6164,If A>B and B>C then A>C.,LOGICAL
6165,Every square is a rectangle.,LOGICAL
6166,15 + 27 = 42.,NUMERIC
6167,This movie is fantastic.,OPINION
6168,Water freezes at 0°C.,FACTUAL
6169,The Olympics were held in Tokyo in 2021.,TEMPORAL
6170,Every square is a rectangle.,LOGICAL
6171,The Earth is 149.6 million km from the Sun.,NUMERIC
6172,The company was founded in 2010.,TEMPORAL
6173,This movie is fantastic.,OPINION
6174,India became independent in 1947.,TEMPORAL
6175,Every square is a rectangle.,LOGICAL
6176,If A>B and B>C then A>C.,LOGICAL
6177,Mount Everest is the tallest mountain.,FACTUAL
6178,Mount Everest is the tallest mountain.,FACTUAL
6179,A triangle has 3 sides.,NUMERIC
6180,AI is the greatest invention.,OPINION
6181,15 + 27 = 42.,NUMERIC
6182,The Olympics were held in Tokyo in 2021.,TEMPORAL
6183,A triangle has 3 sides.,NUMERIC
6184,All mammals are animals.,LOGICAL
6185,The Earth is 149.6 million km from the Sun.,NUMERIC
6186,Every square is a rectangle.,LOGICAL
6187,Water freezes at 0°C.,FACTUAL
6188,If A>B and B>C then A>C.,LOGICAL
6189,This movie is fantastic.,OPINION
6190,Paris is the capital of France.,FACTUAL
6191,A triangle has 3 sides.,NUMERIC
6192,Water freezes at 0°C.,FACTUAL
6193,All mammals are animals.,LOGICAL
6194,If A>B and B>C then A>C.,LOGICAL
6195,Water freezes at 0°C.,FACTUAL
6196,The company was founded in 2010.,TEMPORAL
6197,All mammals are animals.,LOGICAL
6198,All mammals are animals.,LOGICAL
6199,The Olympics were held in Tokyo in 2021.,TEMPORAL
6200,Mount Everest is the tallest mountain.,FACTUAL
6201,The Earth is 149.6 million km from the Sun.,NUMERIC
6202,A triangle has 3 sides.,NUMERIC
6203,The Earth is 149.6 million km from the Sun.,NUMERIC
6204,AI is the greatest invention.,OPINION
6205,This movie is fantastic.,OPINION
6206,Water freezes at 0°C.,FACTUAL
6207,If A>B and B>C then A>C.,LOGICAL
6208,15 + 27 = 42.,NUMERIC
6209,15 + 27 = 42.,NUMERIC
6210,If A>B and B>C then A>C.,LOGICAL
6211,The company was founded in 2010.,TEMPORAL
6212,15 + 27 = 42.,NUMERIC
6213,15 + 27 = 42.,NUMERIC
6214,The Olympics were held in Tokyo in 2021.,TEMPORAL
6215,Water freezes at 0°C.,FACTUAL
6216,If A>B and B>C then A>C.,LOGICAL
6217,AI is the greatest invention.,OPINION
6218,India became independent in 1947.,TEMPORAL
6219,Paris is the capital of France.,FACTUAL
6220,If A>B and B>C then A>C.,LOGICAL
6221,India became independent in 1947.,TEMPORAL
6222,The Earth is 149.6 million km from the Sun.,NUMERIC
6223,If A>B and B>C then A>C.,LOGICAL
6224,Every square is a rectangle.,LOGICAL
6225,A triangle has 3 sides.,NUMERIC
6226,If A>B and B>C then A>C.,LOGICAL
6227,This movie is fantastic.,OPINION
6228,Mount Everest is the tallest mountain.,FACTUAL
6229,AI is the greatest invention.,OPINION
6230,Mount Everest is the tallest mountain.,FACTUAL
6231,Python is the best language.,OPINION
6232,The Earth is 149.6 million km from the Sun.,NUMERIC
6233,India became independent in 1947.,TEMPORAL
6234,The Earth is 149.6 million km from the Sun.,NUMERIC
6235,The Earth is 149.6 million km from the Sun.,NUMERIC
6236,India became independent in 1947.,TEMPORAL
6237,If A>B and B>C then A>C.,LOGICAL
6238,Python is the best language.,OPINION
6239,Water freezes at 0°C.,FACTUAL
6240,A triangle has 3 sides.,NUMERIC
6241,Every square is a rectangle.,LOGICAL
6242,AI is the greatest invention.,OPINION
6243,Paris is the capital of France.,FACTUAL
6244,The Earth is 149.6 million km from the Sun.,NUMERIC
6245,AI is the greatest invention.,OPINION
6246,This movie is fantastic.,OPINION
6247,The Earth is 149.6 million km from the Sun.,NUMERIC
6248,15 + 27 = 42.,NUMERIC
6249,AI is the greatest invention.,OPINION
6250,The Olympics were held in Tokyo in 2021.,TEMPORAL
6251,Water freezes at 0°C.,FACTUAL
6252,The company was founded in 2010.,TEMPORAL
6253,Mount Everest is the tallest mountain.,FACTUAL
6254,Every square is a rectangle.,LOGICAL
6255,If A>B and B>C then A>C.,LOGICAL
6256,If A>B and B>C then A>C.,LOGICAL
6257,The company was founded in 2010.,TEMPORAL
6258,Every square is a rectangle.,LOGICAL
6259,India became independent in 1947.,TEMPORAL
6260,The Earth is 149.6 million km from the Sun.,NUMERIC
6261,If A>B and B>C then A>C.,LOGICAL
6262,A triangle has 3 sides.,NUMERIC
6263,AI is the greatest invention.,OPINION
6264,This movie is fantastic.,OPINION
6265,If A>B and B>C then A>C.,LOGICAL
6266,Every square is a rectangle.,LOGICAL
6267,The company was founded in 2010.,TEMPORAL
6268,AI is the greatest invention.,OPINION
6269,Paris is the capital of France.,FACTUAL
6270,Mount Everest is the tallest mountain.,FACTUAL
6271,Mount Everest is the tallest mountain.,FACTUAL
6272,All mammals are animals.,LOGICAL
6273,Every square is a rectangle.,LOGICAL
6274,Python is the best language.,OPINION
6275,Mount Everest is the tallest mountain.,FACTUAL
6276,Every square is a rectangle.,LOGICAL
6277,AI is the greatest invention.,OPINION
6278,The Olympics were held in Tokyo in 2021.,TEMPORAL
6279,15 + 27 = 42.,NUMERIC
6280,Every square is a rectangle.,LOGICAL
6281,All mammals are animals.,LOGICAL
6282,The Earth is 149.6 million km from the Sun.,NUMERIC
6283,Water freezes at 0°C.,FACTUAL
6284,If A>B and B>C then A>C.,LOGICAL
6285,All mammals are animals.,LOGICAL
6286,India became independent in 1947.,TEMPORAL
6287,This movie is fantastic.,OPINION
6288,The company was founded in 2010.,TEMPORAL
6289,The Olympics were held in Tokyo in 2021.,TEMPORAL
6290,Every square is a rectangle.,LOGICAL
6291,15 + 27 = 42.,NUMERIC
6292,All mammals are animals.,LOGICAL
6293,Paris is the capital of France.,FACTUAL
6294,The Earth is 149.6 million km from the Sun.,NUMERIC
6295,Python is the best language.,OPINION
6296,This movie is fantastic.,OPINION
6297,India became independent in 1947.,TEMPORAL
6298,This movie is fantastic.,OPINION
6299,A triangle has 3 sides.,NUMERIC
6300,All mammals are animals.,LOGICAL
6301,Python is the best language.,OPINION
6302,All mammals are animals.,LOGICAL
6303,This movie is fantastic.,OPINION
6304,A triangle has 3 sides.,NUMERIC
6305,Every square is a rectangle.,LOGICAL
6306,The Earth is 149.6 million km from the Sun.,NUMERIC
6307,The company was founded in 2010.,TEMPORAL
6308,The Earth is 149.6 million km from the Sun.,NUMERIC
6309,15 + 27 = 42.,NUMERIC
6310,A triangle has 3 sides.,NUMERIC
6311,Mount Everest is the tallest mountain.,FACTUAL
6312,This movie is fantastic.,OPINION
6313,The company was founded in 2010.,TEMPORAL
6314,The Earth is 149.6 million km from the Sun.,NUMERIC
6315,15 + 27 = 42.,NUMERIC
6316,Paris is the capital of France.,FACTUAL
6317,All mammals are animals.,LOGICAL
6318,AI is the greatest invention.,OPINION
6319,Mount Everest is the tallest mountain.,FACTUAL
6320,AI is the greatest invention.,OPINION
6321,This movie is fantastic.,OPINION
6322,Mount Everest is the tallest mountain.,FACTUAL
6323,The Earth is 149.6 million km from the Sun.,NUMERIC
6324,India became independent in 1947.,TEMPORAL
6325,A triangle has 3 sides.,NUMERIC
6326,The Earth is 149.6 million km from the Sun.,NUMERIC
6327,A triangle has 3 sides.,NUMERIC
6328,A triangle has 3 sides.,NUMERIC
6329,If A>B and B>C then A>C.,LOGICAL
6330,Water freezes at 0°C.,FACTUAL
6331,Paris is the capital of France.,FACTUAL
6332,Mount Everest is the tallest mountain.,FACTUAL
6333,AI is the greatest invention.,OPINION
6334,Water freezes at 0°C.,FACTUAL
6335,AI is the greatest invention.,OPINION
6336,Paris is the capital of France.,FACTUAL
6337,The Olympics were held in Tokyo in 2021.,TEMPORAL
6338,15 + 27 = 42.,NUMERIC
6339,Water freezes at 0°C.,FACTUAL
6340,India became independent in 1947.,TEMPORAL
6341,All mammals are animals.,LOGICAL
6342,All mammals are animals.,LOGICAL
6343,All mammals are animals.,LOGICAL
6344,Every square is a rectangle.,LOGICAL
6345,Paris is the capital of France.,FACTUAL
6346,If A>B and B>C then A>C.,LOGICAL
6347,The company was founded in 2010.,TEMPORAL
6348,All mammals are animals.,LOGICAL
6349,The Earth is 149.6 million km from the Sun.,NUMERIC
6350,Paris is the capital of France.,FACTUAL
6351,Python is the best language.,OPINION
6352,AI is the greatest invention.,OPINION
6353,Water freezes at 0°C.,FACTUAL
6354,The Olympics were held in Tokyo in 2021.,TEMPORAL
6355,Python is the best language.,OPINION
6356,AI is the greatest invention.,OPINION
6357,A triangle has 3 sides.,NUMERIC
6358,India became independent in 1947.,TEMPORAL
6359,A triangle has 3 sides.,NUMERIC
6360,Mount Everest is the tallest mountain.,FACTUAL
6361,Mount Everest is the tallest mountain.,FACTUAL
6362,AI is the greatest invention.,OPINION
6363,The Earth is 149.6 million km from the Sun.,NUMERIC
6364,Paris is the capital of France.,FACTUAL
6365,Water freezes at 0°C.,FACTUAL
6366,15 + 27 = 42.,NUMERIC
6367,Mount Everest is the tallest mountain.,FACTUAL
6368,The Earth is 149.6 million km from the Sun.,NUMERIC
6369,The Olympics were held in Tokyo in 2021.,TEMPORAL
6370,15 + 27 = 42.,NUMERIC
6371,The company was founded in 2010.,TEMPORAL
6372,Python is the best language.,OPINION
6373,The Olympics were held in Tokyo in 2021.,TEMPORAL
6374,If A>B and B>C then A>C.,LOGICAL
6375,This movie is fantastic.,OPINION
6376,The Earth is 149.6 million km from the Sun.,NUMERIC
6377,15 + 27 = 42.,NUMERIC
6378,The Olympics were held in Tokyo in 2021.,TEMPORAL
6379,Mount Everest is the tallest mountain.,FACTUAL
6380,This movie is fantastic.,OPINION
6381,15 + 27 = 42.,NUMERIC
6382,If A>B and B>C then A>C.,LOGICAL
6383,If A>B and B>C then A>C.,LOGICAL
6384,Python is the best language.,OPINION
6385,The Olympics were held in Tokyo in 2021.,TEMPORAL
6386,AI is the greatest invention.,OPINION
6387,This movie is fantastic.,OPINION
6388,All mammals are animals.,LOGICAL
6389,This movie is fantastic.,OPINION
6390,The company was founded in 2010.,TEMPORAL
6391,Water freezes at 0°C.,FACTUAL
6392,15 + 27 = 42.,NUMERIC
6393,This movie is fantastic.,OPINION
6394,This movie is fantastic.,OPINION
6395,The company was founded in 2010.,TEMPORAL
6396,This movie is fantastic.,OPINION
6397,All mammals are animals.,LOGICAL
6398,Paris is the capital of France.,FACTUAL
6399,The Olympics were held in Tokyo in 2021.,TEMPORAL
6400,The Earth is 149.6 million km from the Sun.,NUMERIC
6401,15 + 27 = 42.,NUMERIC
6402,A triangle has 3 sides.,NUMERIC
6403,The Olympics were held in Tokyo in 2021.,TEMPORAL
6404,The Earth is 149.6 million km from the Sun.,NUMERIC
6405,Paris is the capital of France.,FACTUAL
6406,The company was founded in 2010.,TEMPORAL
6407,Mount Everest is the tallest mountain.,FACTUAL
6408,India became independent in 1947.,TEMPORAL
6409,Every square is a rectangle.,LOGICAL
6410,India became independent in 1947.,TEMPORAL
6411,AI is the greatest invention.,OPINION
6412,If A>B and B>C then A>C.,LOGICAL
6413,AI is the greatest invention.,OPINION
6414,AI is the greatest invention.,OPINION
6415,Mount Everest is the tallest mountain.,FACTUAL
6416,The company was founded in 2010.,TEMPORAL
6417,Python is the best language.,OPINION
6418,Mount Everest is the tallest mountain.,FACTUAL
6419,Every square is a rectangle.,LOGICAL
6420,If A>B and B>C then A>C.,LOGICAL
6421,India became independent in 1947.,TEMPORAL
6422,15 + 27 = 42.,NUMERIC
6423,If A>B and B>C then A>C.,LOGICAL
6424,Water freezes at 0°C.,FACTUAL
6425,All mammals are animals.,LOGICAL
6426,Water freezes at 0°C.,FACTUAL
6427,A triangle has 3 sides.,NUMERIC
6428,The company was founded in 2010.,TEMPORAL
6429,All mammals are animals.,LOGICAL
6430,AI is the greatest invention.,OPINION
6431,India became independent in 1947.,TEMPORAL
6432,AI is the greatest invention.,OPINION
6433,If A>B and B>C then A>C.,LOGICAL
6434,The Earth is 149.6 million km from the Sun.,NUMERIC
6435,Mount Everest is the tallest mountain.,FACTUAL
6436,AI is the greatest invention.,OPINION
6437,The company was founded in 2010.,TEMPORAL
6438,Paris is the capital of France.,FACTUAL
6439,All mammals are animals.,LOGICAL
6440,Every square is a rectangle.,LOGICAL
6441,The Olympics were held in Tokyo in 2021.,TEMPORAL
6442,The Olympics were held in Tokyo in 2021.,TEMPORAL
6443,All mammals are animals.,LOGICAL
6444,This movie is fantastic.,OPINION
6445,Every square is a rectangle.,LOGICAL
6446,Water freezes at 0°C.,FACTUAL
6447,The company was founded in 2010.,TEMPORAL
6448,If A>B and B>C then A>C.,LOGICAL
6449,Water freezes at 0°C.,FACTUAL
6450,AI is the greatest invention.,OPINION
6451,Paris is the capital of France.,FACTUAL
6452,Paris is the capital of France.,FACTUAL
6453,15 + 27 = 42.,NUMERIC
6454,The company was founded in 2010.,TEMPORAL
6455,All mammals are animals.,LOGICAL
6456,15 + 27 = 42.,NUMERIC
6457,A triangle has 3 sides.,NUMERIC
6458,The company was founded in 2010.,TEMPORAL
6459,Mount Everest is the tallest mountain.,FACTUAL
6460,Water freezes at 0°C.,FACTUAL
6461,Paris is the capital of France.,FACTUAL
6462,Water freezes at 0°C.,FACTUAL
6463,Water freezes at 0°C.,FACTUAL
6464,The company was founded in 2010.,TEMPORAL
6465,This movie is fantastic.,OPINION
6466,The company was founded in 2010.,TEMPORAL
6467,15 + 27 = 42.,NUMERIC
6468,This movie is fantastic.,OPINION
6469,Paris is the capital of France.,FACTUAL
6470,India became independent in 1947.,TEMPORAL
6471,This movie is fantastic.,OPINION
6472,Every square is a rectangle.,LOGICAL
6473,Mount Everest is the tallest mountain.,FACTUAL
6474,AI is the greatest invention.,OPINION
6475,This movie is fantastic.,OPINION
6476,If A>B and B>C then A>C.,LOGICAL
6477,The company was founded in 2010.,TEMPORAL
6478,All mammals are animals.,LOGICAL
6479,Water freezes at 0°C.,FACTUAL
6480,The company was founded in 2010.,TEMPORAL
6481,Water freezes at 0°C.,FACTUAL
6482,AI is the greatest invention.,OPINION
6483,A triangle has 3 sides.,NUMERIC
6484,Paris is the capital of France.,FACTUAL
6485,All mammals are animals.,LOGICAL
6486,15 + 27 = 42.,NUMERIC
6487,The Earth is 149.6 million km from the Sun.,NUMERIC
6488,All mammals are animals.,LOGICAL
6489,All mammals are animals.,LOGICAL
6490,India became independent in 1947.,TEMPORAL
6491,Python is the best language.,OPINION
6492,This movie is fantastic.,OPINION
6493,The company was founded in 2010.,TEMPORAL
6494,Every square is a rectangle.,LOGICAL
6495,A triangle has 3 sides.,NUMERIC
6496,Paris is the capital of France.,FACTUAL
6497,The Earth is 149.6 million km from the Sun.,NUMERIC
6498,If A>B and B>C then A>C.,LOGICAL
6499,Python is the best language.,OPINION
6500,The Earth is 149.6 million km from the Sun.,NUMERIC
6501,15 + 27 = 42.,NUMERIC
6502,The Olympics were held in Tokyo in 2021.,TEMPORAL
6503,A triangle has 3 sides.,NUMERIC
6504,The company was founded in 2010.,TEMPORAL
6505,Paris is the capital of France.,FACTUAL
6506,All mammals are animals.,LOGICAL
6507,Paris is the capital of France.,FACTUAL
6508,Water freezes at 0°C.,FACTUAL
6509,The Earth is 149.6 million km from the Sun.,NUMERIC
6510,Water freezes at 0°C.,FACTUAL
6511,This movie is fantastic.,OPINION
6512,The Olympics were held in Tokyo in 2021.,TEMPORAL
6513,Mount Everest is the tallest mountain.,FACTUAL
6514,Water freezes at 0°C.,FACTUAL
6515,All mammals are animals.,LOGICAL
6516,The Earth is 149.6 million km from the Sun.,NUMERIC
6517,This movie is fantastic.,OPINION
6518,This movie is fantastic.,OPINION
6519,Water freezes at 0°C.,FACTUAL
6520,The Olympics were held in Tokyo in 2021.,TEMPORAL
6521,Paris is the capital of France.,FACTUAL
6522,Every square is a rectangle.,LOGICAL
6523,All mammals are animals.,LOGICAL
6524,India became independent in 1947.,TEMPORAL
6525,All mammals are animals.,LOGICAL
6526,This movie is fantastic.,OPINION
6527,Python is the best language.,OPINION
6528,Every square is a rectangle.,LOGICAL
6529,All mammals are animals.,LOGICAL
6530,Mount Everest is the tallest mountain.,FACTUAL
6531,15 + 27 = 42.,NUMERIC
6532,15 + 27 = 42.,NUMERIC
6533,Paris is the capital of France.,FACTUAL
6534,This movie is fantastic.,OPINION
6535,15 + 27 = 42.,NUMERIC
6536,AI is the greatest invention.,OPINION
6537,India became independent in 1947.,TEMPORAL
6538,Python is the best language.,OPINION
6539,If A>B and B>C then A>C.,LOGICAL
6540,All mammals are animals.,LOGICAL
6541,A triangle has 3 sides.,NUMERIC
6542,The Olympics were held in Tokyo in 2021.,TEMPORAL
6543,15 + 27 = 42.,NUMERIC
6544,The Earth is 149.6 million km from the Sun.,NUMERIC
6545,The company was founded in 2010.,TEMPORAL
6546,This movie is fantastic.,OPINION
6547,Paris is the capital of France.,FACTUAL
6548,A triangle has 3 sides.,NUMERIC
6549,This movie is fantastic.,OPINION
6550,The company was founded in 2010.,TEMPORAL
6551,15 + 27 = 42.,NUMERIC
6552,The company was founded in 2010.,TEMPORAL
6553,Paris is the capital of France.,FACTUAL
6554,The Earth is 149.6 million km from the Sun.,NUMERIC
6555,All mammals are animals.,LOGICAL
6556,Mount Everest is the tallest mountain.,FACTUAL
6557,If A>B and B>C then A>C.,LOGICAL
6558,India became independent in 1947.,TEMPORAL
6559,The Earth is 149.6 million km from the Sun.,NUMERIC
6560,Paris is the capital of France.,FACTUAL
6561,Mount Everest is the tallest mountain.,FACTUAL
6562,The Olympics were held in Tokyo in 2021.,TEMPORAL
6563,AI is the greatest invention.,OPINION
6564,All mammals are animals.,LOGICAL
6565,All mammals are animals.,LOGICAL
6566,Paris is the capital of France.,FACTUAL
6567,Python is the best language.,OPINION
6568,India became independent in 1947.,TEMPORAL
6569,Python is the best language.,OPINION
6570,15 + 27 = 42.,NUMERIC
6571,Paris is the capital of France.,FACTUAL
6572,The company was founded in 2010.,TEMPORAL
6573,The Olympics were held in Tokyo in 2021.,TEMPORAL
6574,Every square is a rectangle.,LOGICAL
6575,The company was founded in 2010.,TEMPORAL
6576,The company was founded in 2010.,TEMPORAL
6577,If A>B and B>C then A>C.,LOGICAL
6578,The Olympics were held in Tokyo in 2021.,TEMPORAL
6579,Water freezes at 0°C.,FACTUAL
6580,The company was founded in 2010.,TEMPORAL
6581,The company was founded in 2010.,TEMPORAL
6582,This movie is fantastic.,OPINION
6583,Water freezes at 0°C.,FACTUAL
6584,Python is the best language.,OPINION
6585,Paris is the capital of France.,FACTUAL
6586,All mammals are animals.,LOGICAL
6587,The Earth is 149.6 million km from the Sun.,NUMERIC
6588,All mammals are animals.,LOGICAL
6589,A triangle has 3 sides.,NUMERIC
6590,If A>B and B>C then A>C.,LOGICAL
6591,A triangle has 3 sides.,NUMERIC
6592,Paris is the capital of France.,FACTUAL
6593,Every square is a rectangle.,LOGICAL
6594,Water freezes at 0°C.,FACTUAL
6595,This movie is fantastic.,OPINION
6596,AI is the greatest invention.,OPINION
6597,The company was founded in 2010.,TEMPORAL
6598,The Olympics were held in Tokyo in 2021.,TEMPORAL
6599,Every square is a rectangle.,LOGICAL
6600,If A>B and B>C then A>C.,LOGICAL
6601,India became independent in 1947.,TEMPORAL
6602,Mount Everest is the tallest mountain.,FACTUAL
6603,Python is the best language.,OPINION
6604,The company was founded in 2010.,TEMPORAL
6605,Water freezes at 0°C.,FACTUAL
6606,Every square is a rectangle.,LOGICAL
6607,The Olympics were held in Tokyo in 2021.,TEMPORAL
6608,Paris is the capital of France.,FACTUAL
6609,Every square is a rectangle.,LOGICAL
6610,The Earth is 149.6 million km from the Sun.,NUMERIC
6611,A triangle has 3 sides.,NUMERIC
6612,The company was founded in 2010.,TEMPORAL
6613,Python is the best language.,OPINION
6614,The Earth is 149.6 million km from the Sun.,NUMERIC
6615,If A>B and B>C then A>C.,LOGICAL
6616,Water freezes at 0°C.,FACTUAL
6617,Water freezes at 0°C.,FACTUAL
6618,Paris is the capital of France.,FACTUAL
6619,The company was founded in 2010.,TEMPORAL
6620,Paris is the capital of France.,FACTUAL
6621,If A>B and B>C then A>C.,LOGICAL
6622,Water freezes at 0°C.,FACTUAL
6623,The company was founded in 2010.,TEMPORAL
6624,Paris is the capital of France.,FACTUAL
6625,India became independent in 1947.,TEMPORAL
6626,The Olympics were held in Tokyo in 2021.,TEMPORAL
6627,Python is the best language.,OPINION
6628,AI is the greatest invention.,OPINION
6629,Mount Everest is the tallest mountain.,FACTUAL
6630,India became independent in 1947.,TEMPORAL
6631,The Earth is 149.6 million km from the Sun.,NUMERIC
6632,AI is the greatest invention.,OPINION
6633,India became independent in 1947.,TEMPORAL
6634,Water freezes at 0°C.,FACTUAL
6635,India became independent in 1947.,TEMPORAL
6636,If A>B and B>C then A>C.,LOGICAL
6637,All mammals are animals.,LOGICAL
6638,The Olympics were held in Tokyo in 2021.,TEMPORAL
6639,This movie is fantastic.,OPINION
6640,A triangle has 3 sides.,NUMERIC
6641,Every square is a rectangle.,LOGICAL
6642,The company was founded in 2010.,TEMPORAL
6643,A triangle has 3 sides.,NUMERIC
6644,The Earth is 149.6 million km from the Sun.,NUMERIC
6645,The Earth is 149.6 million km from the Sun.,NUMERIC
6646,AI is the greatest invention.,OPINION
6647,The Olympics were held in Tokyo in 2021.,TEMPORAL
6648,Water freezes at 0°C.,FACTUAL
6649,Python is the best language.,OPINION
6650,Every square is a rectangle.,LOGICAL
6651,The Earth is 149.6 million km from the Sun.,NUMERIC
6652,All mammals are animals.,LOGICAL
6653,A triangle has 3 sides.,NUMERIC
6654,Every square is a rectangle.,LOGICAL
6655,The company was founded in 2010.,TEMPORAL
6656,The Olympics were held in Tokyo in 2021.,TEMPORAL
6657,The Olympics were held in Tokyo in 2021.,TEMPORAL
6658,If A>B and B>C then A>C.,LOGICAL
6659,If A>B and B>C then A>C.,LOGICAL
6660,Mount Everest is the tallest mountain.,FACTUAL
6661,Water freezes at 0°C.,FACTUAL
6662,Paris is the capital of France.,FACTUAL
6663,This movie is fantastic.,OPINION
6664,A triangle has 3 sides.,NUMERIC
6665,This movie is fantastic.,OPINION
6666,A triangle has 3 sides.,NUMERIC
6667,Python is the best language.,OPINION
6668,India became independent in 1947.,TEMPORAL
6669,All mammals are animals.,LOGICAL
6670,Every square is a rectangle.,LOGICAL
6671,Water freezes at 0°C.,FACTUAL
6672,This movie is fantastic.,OPINION
6673,Paris is the capital of France.,FACTUAL
6674,Water freezes at 0°C.,FACTUAL
6675,Water freezes at 0°C.,FACTUAL
6676,AI is the greatest invention.,OPINION
6677,The company was founded in 2010.,TEMPORAL
6678,Every square is a rectangle.,LOGICAL
6679,India became independent in 1947.,TEMPORAL
6680,Mount Everest is the tallest mountain.,FACTUAL
6681,Python is the best language.,OPINION
6682,Python is the best language.,OPINION
6683,Mount Everest is the tallest mountain.,FACTUAL
6684,A triangle has 3 sides.,NUMERIC
6685,A triangle has 3 sides.,NUMERIC
6686,All mammals are animals.,LOGICAL
6687,A triangle has 3 sides.,NUMERIC
6688,The Earth is 149.6 million km from the Sun.,NUMERIC
6689,The company was founded in 2010.,TEMPORAL
6690,Water freezes at 0°C.,FACTUAL
6691,Python is the best language.,OPINION
6692,15 + 27 = 42.,NUMERIC
6693,Paris is the capital of France.,FACTUAL
6694,A triangle has 3 sides.,NUMERIC
6695,Mount Everest is the tallest mountain.,FACTUAL
6696,Paris is the capital of France.,FACTUAL
6697,15 + 27 = 42.,NUMERIC
6698,All mammals are animals.,LOGICAL
6699,This movie is fantastic.,OPINION
6700,All mammals are animals.,LOGICAL
6701,Water freezes at 0°C.,FACTUAL
6702,If A>B and B>C then A>C.,LOGICAL
6703,15 + 27 = 42.,NUMERIC
6704,This movie is fantastic.,OPINION
6705,Python is the best language.,OPINION
6706,Every square is a rectangle.,LOGICAL
6707,AI is the greatest invention.,OPINION
6708,All mammals are animals.,LOGICAL
6709,Paris is the capital of France.,FACTUAL
6710,A triangle has 3 sides.,NUMERIC
6711,15 + 27 = 42.,NUMERIC
6712,Python is the best language.,OPINION
6713,AI is the greatest invention.,OPINION
6714,If A>B and B>C then A>C.,LOGICAL
6715,The Olympics were held in Tokyo in 2021.,TEMPORAL
6716,Mount Everest is the tallest mountain.,FACTUAL
6717,If A>B and B>C then A>C.,LOGICAL
6718,The Olympics were held in Tokyo in 2021.,TEMPORAL
6719,Every square is a rectangle.,LOGICAL
6720,Water freezes at 0°C.,FACTUAL
6721,If A>B and B>C then A>C.,LOGICAL
6722,15 + 27 = 42.,NUMERIC
6723,The Olympics were held in Tokyo in 2021.,TEMPORAL
6724,Mount Everest is the tallest mountain.,FACTUAL
6725,All mammals are animals.,LOGICAL
6726,This movie is fantastic.,OPINION
6727,Mount Everest is the tallest mountain.,FACTUAL
6728,This movie is fantastic.,OPINION
6729,Water freezes at 0°C.,FACTUAL
6730,The Earth is 149.6 million km from the Sun.,NUMERIC
6731,If A>B and B>C then A>C.,LOGICAL
6732,Paris is the capital of France.,FACTUAL
6733,The company was founded in 2010.,TEMPORAL
6734,AI is the greatest invention.,OPINION
6735,The company was founded in 2010.,TEMPORAL
6736,This movie is fantastic.,OPINION
6737,AI is the greatest invention.,OPINION
6738,A triangle has 3 sides.,NUMERIC
6739,The Earth is 149.6 million km from the Sun.,NUMERIC
6740,This movie is fantastic.,OPINION
6741,Every square is a rectangle.,LOGICAL
6742,The Earth is 149.6 million km from the Sun.,NUMERIC
6743,The Olympics were held in Tokyo in 2021.,TEMPORAL
6744,Mount Everest is the tallest mountain.,FACTUAL
6745,If A>B and B>C then A>C.,LOGICAL
6746,Every square is a rectangle.,LOGICAL
6747,A triangle has 3 sides.,NUMERIC
6748,Python is the best language.,OPINION
6749,This movie is fantastic.,OPINION
6750,A triangle has 3 sides.,NUMERIC
6751,The company was founded in 2010.,TEMPORAL
6752,This movie is fantastic.,OPINION
6753,Python is the best language.,OPINION
6754,All mammals are animals.,LOGICAL
6755,Paris is the capital of France.,FACTUAL
6756,15 + 27 = 42.,NUMERIC
6757,Mount Everest is the tallest mountain.,FACTUAL
6758,Water freezes at 0°C.,FACTUAL
6759,If A>B and B>C then A>C.,LOGICAL
6760,A triangle has 3 sides.,NUMERIC
6761,15 + 27 = 42.,NUMERIC
6762,A triangle has 3 sides.,NUMERIC
6763,If A>B and B>C then A>C.,LOGICAL
6764,Paris is the capital of France.,FACTUAL
6765,This movie is fantastic.,OPINION
6766,Paris is the capital of France.,FACTUAL
6767,Water freezes at 0°C.,FACTUAL
6768,The company was founded in 2010.,TEMPORAL
6769,Paris is the capital of France.,FACTUAL
6770,India became independent in 1947.,TEMPORAL
6771,If A>B and B>C then A>C.,LOGICAL
6772,A triangle has 3 sides.,NUMERIC
6773,Python is the best language.,OPINION
6774,15 + 27 = 42.,NUMERIC
6775,The Olympics were held in Tokyo in 2021.,TEMPORAL
6776,Every square is a rectangle.,LOGICAL
6777,India became independent in 1947.,TEMPORAL
6778,A triangle has 3 sides.,NUMERIC
6779,The Earth is 149.6 million km from the Sun.,NUMERIC
6780,AI is the greatest invention.,OPINION
6781,Mount Everest is the tallest mountain.,FACTUAL
6782,Mount Everest is the tallest mountain.,FACTUAL
6783,Paris is the capital of France.,FACTUAL
6784,Paris is the capital of France.,FACTUAL
6785,Water freezes at 0°C.,FACTUAL
6786,Every square is a rectangle.,LOGICAL
6787,AI is the greatest invention.,OPINION
6788,India became independent in 1947.,TEMPORAL
6789,This movie is fantastic.,OPINION
6790,15 + 27 = 42.,NUMERIC
6791,This movie is fantastic.,OPINION
6792,This movie is fantastic.,OPINION
6793,The company was founded in 2010.,TEMPORAL
6794,AI is the greatest invention.,OPINION
6795,Water freezes at 0°C.,FACTUAL
6796,Every square is a rectangle.,LOGICAL
6797,All mammals are animals.,LOGICAL
6798,AI is the greatest invention.,OPINION
6799,A triangle has 3 sides.,NUMERIC
6800,India became independent in 1947.,TEMPORAL
6801,Water freezes at 0°C.,FACTUAL
6802,15 + 27 = 42.,NUMERIC
6803,Python is the best language.,OPINION
6804,India became independent in 1947.,TEMPORAL
6805,The Earth is 149.6 million km from the Sun.,NUMERIC
6806,The Olympics were held in Tokyo in 2021.,TEMPORAL
6807,India became independent in 1947.,TEMPORAL
6808,The Earth is 149.6 million km from the Sun.,NUMERIC
6809,Mount Everest is the tallest mountain.,FACTUAL
6810,AI is the greatest invention.,OPINION
6811,Python is the best language.,OPINION
6812,This movie is fantastic.,OPINION
6813,Every square is a rectangle.,LOGICAL
6814,Mount Everest is the tallest mountain.,FACTUAL
6815,Mount Everest is the tallest mountain.,FACTUAL
6816,If A>B and B>C then A>C.,LOGICAL
6817,Paris is the capital of France.,FACTUAL
6818,The Olympics were held in Tokyo in 2021.,TEMPORAL
6819,India became independent in 1947.,TEMPORAL
6820,India became independent in 1947.,TEMPORAL
6821,15 + 27 = 42.,NUMERIC
6822,Python is the best language.,OPINION
6823,The company was founded in 2010.,TEMPORAL
6824,Paris is the capital of France.,FACTUAL
6825,All mammals are animals.,LOGICAL
6826,Python is the best language.,OPINION
6827,Water freezes at 0°C.,FACTUAL
6828,Water freezes at 0°C.,FACTUAL
6829,Python is the best language.,OPINION
6830,AI is the greatest invention.,OPINION
6831,This movie is fantastic.,OPINION
6832,The Earth is 149.6 million km from the Sun.,NUMERIC
6833,Paris is the capital of France.,FACTUAL
6834,Water freezes at 0°C.,FACTUAL
6835,AI is the greatest invention.,OPINION
6836,The Olympics were held in Tokyo in 2021.,TEMPORAL
6837,If A>B and B>C then A>C.,LOGICAL
6838,15 + 27 = 42.,NUMERIC
6839,Paris is the capital of France.,FACTUAL
6840,A triangle has 3 sides.,NUMERIC
6841,This movie is fantastic.,OPINION
6842,Mount Everest is the tallest mountain.,FACTUAL
6843,All mammals are animals.,LOGICAL
6844,If A>B and B>C then A>C.,LOGICAL
6845,The Earth is 149.6 million km from the Sun.,NUMERIC
6846,Every square is a rectangle.,LOGICAL
6847,15 + 27 = 42.,NUMERIC
6848,All mammals are animals.,LOGICAL
6849,This movie is fantastic.,OPINION
6850,India became independent in 1947.,TEMPORAL
6851,The Olympics were held in Tokyo in 2021.,TEMPORAL
6852,Paris is the capital of France.,FACTUAL
6853,15 + 27 = 42.,NUMERIC
6854,AI is the greatest invention.,OPINION
6855,The Earth is 149.6 million km from the Sun.,NUMERIC
6856,Python is the best language.,OPINION
6857,Paris is the capital of France.,FACTUAL
6858,15 + 27 = 42.,NUMERIC
6859,Paris is the capital of France.,FACTUAL
6860,The Earth is 149.6 million km from the Sun.,NUMERIC
6861,The Earth is 149.6 million km from the Sun.,NUMERIC
6862,Water freezes at 0°C.,FACTUAL
6863,The company was founded in 2010.,TEMPORAL
6864,The Earth is 149.6 million km from the Sun.,NUMERIC
6865,A triangle has 3 sides.,NUMERIC
6866,If A>B and B>C then A>C.,LOGICAL
6867,Mount Everest is the tallest mountain.,FACTUAL
6868,Paris is the capital of France.,FACTUAL
6869,The company was founded in 2010.,TEMPORAL
6870,The Earth is 149.6 million km from the Sun.,NUMERIC
6871,India became independent in 1947.,TEMPORAL
6872,Every square is a rectangle.,LOGICAL
6873,The Olympics were held in Tokyo in 2021.,TEMPORAL
6874,This movie is fantastic.,OPINION
6875,A triangle has 3 sides.,NUMERIC
6876,The Olympics were held in Tokyo in 2021.,TEMPORAL
6877,Python is the best language.,OPINION
6878,Paris is the capital of France.,FACTUAL
6879,The Olympics were held in Tokyo in 2021.,TEMPORAL
6880,This movie is fantastic.,OPINION
6881,India became independent in 1947.,TEMPORAL
6882,15 + 27 = 42.,NUMERIC
6883,AI is the greatest invention.,OPINION
6884,The company was founded in 2010.,TEMPORAL
6885,AI is the greatest invention.,OPINION
6886,Water freezes at 0°C.,FACTUAL
6887,15 + 27 = 42.,NUMERIC
6888,A triangle has 3 sides.,NUMERIC
6889,Every square is a rectangle.,LOGICAL
6890,All mammals are animals.,LOGICAL
6891,Water freezes at 0°C.,FACTUAL
6892,Water freezes at 0°C.,FACTUAL
6893,The company was founded in 2010.,TEMPORAL
6894,If A>B and B>C then A>C.,LOGICAL
6895,Paris is the capital of France.,FACTUAL
6896,The company was founded in 2010.,TEMPORAL
6897,If A>B and B>C then A>C.,LOGICAL
6898,Water freezes at 0°C.,FACTUAL
6899,If A>B and B>C then A>C.,LOGICAL
6900,Paris is the capital of France.,FACTUAL
6901,The Earth is 149.6 million km from the Sun.,NUMERIC
6902,A triangle has 3 sides.,NUMERIC
6903,Every square is a rectangle.,LOGICAL
6904,Mount Everest is the tallest mountain.,FACTUAL
6905,India became independent in 1947.,TEMPORAL
6906,This movie is fantastic.,OPINION
6907,Mount Everest is the tallest mountain.,FACTUAL
6908,The Olympics were held in Tokyo in 2021.,TEMPORAL
6909,AI is the greatest invention.,OPINION
6910,Water freezes at 0°C.,FACTUAL
6911,This movie is fantastic.,OPINION
6912,Every square is a rectangle.,LOGICAL
6913,Paris is the capital of France.,FACTUAL
6914,This movie is fantastic.,OPINION
6915,The company was founded in 2010.,TEMPORAL
6916,If A>B and B>C then A>C.,LOGICAL
6917,Python is the best language.,OPINION
6918,Python is the best language.,OPINION
6919,India became independent in 1947.,TEMPORAL
6920,If A>B and B>C then A>C.,LOGICAL
6921,15 + 27 = 42.,NUMERIC
6922,Water freezes at 0°C.,FACTUAL
6923,India became independent in 1947.,TEMPORAL
6924,A triangle has 3 sides.,NUMERIC
6925,The Olympics were held in Tokyo in 2021.,TEMPORAL
6926,This movie is fantastic.,OPINION
6927,Mount Everest is the tallest mountain.,FACTUAL
6928,The Olympics were held in Tokyo in 2021.,TEMPORAL
6929,The company was founded in 2010.,TEMPORAL
6930,The company was founded in 2010.,TEMPORAL
6931,AI is the greatest invention.,OPINION
6932,Water freezes at 0°C.,FACTUAL
6933,Python is the best language.,OPINION
6934,The Olympics were held in Tokyo in 2021.,TEMPORAL
6935,The Earth is 149.6 million km from the Sun.,NUMERIC
6936,All mammals are animals.,LOGICAL
6937,All mammals are animals.,LOGICAL
6938,All mammals are animals.,LOGICAL
6939,The Olympics were held in Tokyo in 2021.,TEMPORAL
6940,AI is the greatest invention.,OPINION
6941,All mammals are animals.,LOGICAL
6942,AI is the greatest invention.,OPINION
6943,The company was founded in 2010.,TEMPORAL
6944,This movie is fantastic.,OPINION
6945,Water freezes at 0°C.,FACTUAL
6946,The Earth is 149.6 million km from the Sun.,NUMERIC
6947,The Olympics were held in Tokyo in 2021.,TEMPORAL
6948,All mammals are animals.,LOGICAL
6949,A triangle has 3 sides.,NUMERIC
6950,15 + 27 = 42.,NUMERIC
6951,Python is the best language.,OPINION
6952,Paris is the capital of France.,FACTUAL
6953,Mount Everest is the tallest mountain.,FACTUAL
6954,Paris is the capital of France.,FACTUAL
6955,This movie is fantastic.,OPINION
6956,This movie is fantastic.,OPINION
6957,Mount Everest is the tallest mountain.,FACTUAL
6958,15 + 27 = 42.,NUMERIC
6959,The Olympics were held in Tokyo in 2021.,TEMPORAL
6960,Mount Everest is the tallest mountain.,FACTUAL
6961,The company was founded in 2010.,TEMPORAL
6962,Mount Everest is the tallest mountain.,FACTUAL
6963,The Earth is 149.6 million km from the Sun.,NUMERIC
6964,Paris is the capital of France.,FACTUAL
6965,This movie is fantastic.,OPINION
6966,Mount Everest is the tallest mountain.,FACTUAL
6967,Paris is the capital of France.,FACTUAL
6968,The Earth is 149.6 million km from the Sun.,NUMERIC
6969,This movie is fantastic.,OPINION
6970,All mammals are animals.,LOGICAL
6971,If A>B and B>C then A>C.,LOGICAL
6972,15 + 27 = 42.,NUMERIC
6973,The company was founded in 2010.,TEMPORAL
6974,The Olympics were held in Tokyo in 2021.,TEMPORAL
6975,Every square is a rectangle.,LOGICAL
6976,The Olympics were held in Tokyo in 2021.,TEMPORAL
6977,The company was founded in 2010.,TEMPORAL
6978,Paris is the capital of France.,FACTUAL
6979,India became independent in 1947.,TEMPORAL
6980,India became independent in 1947.,TEMPORAL
6981,AI is the greatest invention.,OPINION
6982,Mount Everest is the tallest mountain.,FACTUAL
6983,The Earth is 149.6 million km from the Sun.,NUMERIC
6984,Python is the best language.,OPINION
6985,Python is the best language.,OPINION
6986,India became independent in 1947.,TEMPORAL
6987,Every square is a rectangle.,LOGICAL
6988,Mount Everest is the tallest mountain.,FACTUAL
6989,The Earth is 149.6 million km from the Sun.,NUMERIC
6990,Paris is the capital of France.,FACTUAL
6991,A triangle has 3 sides.,NUMERIC
6992,Python is the best language.,OPINION
6993,Python is the best language.,OPINION
6994,Every square is a rectangle.,LOGICAL
6995,Mount Everest is the tallest mountain.,FACTUAL
6996,Mount Everest is the tallest mountain.,FACTUAL
6997,Every square is a rectangle.,LOGICAL
6998,Python is the best language.,OPINION
6999,If A>B and B>C then A>C.,LOGICAL
7000,India became independent in 1947.,TEMPORAL
7001,This movie is fantastic.,OPINION
7002,The Earth is 149.6 million km from the Sun.,NUMERIC
7003,The Earth is 149.6 million km from the Sun.,NUMERIC
7004,The Earth is 149.6 million km from the Sun.,NUMERIC
7005,The company was founded in 2010.,TEMPORAL
7006,Mount Everest is the tallest mountain.,FACTUAL
7007,The Earth is 149.6 million km from the Sun.,NUMERIC
7008,If A>B and B>C then A>C.,LOGICAL
7009,Water freezes at 0°C.,FACTUAL
7010,Python is the best language.,OPINION
7011,Water freezes at 0°C.,FACTUAL
7012,Every square is a rectangle.,LOGICAL
7013,The Earth is 149.6 million km from the Sun.,NUMERIC
7014,All mammals are animals.,LOGICAL
7015,AI is the greatest invention.,OPINION
7016,AI is the greatest invention.,OPINION
7017,Every square is a rectangle.,LOGICAL
7018,Python is the best language.,OPINION
7019,A triangle has 3 sides.,NUMERIC
7020,The Olympics were held in Tokyo in 2021.,TEMPORAL
7021,The Olympics were held in Tokyo in 2021.,TEMPORAL
7022,Paris is the capital of France.,FACTUAL
7023,If A>B and B>C then A>C.,LOGICAL
7024,AI is the greatest invention.,OPINION
7025,This movie is fantastic.,OPINION
7026,15 + 27 = 42.,NUMERIC
7027,All mammals are animals.,LOGICAL
7028,15 + 27 = 42.,NUMERIC
7029,If A>B and B>C then A>C.,LOGICAL
7030,Python is the best language.,OPINION
7031,Every square is a rectangle.,LOGICAL
7032,Paris is the capital of France.,FACTUAL
7033,Water freezes at 0°C.,FACTUAL
7034,Mount Everest is the tallest mountain.,FACTUAL
7035,15 + 27 = 42.,NUMERIC
7036,A triangle has 3 sides.,NUMERIC
7037,This movie is fantastic.,OPINION
7038,If A>B and B>C then A>C.,LOGICAL
7039,The Earth is 149.6 million km from the Sun.,NUMERIC
7040,AI is the greatest invention.,OPINION
7041,India became independent in 1947.,TEMPORAL
7042,The Olympics were held in Tokyo in 2021.,TEMPORAL
7043,Python is the best language.,OPINION
7044,AI is the greatest invention.,OPINION
7045,Paris is the capital of France.,FACTUAL
7046,The Olympics were held in Tokyo in 2021.,TEMPORAL
7047,Every square is a rectangle.,LOGICAL
7048,Every square is a rectangle.,LOGICAL
7049,If A>B and B>C then A>C.,LOGICAL
7050,Every square is a rectangle.,LOGICAL
7051,A triangle has 3 sides.,NUMERIC
7052,A triangle has 3 sides.,NUMERIC
7053,Python is the best language.,OPINION
7054,Paris is the capital of France.,FACTUAL
7055,Mount Everest is the tallest mountain.,FACTUAL
7056,This movie is fantastic.,OPINION
7057,If A>B and B>C then A>C.,LOGICAL
7058,The Olympics were held in Tokyo in 2021.,TEMPORAL
7059,A triangle has 3 sides.,NUMERIC
7060,This movie is fantastic.,OPINION
7061,Paris is the capital of France.,FACTUAL
7062,The Olympics were held in Tokyo in 2021.,TEMPORAL
7063,India became independent in 1947.,TEMPORAL
7064,Python is the best language.,OPINION
7065,Python is the best language.,OPINION
7066,This movie is fantastic.,OPINION
7067,The Olympics were held in Tokyo in 2021.,TEMPORAL
7068,If A>B and B>C then A>C.,LOGICAL
7069,15 + 27 = 42.,NUMERIC
7070,Mount Everest is the tallest mountain.,FACTUAL
7071,The Earth is 149.6 million km from the Sun.,NUMERIC
7072,This movie is fantastic.,OPINION
7073,Python is the best language.,OPINION
7074,India became independent in 1947.,TEMPORAL
7075,The Olympics were held in Tokyo in 2021.,TEMPORAL
7076,15 + 27 = 42.,NUMERIC
7077,The Olympics were held in Tokyo in 2021.,TEMPORAL
7078,If A>B and B>C then A>C.,LOGICAL
7079,15 + 27 = 42.,NUMERIC
7080,The Olympics were held in Tokyo in 2021.,TEMPORAL
7081,AI is the greatest invention.,OPINION
7082,A triangle has 3 sides.,NUMERIC
7083,India became independent in 1947.,TEMPORAL
7084,Paris is the capital of France.,FACTUAL
7085,Python is the best language.,OPINION
7086,15 + 27 = 42.,NUMERIC
7087,AI is the greatest invention.,OPINION
7088,Python is the best language.,OPINION
7089,15 + 27 = 42.,NUMERIC
7090,All mammals are animals.,LOGICAL
7091,India became independent in 1947.,TEMPORAL
7092,The company was founded in 2010.,TEMPORAL
7093,Every square is a rectangle.,LOGICAL
7094,Every square is a rectangle.,LOGICAL
7095,The Earth is 149.6 million km from the Sun.,NUMERIC
7096,India became independent in 1947.,TEMPORAL
7097,Water freezes at 0°C.,FACTUAL
7098,If A>B and B>C then A>C.,LOGICAL
7099,India became independent in 1947.,TEMPORAL
7100,The Earth is 149.6 million km from the Sun.,NUMERIC
7101,Water freezes at 0°C.,FACTUAL
7102,Mount Everest is the tallest mountain.,FACTUAL
7103,A triangle has 3 sides.,NUMERIC
7104,Water freezes at 0°C.,FACTUAL
7105,A triangle has 3 sides.,NUMERIC
7106,The Olympics were held in Tokyo in 2021.,TEMPORAL
7107,Every square is a rectangle.,LOGICAL
7108,Python is the best language.,OPINION
7109,Mount Everest is the tallest mountain.,FACTUAL
7110,India became independent in 1947.,TEMPORAL
7111,All mammals are animals.,LOGICAL
7112,This movie is fantastic.,OPINION
7113,A triangle has 3 sides.,NUMERIC
7114,Mount Everest is the tallest mountain.,FACTUAL
7115,Paris is the capital of France.,FACTUAL
7116,A triangle has 3 sides.,NUMERIC
7117,All mammals are animals.,LOGICAL
7118,The Earth is 149.6 million km from the Sun.,NUMERIC
7119,All mammals are animals.,LOGICAL
7120,All mammals are animals.,LOGICAL
7121,If A>B and B>C then A>C.,LOGICAL
7122,15 + 27 = 42.,NUMERIC
7123,Mount Everest is the tallest mountain.,FACTUAL
7124,15 + 27 = 42.,NUMERIC
7125,All mammals are animals.,LOGICAL
7126,Every square is a rectangle.,LOGICAL
7127,AI is the greatest invention.,OPINION
7128,15 + 27 = 42.,NUMERIC
7129,Every square is a rectangle.,LOGICAL
7130,The company was founded in 2010.,TEMPORAL
7131,Every square is a rectangle.,LOGICAL
7132,AI is the greatest invention.,OPINION
7133,The Olympics were held in Tokyo in 2021.,TEMPORAL
7134,Python is the best language.,OPINION
7135,The Earth is 149.6 million km from the Sun.,NUMERIC
7136,The Earth is 149.6 million km from the Sun.,NUMERIC
7137,If A>B and B>C then A>C.,LOGICAL
7138,Every square is a rectangle.,LOGICAL
7139,The company was founded in 2010.,TEMPORAL
7140,If A>B and B>C then A>C.,LOGICAL
7141,Paris is the capital of France.,FACTUAL
7142,Water freezes at 0°C.,FACTUAL
7143,If A>B and B>C then A>C.,LOGICAL
7144,India became independent in 1947.,TEMPORAL
7145,All mammals are animals.,LOGICAL
7146,The Earth is 149.6 million km from the Sun.,NUMERIC
7147,The company was founded in 2010.,TEMPORAL
7148,Water freezes at 0°C.,FACTUAL
7149,Every square is a rectangle.,LOGICAL
7150,The Earth is 149.6 million km from the Sun.,NUMERIC
7151,Every square is a rectangle.,LOGICAL
7152,Every square is a rectangle.,LOGICAL
7153,15 + 27 = 42.,NUMERIC
7154,The Olympics were held in Tokyo in 2021.,TEMPORAL
7155,AI is the greatest invention.,OPINION
7156,All mammals are animals.,LOGICAL
7157,This movie is fantastic.,OPINION
7158,The company was founded in 2010.,TEMPORAL
7159,The Olympics were held in Tokyo in 2021.,TEMPORAL
7160,If A>B and B>C then A>C.,LOGICAL
7161,If A>B and B>C then A>C.,LOGICAL
7162,India became independent in 1947.,TEMPORAL
7163,The Olympics were held in Tokyo in 2021.,TEMPORAL
7164,The Earth is 149.6 million km from the Sun.,NUMERIC
7165,Water freezes at 0°C.,FACTUAL
7166,If A>B and B>C then A>C.,LOGICAL
7167,A triangle has 3 sides.,NUMERIC
7168,A triangle has 3 sides.,NUMERIC
7169,A triangle has 3 sides.,NUMERIC
7170,Mount Everest is the tallest mountain.,FACTUAL
7171,This movie is fantastic.,OPINION
7172,A triangle has 3 sides.,NUMERIC
7173,AI is the greatest invention.,OPINION
7174,Water freezes at 0°C.,FACTUAL
7175,Mount Everest is the tallest mountain.,FACTUAL
7176,The Olympics were held in Tokyo in 2021.,TEMPORAL
7177,AI is the greatest invention.,OPINION
7178,Mount Everest is the tallest mountain.,FACTUAL
7179,The Earth is 149.6 million km from the Sun.,NUMERIC
7180,AI is the greatest invention.,OPINION
7181,A triangle has 3 sides.,NUMERIC
7182,Every square is a rectangle.,LOGICAL
7183,The Earth is 149.6 million km from the Sun.,NUMERIC
7184,The Earth is 149.6 million km from the Sun.,NUMERIC
7185,The Olympics were held in Tokyo in 2021.,TEMPORAL
7186,A triangle has 3 sides.,NUMERIC
7187,15 + 27 = 42.,NUMERIC
7188,Paris is the capital of France.,FACTUAL
7189,AI is the greatest invention.,OPINION
7190,This movie is fantastic.,OPINION
7191,All mammals are animals.,LOGICAL
7192,The Earth is 149.6 million km from the Sun.,NUMERIC
7193,India became independent in 1947.,TEMPORAL
7194,A triangle has 3 sides.,NUMERIC
7195,15 + 27 = 42.,NUMERIC
7196,The company was founded in 2010.,TEMPORAL
7197,Water freezes at 0°C.,FACTUAL
7198,All mammals are animals.,LOGICAL
7199,India became independent in 1947.,TEMPORAL
7200,Paris is the capital of France.,FACTUAL
7201,Python is the best language.,OPINION
7202,All mammals are animals.,LOGICAL
7203,Mount Everest is the tallest mountain.,FACTUAL
7204,Python is the best language.,OPINION
7205,15 + 27 = 42.,NUMERIC
7206,This movie is fantastic.,OPINION
7207,A triangle has 3 sides.,NUMERIC
7208,The Olympics were held in Tokyo in 2021.,TEMPORAL
7209,Every square is a rectangle.,LOGICAL
7210,Water freezes at 0°C.,FACTUAL
7211,The Olympics were held in Tokyo in 2021.,TEMPORAL
7212,15 + 27 = 42.,NUMERIC
7213,The company was founded in 2010.,TEMPORAL
7214,This movie is fantastic.,OPINION
7215,If A>B and B>C then A>C.,LOGICAL
7216,All mammals are animals.,LOGICAL
7217,The Earth is 149.6 million km from the Sun.,NUMERIC
7218,This movie is fantastic.,OPINION
7219,If A>B and B>C then A>C.,LOGICAL
7220,Python is the best language.,OPINION
7221,The Earth is 149.6 million km from the Sun.,NUMERIC
7222,Water freezes at 0°C.,FACTUAL
7223,If A>B and B>C then A>C.,LOGICAL
7224,Python is the best language.,OPINION
7225,Water freezes at 0°C.,FACTUAL
7226,A triangle has 3 sides.,NUMERIC
7227,Water freezes at 0°C.,FACTUAL
7228,The Earth is 149.6 million km from the Sun.,NUMERIC
7229,The Olympics were held in Tokyo in 2021.,TEMPORAL
7230,AI is the greatest invention.,OPINION
7231,The Olympics were held in Tokyo in 2021.,TEMPORAL
7232,A triangle has 3 sides.,NUMERIC
7233,Paris is the capital of France.,FACTUAL
7234,AI is the greatest invention.,OPINION
7235,The Earth is 149.6 million km from the Sun.,NUMERIC
7236,AI is the greatest invention.,OPINION
7237,Paris is the capital of France.,FACTUAL
7238,Every square is a rectangle.,LOGICAL
7239,Every square is a rectangle.,LOGICAL
7240,AI is the greatest invention.,OPINION
7241,Water freezes at 0°C.,FACTUAL
7242,The Olympics were held in Tokyo in 2021.,TEMPORAL
7243,The company was founded in 2010.,TEMPORAL
7244,India became independent in 1947.,TEMPORAL
7245,Water freezes at 0°C.,FACTUAL
7246,Python is the best language.,OPINION
7247,All mammals are animals.,LOGICAL
7248,The company was founded in 2010.,TEMPORAL
7249,A triangle has 3 sides.,NUMERIC
7250,Every square is a rectangle.,LOGICAL
7251,If A>B and B>C then A>C.,LOGICAL
7252,The Earth is 149.6 million km from the Sun.,NUMERIC
7253,Every square is a rectangle.,LOGICAL
7254,Every square is a rectangle.,LOGICAL
7255,Python is the best language.,OPINION
7256,Paris is the capital of France.,FACTUAL
7257,Every square is a rectangle.,LOGICAL
7258,Water freezes at 0°C.,FACTUAL
7259,15 + 27 = 42.,NUMERIC
7260,A triangle has 3 sides.,NUMERIC
7261,Paris is the capital of France.,FACTUAL
7262,The Earth is 149.6 million km from the Sun.,NUMERIC
7263,Paris is the capital of France.,FACTUAL
7264,If A>B and B>C then A>C.,LOGICAL
7265,A triangle has 3 sides.,NUMERIC
7266,This movie is fantastic.,OPINION
7267,A triangle has 3 sides.,NUMERIC
7268,This movie is fantastic.,OPINION
7269,All mammals are animals.,LOGICAL
7270,India became independent in 1947.,TEMPORAL
7271,If A>B and B>C then A>C.,LOGICAL
7272,The company was founded in 2010.,TEMPORAL
7273,The company was founded in 2010.,TEMPORAL
7274,The company was founded in 2010.,TEMPORAL
7275,15 + 27 = 42.,NUMERIC
7276,The company was founded in 2010.,TEMPORAL
7277,A triangle has 3 sides.,NUMERIC
7278,The company was founded in 2010.,TEMPORAL
7279,This movie is fantastic.,OPINION
7280,If A>B and B>C then A>C.,LOGICAL
7281,The Earth is 149.6 million km from the Sun.,NUMERIC
7282,15 + 27 = 42.,NUMERIC
7283,Python is the best language.,OPINION
7284,All mammals are animals.,LOGICAL
7285,The Olympics were held in Tokyo in 2021.,TEMPORAL
7286,15 + 27 = 42.,NUMERIC
7287,All mammals are animals.,LOGICAL
7288,Water freezes at 0°C.,FACTUAL
7289,15 + 27 = 42.,NUMERIC
7290,Mount Everest is the tallest mountain.,FACTUAL
7291,If A>B and B>C then A>C.,LOGICAL
7292,Paris is the capital of France.,FACTUAL
7293,This movie is fantastic.,OPINION
7294,AI is the greatest invention.,OPINION
7295,Water freezes at 0°C.,FACTUAL
7296,AI is the greatest invention.,OPINION
7297,The company was founded in 2010.,TEMPORAL
7298,Paris is the capital of France.,FACTUAL
7299,The Olympics were held in Tokyo in 2021.,TEMPORAL
7300,Every square is a rectangle.,LOGICAL
7301,The Olympics were held in Tokyo in 2021.,TEMPORAL
7302,This movie is fantastic.,OPINION
7303,The company was founded in 2010.,TEMPORAL
7304,Python is the best language.,OPINION
7305,15 + 27 = 42.,NUMERIC
7306,AI is the greatest invention.,OPINION
7307,Mount Everest is the tallest mountain.,FACTUAL
7308,The Earth is 149.6 million km from the Sun.,NUMERIC
7309,The Earth is 149.6 million km from the Sun.,NUMERIC
7310,AI is the greatest invention.,OPINION
7311,A triangle has 3 sides.,NUMERIC
7312,Python is the best language.,OPINION
7313,If A>B and B>C then A>C.,LOGICAL
7314,Python is the best language.,OPINION
7315,This movie is fantastic.,OPINION
7316,Python is the best language.,OPINION
7317,All mammals are animals.,LOGICAL
7318,15 + 27 = 42.,NUMERIC
7319,15 + 27 = 42.,NUMERIC
7320,Mount Everest is the tallest mountain.,FACTUAL
7321,15 + 27 = 42.,NUMERIC
7322,The Earth is 149.6 million km from the Sun.,NUMERIC
7323,Water freezes at 0°C.,FACTUAL
7324,Paris is the capital of France.,FACTUAL
7325,A triangle has 3 sides.,NUMERIC
7326,If A>B and B>C then A>C.,LOGICAL
7327,If A>B and B>C then A>C.,LOGICAL
7328,The company was founded in 2010.,TEMPORAL
7329,Paris is the capital of France.,FACTUAL
7330,This movie is fantastic.,OPINION
7331,If A>B and B>C then A>C.,LOGICAL
7332,If A>B and B>C then A>C.,LOGICAL
7333,The company was founded in 2010.,TEMPORAL
7334,The company was founded in 2010.,TEMPORAL
7335,Mount Everest is the tallest mountain.,FACTUAL
7336,15 + 27 = 42.,NUMERIC
7337,The company was founded in 2010.,TEMPORAL
7338,The Earth is 149.6 million km from the Sun.,NUMERIC
7339,This movie is fantastic.,OPINION
7340,Every square is a rectangle.,LOGICAL
7341,The company was founded in 2010.,TEMPORAL
7342,Mount Everest is the tallest mountain.,FACTUAL
7343,Every square is a rectangle.,LOGICAL
7344,India became independent in 1947.,TEMPORAL
7345,Water freezes at 0°C.,FACTUAL
7346,Every square is a rectangle.,LOGICAL
7347,The company was founded in 2010.,TEMPORAL
7348,All mammals are animals.,LOGICAL
7349,Python is the best language.,OPINION
7350,The Earth is 149.6 million km from the Sun.,NUMERIC
7351,India became independent in 1947.,TEMPORAL
7352,Paris is the capital of France.,FACTUAL
7353,If A>B and B>C then A>C.,LOGICAL
7354,AI is the greatest invention.,OPINION
7355,Mount Everest is the tallest mountain.,FACTUAL
7356,The Olympics were held in Tokyo in 2021.,TEMPORAL
7357,Water freezes at 0°C.,FACTUAL
7358,The company was founded in 2010.,TEMPORAL
7359,Mount Everest is the tallest mountain.,FACTUAL
7360,India became independent in 1947.,TEMPORAL
7361,The company was founded in 2010.,TEMPORAL
7362,If A>B and B>C then A>C.,LOGICAL
7363,Mount Everest is the tallest mountain.,FACTUAL
7364,The Olympics were held in Tokyo in 2021.,TEMPORAL
7365,Mount Everest is the tallest mountain.,FACTUAL
7366,Mount Everest is the tallest mountain.,FACTUAL
7367,Every square is a rectangle.,LOGICAL
7368,If A>B and B>C then A>C.,LOGICAL
7369,The Earth is 149.6 million km from the Sun.,NUMERIC
7370,AI is the greatest invention.,OPINION
7371,Water freezes at 0°C.,FACTUAL
7372,Mount Everest is the tallest mountain.,FACTUAL
7373,A triangle has 3 sides.,NUMERIC
7374,15 + 27 = 42.,NUMERIC
7375,Water freezes at 0°C.,FACTUAL
7376,Paris is the capital of France.,FACTUAL
7377,Every square is a rectangle.,LOGICAL
7378,Water freezes at 0°C.,FACTUAL
7379,Mount Everest is the tallest mountain.,FACTUAL
7380,India became independent in 1947.,TEMPORAL
7381,Python is the best language.,OPINION
7382,Water freezes at 0°C.,FACTUAL
7383,The company was founded in 2010.,TEMPORAL
7384,A triangle has 3 sides.,NUMERIC
7385,The company was founded in 2010.,TEMPORAL
7386,Mount Everest is the tallest mountain.,FACTUAL
7387,If A>B and B>C then A>C.,LOGICAL
7388,Paris is the capital of France.,FACTUAL
7389,A triangle has 3 sides.,NUMERIC
7390,A triangle has 3 sides.,NUMERIC
7391,India became independent in 1947.,TEMPORAL
7392,The Earth is 149.6 million km from the Sun.,NUMERIC
7393,Water freezes at 0°C.,FACTUAL
7394,AI is the greatest invention.,OPINION
7395,This movie is fantastic.,OPINION
7396,A triangle has 3 sides.,NUMERIC
7397,Water freezes at 0°C.,FACTUAL
7398,The company was founded in 2010.,TEMPORAL
7399,India became independent in 1947.,TEMPORAL
7400,The Olympics were held in Tokyo in 2021.,TEMPORAL
7401,Python is the best language.,OPINION
7402,Mount Everest is the tallest mountain.,FACTUAL
7403,All mammals are animals.,LOGICAL
7404,Paris is the capital of France.,FACTUAL
7405,A triangle has 3 sides.,NUMERIC
7406,Paris is the capital of France.,FACTUAL
7407,The company was founded in 2010.,TEMPORAL
7408,Paris is the capital of France.,FACTUAL
7409,Paris is the capital of France.,FACTUAL
7410,The Olympics were held in Tokyo in 2021.,TEMPORAL
7411,Mount Everest is the tallest mountain.,FACTUAL
7412,The Earth is 149.6 million km from the Sun.,NUMERIC
7413,A triangle has 3 sides.,NUMERIC
7414,The Earth is 149.6 million km from the Sun.,NUMERIC
7415,Water freezes at 0°C.,FACTUAL
7416,India became independent in 1947.,TEMPORAL
7417,India became independent in 1947.,TEMPORAL
7418,This movie is fantastic.,OPINION
7419,All mammals are animals.,LOGICAL
7420,The Earth is 149.6 million km from the Sun.,NUMERIC
7421,15 + 27 = 42.,NUMERIC
7422,The Olympics were held in Tokyo in 2021.,TEMPORAL
7423,If A>B and B>C then A>C.,LOGICAL
7424,Water freezes at 0°C.,FACTUAL
7425,The company was founded in 2010.,TEMPORAL
7426,The Olympics were held in Tokyo in 2021.,TEMPORAL
7427,This movie is fantastic.,OPINION
7428,15 + 27 = 42.,NUMERIC
7429,This movie is fantastic.,OPINION
7430,A triangle has 3 sides.,NUMERIC
7431,AI is the greatest invention.,OPINION
7432,If A>B and B>C then A>C.,LOGICAL
7433,India became independent in 1947.,TEMPORAL
7434,The company was founded in 2010.,TEMPORAL
7435,Python is the best language.,OPINION
7436,India became independent in 1947.,TEMPORAL
7437,AI is the greatest invention.,OPINION
7438,India became independent in 1947.,TEMPORAL
7439,If A>B and B>C then A>C.,LOGICAL
7440,Paris is the capital of France.,FACTUAL
7441,Python is the best language.,OPINION
7442,The Earth is 149.6 million km from the Sun.,NUMERIC
7443,The Earth is 149.6 million km from the Sun.,NUMERIC
7444,This movie is fantastic.,OPINION
7445,The company was founded in 2010.,TEMPORAL
7446,Every square is a rectangle.,LOGICAL
7447,AI is the greatest invention.,OPINION
7448,The company was founded in 2010.,TEMPORAL
7449,Mount Everest is the tallest mountain.,FACTUAL
7450,India became independent in 1947.,TEMPORAL
7451,The Earth is 149.6 million km from the Sun.,NUMERIC
7452,If A>B and B>C then A>C.,LOGICAL
7453,The company was founded in 2010.,TEMPORAL
7454,Paris is the capital of France.,FACTUAL
7455,The Olympics were held in Tokyo in 2021.,TEMPORAL
7456,The Earth is 149.6 million km from the Sun.,NUMERIC
7457,AI is the greatest invention.,OPINION
7458,Water freezes at 0°C.,FACTUAL
7459,This movie is fantastic.,OPINION
7460,Python is the best language.,OPINION
7461,Every square is a rectangle.,LOGICAL
7462,If A>B and B>C then A>C.,LOGICAL
7463,The Earth is 149.6 million km from the Sun.,NUMERIC
7464,The company was founded in 2010.,TEMPORAL
7465,The Olympics were held in Tokyo in 2021.,TEMPORAL
7466,If A>B and B>C then A>C.,LOGICAL
7467,Paris is the capital of France.,FACTUAL
7468,AI is the greatest invention.,OPINION
7469,If A>B and B>C then A>C.,LOGICAL
7470,The company was founded in 2010.,TEMPORAL
7471,Every square is a rectangle.,LOGICAL
7472,Paris is the capital of France.,FACTUAL
7473,AI is the greatest invention.,OPINION
7474,The company was founded in 2010.,TEMPORAL
7475,AI is the greatest invention.,OPINION
7476,AI is the greatest invention.,OPINION
7477,A triangle has 3 sides.,NUMERIC
7478,India became independent in 1947.,TEMPORAL
7479,Water freezes at 0°C.,FACTUAL
7480,The Earth is 149.6 million km from the Sun.,NUMERIC
7481,If A>B and B>C then A>C.,LOGICAL
7482,The Earth is 149.6 million km from the Sun.,NUMERIC
7483,Mount Everest is the tallest mountain.,FACTUAL
7484,15 + 27 = 42.,NUMERIC
7485,The Earth is 149.6 million km from the Sun.,NUMERIC
7486,India became independent in 1947.,TEMPORAL
7487,15 + 27 = 42.,NUMERIC
7488,The Earth is 149.6 million km from the Sun.,NUMERIC
7489,Mount Everest is the tallest mountain.,FACTUAL
7490,15 + 27 = 42.,NUMERIC
7491,This movie is fantastic.,OPINION
7492,Water freezes at 0°C.,FACTUAL
7493,The Earth is 149.6 million km from the Sun.,NUMERIC
7494,Water freezes at 0°C.,FACTUAL
7495,Python is the best language.,OPINION
7496,Every square is a rectangle.,LOGICAL
7497,The Earth is 149.6 million km from the Sun.,NUMERIC
7498,If A>B and B>C then A>C.,LOGICAL
7499,15 + 27 = 42.,NUMERIC
7500,All mammals are animals.,LOGICAL
7501,India became independent in 1947.,TEMPORAL
7502,If A>B and B>C then A>C.,LOGICAL
7503,The company was founded in 2010.,TEMPORAL
7504,Every square is a rectangle.,LOGICAL
7505,Every square is a rectangle.,LOGICAL
7506,Water freezes at 0°C.,FACTUAL
7507,Every square is a rectangle.,LOGICAL
7508,AI is the greatest invention.,OPINION
7509,A triangle has 3 sides.,NUMERIC
7510,15 + 27 = 42.,NUMERIC
7511,The Olympics were held in Tokyo in 2021.,TEMPORAL
7512,The company was founded in 2010.,TEMPORAL
7513,Mount Everest is the tallest mountain.,FACTUAL
7514,This movie is fantastic.,OPINION
7515,Mount Everest is the tallest mountain.,FACTUAL
7516,15 + 27 = 42.,NUMERIC
7517,All mammals are animals.,LOGICAL
7518,Paris is the capital of France.,FACTUAL
7519,The Olympics were held in Tokyo in 2021.,TEMPORAL
7520,Water freezes at 0°C.,FACTUAL
7521,Every square is a rectangle.,LOGICAL
7522,The Earth is 149.6 million km from the Sun.,NUMERIC
7523,The Earth is 149.6 million km from the Sun.,NUMERIC
7524,The Olympics were held in Tokyo in 2021.,TEMPORAL
7525,All mammals are animals.,LOGICAL
7526,The Olympics were held in Tokyo in 2021.,TEMPORAL
7527,15 + 27 = 42.,NUMERIC
7528,Every square is a rectangle.,LOGICAL
7529,AI is the greatest invention.,OPINION
7530,All mammals are animals.,LOGICAL
7531,The company was founded in 2010.,TEMPORAL
7532,Mount Everest is the tallest mountain.,FACTUAL
7533,All mammals are animals.,LOGICAL
7534,The Earth is 149.6 million km from the Sun.,NUMERIC
7535,A triangle has 3 sides.,NUMERIC
7536,This movie is fantastic.,OPINION
7537,All mammals are animals.,LOGICAL
7538,Every square is a rectangle.,LOGICAL
7539,If A>B and B>C then A>C.,LOGICAL
7540,Water freezes at 0°C.,FACTUAL
7541,If A>B and B>C then A>C.,LOGICAL
7542,Mount Everest is the tallest mountain.,FACTUAL
7543,Every square is a rectangle.,LOGICAL
7544,The Olympics were held in Tokyo in 2021.,TEMPORAL
7545,The company was founded in 2010.,TEMPORAL
7546,India became independent in 1947.,TEMPORAL
7547,The Earth is 149.6 million km from the Sun.,NUMERIC
7548,This movie is fantastic.,OPINION
7549,Paris is the capital of France.,FACTUAL
7550,Water freezes at 0°C.,FACTUAL
7551,This movie is fantastic.,OPINION
7552,A triangle has 3 sides.,NUMERIC
7553,Python is the best language.,OPINION
7554,If A>B and B>C then A>C.,LOGICAL
7555,Water freezes at 0°C.,FACTUAL
7556,India became independent in 1947.,TEMPORAL
7557,Water freezes at 0°C.,FACTUAL
7558,If A>B and B>C then A>C.,LOGICAL
7559,Mount Everest is the tallest mountain.,FACTUAL
7560,The Olympics were held in Tokyo in 2021.,TEMPORAL
7561,If A>B and B>C then A>C.,LOGICAL
7562,India became independent in 1947.,TEMPORAL
7563,This movie is fantastic.,OPINION
7564,The Earth is 149.6 million km from the Sun.,NUMERIC
7565,The Olympics were held in Tokyo in 2021.,TEMPORAL
7566,Water freezes at 0°C.,FACTUAL
7567,The Olympics were held in Tokyo in 2021.,TEMPORAL
7568,Mount Everest is the tallest mountain.,FACTUAL
7569,Water freezes at 0°C.,FACTUAL
7570,Mount Everest is the tallest mountain.,FACTUAL
7571,All mammals are animals.,LOGICAL
7572,15 + 27 = 42.,NUMERIC
7573,AI is the greatest invention.,OPINION
7574,A triangle has 3 sides.,NUMERIC
7575,A triangle has 3 sides.,NUMERIC
7576,If A>B and B>C then A>C.,LOGICAL
7577,The Olympics were held in Tokyo in 2021.,TEMPORAL
7578,Every square is a rectangle.,LOGICAL
7579,AI is the greatest invention.,OPINION
7580,Python is the best language.,OPINION
7581,All mammals are animals.,LOGICAL
7582,Water freezes at 0°C.,FACTUAL
7583,India became independent in 1947.,TEMPORAL
7584,A triangle has 3 sides.,NUMERIC
7585,Water freezes at 0°C.,FACTUAL
7586,Python is the best language.,OPINION
7587,Water freezes at 0°C.,FACTUAL
7588,The Olympics were held in Tokyo in 2021.,TEMPORAL
7589,All mammals are animals.,LOGICAL
7590,A triangle has 3 sides.,NUMERIC
7591,The company was founded in 2010.,TEMPORAL
7592,Water freezes at 0°C.,FACTUAL
7593,Paris is the capital of France.,FACTUAL
7594,This movie is fantastic.,OPINION
7595,The company was founded in 2010.,TEMPORAL
7596,Python is the best language.,OPINION
7597,A triangle has 3 sides.,NUMERIC
7598,Water freezes at 0°C.,FACTUAL
7599,This movie is fantastic.,OPINION
7600,The Earth is 149.6 million km from the Sun.,NUMERIC
7601,The company was founded in 2010.,TEMPORAL
7602,The Earth is 149.6 million km from the Sun.,NUMERIC
7603,Python is the best language.,OPINION
7604,Mount Everest is the tallest mountain.,FACTUAL
7605,All mammals are animals.,LOGICAL
7606,The Olympics were held in Tokyo in 2021.,TEMPORAL
7607,Water freezes at 0°C.,FACTUAL
7608,15 + 27 = 42.,NUMERIC
7609,Every square is a rectangle.,LOGICAL
7610,The Earth is 149.6 million km from the Sun.,NUMERIC
7611,The Olympics were held in Tokyo in 2021.,TEMPORAL
7612,Python is the best language.,OPINION
7613,India became independent in 1947.,TEMPORAL
7614,15 + 27 = 42.,NUMERIC
7615,Mount Everest is the tallest mountain.,FACTUAL
7616,India became independent in 1947.,TEMPORAL
7617,Mount Everest is the tallest mountain.,FACTUAL
7618,The company was founded in 2010.,TEMPORAL
7619,This movie is fantastic.,OPINION
7620,This movie is fantastic.,OPINION
7621,This movie is fantastic.,OPINION
7622,This movie is fantastic.,OPINION
7623,Every square is a rectangle.,LOGICAL
7624,Water freezes at 0°C.,FACTUAL
7625,The Olympics were held in Tokyo in 2021.,TEMPORAL
7626,The Olympics were held in Tokyo in 2021.,TEMPORAL
7627,The Earth is 149.6 million km from the Sun.,NUMERIC
7628,All mammals are animals.,LOGICAL
7629,Python is the best language.,OPINION
7630,A triangle has 3 sides.,NUMERIC
7631,If A>B and B>C then A>C.,LOGICAL
7632,All mammals are animals.,LOGICAL
7633,AI is the greatest invention.,OPINION
7634,Every square is a rectangle.,LOGICAL
7635,India became independent in 1947.,TEMPORAL
7636,A triangle has 3 sides.,NUMERIC
7637,This movie is fantastic.,OPINION
7638,The Olympics were held in Tokyo in 2021.,TEMPORAL
7639,The Olympics were held in Tokyo in 2021.,TEMPORAL
7640,All mammals are animals.,LOGICAL
7641,A triangle has 3 sides.,NUMERIC
7642,AI is the greatest invention.,OPINION
7643,This movie is fantastic.,OPINION
7644,This movie is fantastic.,OPINION
7645,All mammals are animals.,LOGICAL
7646,The company was founded in 2010.,TEMPORAL
7647,All mammals are animals.,LOGICAL
7648,Every square is a rectangle.,LOGICAL
7649,The Earth is 149.6 million km from the Sun.,NUMERIC
7650,AI is the greatest invention.,OPINION
7651,Water freezes at 0°C.,FACTUAL
7652,15 + 27 = 42.,NUMERIC
7653,Mount Everest is the tallest mountain.,FACTUAL
7654,India became independent in 1947.,TEMPORAL
7655,A triangle has 3 sides.,NUMERIC
7656,Every square is a rectangle.,LOGICAL
7657,If A>B and B>C then A>C.,LOGICAL
7658,The Earth is 149.6 million km from the Sun.,NUMERIC
7659,This movie is fantastic.,OPINION
7660,The Olympics were held in Tokyo in 2021.,TEMPORAL
7661,Mount Everest is the tallest mountain.,FACTUAL
7662,The company was founded in 2010.,TEMPORAL
7663,Python is the best language.,OPINION
7664,All mammals are animals.,LOGICAL
7665,If A>B and B>C then A>C.,LOGICAL
7666,If A>B and B>C then A>C.,LOGICAL
7667,All mammals are animals.,LOGICAL
7668,The Earth is 149.6 million km from the Sun.,NUMERIC
7669,India became independent in 1947.,TEMPORAL
7670,This movie is fantastic.,OPINION
7671,Every square is a rectangle.,LOGICAL
7672,A triangle has 3 sides.,NUMERIC
7673,Water freezes at 0°C.,FACTUAL
7674,Python is the best language.,OPINION
7675,If A>B and B>C then A>C.,LOGICAL
7676,All mammals are animals.,LOGICAL
7677,Mount Everest is the tallest mountain.,FACTUAL
7678,15 + 27 = 42.,NUMERIC
7679,Python is the best language.,OPINION
7680,AI is the greatest invention.,OPINION
7681,Python is the best language.,OPINION
7682,All mammals are animals.,LOGICAL
7683,The company was founded in 2010.,TEMPORAL
7684,15 + 27 = 42.,NUMERIC
7685,Python is the best language.,OPINION
7686,Every square is a rectangle.,LOGICAL
7687,Water freezes at 0°C.,FACTUAL
7688,Mount Everest is the tallest mountain.,FACTUAL
7689,Python is the best language.,OPINION
7690,Every square is a rectangle.,LOGICAL
7691,AI is the greatest invention.,OPINION
7692,The Earth is 149.6 million km from the Sun.,NUMERIC
7693,The company was founded in 2010.,TEMPORAL
7694,15 + 27 = 42.,NUMERIC
7695,Every square is a rectangle.,LOGICAL
7696,The Earth is 149.6 million km from the Sun.,NUMERIC
7697,The Earth is 149.6 million km from the Sun.,NUMERIC
7698,Paris is the capital of France.,FACTUAL
7699,A triangle has 3 sides.,NUMERIC
7700,If A>B and B>C then A>C.,LOGICAL
7701,A triangle has 3 sides.,NUMERIC
7702,This movie is fantastic.,OPINION
7703,15 + 27 = 42.,NUMERIC
7704,Every square is a rectangle.,LOGICAL
7705,Mount Everest is the tallest mountain.,FACTUAL
7706,India became independent in 1947.,TEMPORAL
7707,The Earth is 149.6 million km from the Sun.,NUMERIC
7708,Paris is the capital of France.,FACTUAL
7709,Mount Everest is the tallest mountain.,FACTUAL
7710,Every square is a rectangle.,LOGICAL
7711,If A>B and B>C then A>C.,LOGICAL
7712,Water freezes at 0°C.,FACTUAL
7713,The company was founded in 2010.,TEMPORAL
7714,AI is the greatest invention.,OPINION
7715,Python is the best language.,OPINION
7716,Python is the best language.,OPINION
7717,Water freezes at 0°C.,FACTUAL
7718,Every square is a rectangle.,LOGICAL
7719,Water freezes at 0°C.,FACTUAL
7720,Every square is a rectangle.,LOGICAL
7721,Water freezes at 0°C.,FACTUAL
7722,Every square is a rectangle.,LOGICAL
7723,Python is the best language.,OPINION
7724,If A>B and B>C then A>C.,LOGICAL
7725,Paris is the capital of France.,FACTUAL
7726,The Earth is 149.6 million km from the Sun.,NUMERIC
7727,AI is the greatest invention.,OPINION
7728,The Earth is 149.6 million km from the Sun.,NUMERIC
7729,Every square is a rectangle.,LOGICAL
7730,India became independent in 1947.,TEMPORAL
7731,The Earth is 149.6 million km from the Sun.,NUMERIC
7732,The Earth is 149.6 million km from the Sun.,NUMERIC
7733,Water freezes at 0°C.,FACTUAL
7734,Water freezes at 0°C.,FACTUAL
7735,All mammals are animals.,LOGICAL
7736,The Olympics were held in Tokyo in 2021.,TEMPORAL
7737,The company was founded in 2010.,TEMPORAL
7738,If A>B and B>C then A>C.,LOGICAL
7739,Every square is a rectangle.,LOGICAL
7740,The company was founded in 2010.,TEMPORAL
7741,The company was founded in 2010.,TEMPORAL
7742,Paris is the capital of France.,FACTUAL
7743,A triangle has 3 sides.,NUMERIC
7744,India became independent in 1947.,TEMPORAL
7745,The Earth is 149.6 million km from the Sun.,NUMERIC
7746,This movie is fantastic.,OPINION
7747,The Olympics were held in Tokyo in 2021.,TEMPORAL
7748,A triangle has 3 sides.,NUMERIC
7749,The Olympics were held in Tokyo in 2021.,TEMPORAL
7750,Every square is a rectangle.,LOGICAL
7751,India became independent in 1947.,TEMPORAL
7752,15 + 27 = 42.,NUMERIC
7753,This movie is fantastic.,OPINION
7754,If A>B and B>C then A>C.,LOGICAL
7755,15 + 27 = 42.,NUMERIC
7756,A triangle has 3 sides.,NUMERIC
7757,India became independent in 1947.,TEMPORAL
7758,AI is the greatest invention.,OPINION
7759,The Olympics were held in Tokyo in 2021.,TEMPORAL
7760,Python is the best language.,OPINION
7761,This movie is fantastic.,OPINION
7762,Every square is a rectangle.,LOGICAL
7763,The Earth is 149.6 million km from the Sun.,NUMERIC
7764,A triangle has 3 sides.,NUMERIC
7765,This movie is fantastic.,OPINION
7766,This movie is fantastic.,OPINION
7767,If A>B and B>C then A>C.,LOGICAL
7768,A triangle has 3 sides.,NUMERIC
7769,All mammals are animals.,LOGICAL
7770,If A>B and B>C then A>C.,LOGICAL
7771,Mount Everest is the tallest mountain.,FACTUAL
7772,Water freezes at 0°C.,FACTUAL
7773,The Earth is 149.6 million km from the Sun.,NUMERIC
7774,15 + 27 = 42.,NUMERIC
7775,The Earth is 149.6 million km from the Sun.,NUMERIC
7776,Python is the best language.,OPINION
7777,Mount Everest is the tallest mountain.,FACTUAL
7778,The Earth is 149.6 million km from the Sun.,NUMERIC
7779,If A>B and B>C then A>C.,LOGICAL
7780,Python is the best language.,OPINION
7781,Mount Everest is the tallest mountain.,FACTUAL
7782,AI is the greatest invention.,OPINION
7783,The Earth is 149.6 million km from the Sun.,NUMERIC
7784,Water freezes at 0°C.,FACTUAL
7785,Water freezes at 0°C.,FACTUAL
7786,AI is the greatest invention.,OPINION
7787,The company was founded in 2010.,TEMPORAL
7788,Python is the best language.,OPINION
7789,AI is the greatest invention.,OPINION
7790,Water freezes at 0°C.,FACTUAL
7791,Python is the best language.,OPINION
7792,15 + 27 = 42.,NUMERIC
7793,The company was founded in 2010.,TEMPORAL
7794,A triangle has 3 sides.,NUMERIC
7795,15 + 27 = 42.,NUMERIC
7796,All mammals are animals.,LOGICAL
7797,Mount Everest is the tallest mountain.,FACTUAL
7798,The company was founded in 2010.,TEMPORAL
7799,India became independent in 1947.,TEMPORAL
7800,A triangle has 3 sides.,NUMERIC
7801,Paris is the capital of France.,FACTUAL
7802,This movie is fantastic.,OPINION
7803,Paris is the capital of France.,FACTUAL
7804,15 + 27 = 42.,NUMERIC
7805,Python is the best language.,OPINION
7806,If A>B and B>C then A>C.,LOGICAL
7807,Mount Everest is the tallest mountain.,FACTUAL
7808,Water freezes at 0°C.,FACTUAL
7809,Paris is the capital of France.,FACTUAL
7810,All mammals are animals.,LOGICAL
7811,All mammals are animals.,LOGICAL
7812,All mammals are animals.,LOGICAL
7813,Mount Everest is the tallest mountain.,FACTUAL
7814,AI is the greatest invention.,OPINION
7815,This movie is fantastic.,OPINION
7816,The company was founded in 2010.,TEMPORAL
7817,Mount Everest is the tallest mountain.,FACTUAL
7818,All mammals are animals.,LOGICAL
7819,Every square is a rectangle.,LOGICAL
7820,A triangle has 3 sides.,NUMERIC
7821,This movie is fantastic.,OPINION
7822,Water freezes at 0°C.,FACTUAL
7823,Every square is a rectangle.,LOGICAL
7824,The Olympics were held in Tokyo in 2021.,TEMPORAL
7825,The Earth is 149.6 million km from the Sun.,NUMERIC
7826,This movie is fantastic.,OPINION
7827,This movie is fantastic.,OPINION
7828,The Olympics were held in Tokyo in 2021.,TEMPORAL
7829,AI is the greatest invention.,OPINION
7830,The Olympics were held in Tokyo in 2021.,TEMPORAL
7831,Python is the best language.,OPINION
7832,The company was founded in 2010.,TEMPORAL
7833,All mammals are animals.,LOGICAL
7834,The Earth is 149.6 million km from the Sun.,NUMERIC
7835,Water freezes at 0°C.,FACTUAL
7836,This movie is fantastic.,OPINION
7837,All mammals are animals.,LOGICAL
7838,15 + 27 = 42.,NUMERIC
7839,Every square is a rectangle.,LOGICAL
7840,India became independent in 1947.,TEMPORAL
7841,If A>B and B>C then A>C.,LOGICAL
7842,AI is the greatest invention.,OPINION
7843,15 + 27 = 42.,NUMERIC
7844,15 + 27 = 42.,NUMERIC
7845,The company was founded in 2010.,TEMPORAL
7846,The Olympics were held in Tokyo in 2021.,TEMPORAL
7847,This movie is fantastic.,OPINION
7848,Mount Everest is the tallest mountain.,FACTUAL
7849,The company was founded in 2010.,TEMPORAL
7850,A triangle has 3 sides.,NUMERIC
7851,The Earth is 149.6 million km from the Sun.,NUMERIC
7852,15 + 27 = 42.,NUMERIC
7853,All mammals are animals.,LOGICAL
7854,A triangle has 3 sides.,NUMERIC
7855,The Earth is 149.6 million km from the Sun.,NUMERIC
7856,This movie is fantastic.,OPINION
7857,This movie is fantastic.,OPINION
7858,India became independent in 1947.,TEMPORAL
7859,The Olympics were held in Tokyo in 2021.,TEMPORAL
7860,The Olympics were held in Tokyo in 2021.,TEMPORAL
7861,The Earth is 149.6 million km from the Sun.,NUMERIC
7862,The company was founded in 2010.,TEMPORAL
7863,The company was founded in 2010.,TEMPORAL
7864,The Olympics were held in Tokyo in 2021.,TEMPORAL
7865,The Olympics were held in Tokyo in 2021.,TEMPORAL
7866,This movie is fantastic.,OPINION
7867,All mammals are animals.,LOGICAL
7868,All mammals are animals.,LOGICAL
7869,If A>B and B>C then A>C.,LOGICAL
7870,The Earth is 149.6 million km from the Sun.,NUMERIC
7871,India became independent in 1947.,TEMPORAL
7872,15 + 27 = 42.,NUMERIC
7873,The Olympics were held in Tokyo in 2021.,TEMPORAL
7874,India became independent in 1947.,TEMPORAL
7875,The Olympics were held in Tokyo in 2021.,TEMPORAL
7876,If A>B and B>C then A>C.,LOGICAL
7877,Python is the best language.,OPINION
7878,15 + 27 = 42.,NUMERIC
7879,Python is the best language.,OPINION
7880,If A>B and B>C then A>C.,LOGICAL
7881,Paris is the capital of France.,FACTUAL
7882,15 + 27 = 42.,NUMERIC
7883,The company was founded in 2010.,TEMPORAL
7884,Every square is a rectangle.,LOGICAL
7885,This movie is fantastic.,OPINION
7886,Mount Everest is the tallest mountain.,FACTUAL
7887,Every square is a rectangle.,LOGICAL
7888,All mammals are animals.,LOGICAL
7889,The company was founded in 2010.,TEMPORAL
7890,This movie is fantastic.,OPINION
7891,Paris is the capital of France.,FACTUAL
7892,Mount Everest is the tallest mountain.,FACTUAL
7893,The Olympics were held in Tokyo in 2021.,TEMPORAL
7894,This movie is fantastic.,OPINION
7895,If A>B and B>C then A>C.,LOGICAL
7896,Water freezes at 0°C.,FACTUAL
7897,A triangle has 3 sides.,NUMERIC
7898,Water freezes at 0°C.,FACTUAL
7899,All mammals are animals.,LOGICAL
7900,A triangle has 3 sides.,NUMERIC
7901,The company was founded in 2010.,TEMPORAL
7902,A triangle has 3 sides.,NUMERIC
7903,Water freezes at 0°C.,FACTUAL
7904,The Earth is 149.6 million km from the Sun.,NUMERIC
7905,Python is the best language.,OPINION
7906,The company was founded in 2010.,TEMPORAL
7907,This movie is fantastic.,OPINION
7908,Paris is the capital of France.,FACTUAL
7909,Mount Everest is the tallest mountain.,FACTUAL
7910,The Olympics were held in Tokyo in 2021.,TEMPORAL
7911,Every square is a rectangle.,LOGICAL
7912,15 + 27 = 42.,NUMERIC
7913,The Olympics were held in Tokyo in 2021.,TEMPORAL
7914,The Earth is 149.6 million km from the Sun.,NUMERIC
7915,The Olympics were held in Tokyo in 2021.,TEMPORAL
7916,A triangle has 3 sides.,NUMERIC
7917,The Olympics were held in Tokyo in 2021.,TEMPORAL
7918,Python is the best language.,OPINION
7919,Paris is the capital of France.,FACTUAL
7920,Mount Everest is the tallest mountain.,FACTUAL
7921,If A>B and B>C then A>C.,LOGICAL
7922,If A>B and B>C then A>C.,LOGICAL
7923,Mount Everest is the tallest mountain.,FACTUAL
7924,Mount Everest is the tallest mountain.,FACTUAL
7925,India became independent in 1947.,TEMPORAL
7926,This movie is fantastic.,OPINION
7927,Mount Everest is the tallest mountain.,FACTUAL
7928,The company was founded in 2010.,TEMPORAL
7929,If A>B and B>C then A>C.,LOGICAL
7930,This movie is fantastic.,OPINION
7931,Mount Everest is the tallest mountain.,FACTUAL
7932,Mount Everest is the tallest mountain.,FACTUAL
7933,Mount Everest is the tallest mountain.,FACTUAL
7934,Mount Everest is the tallest mountain.,FACTUAL
7935,A triangle has 3 sides.,NUMERIC
7936,Mount Everest is the tallest mountain.,FACTUAL
7937,Every square is a rectangle.,LOGICAL
7938,15 + 27 = 42.,NUMERIC
7939,If A>B and B>C then A>C.,LOGICAL
7940,If A>B and B>C then A>C.,LOGICAL
7941,A triangle has 3 sides.,NUMERIC
7942,India became independent in 1947.,TEMPORAL
7943,A triangle has 3 sides.,NUMERIC
7944,This movie is fantastic.,OPINION
7945,Every square is a rectangle.,LOGICAL
7946,All mammals are animals.,LOGICAL
7947,Every square is a rectangle.,LOGICAL
7948,India became independent in 1947.,TEMPORAL
7949,This movie is fantastic.,OPINION
7950,Paris is the capital of France.,FACTUAL
7951,The Earth is 149.6 million km from the Sun.,NUMERIC
7952,All mammals are animals.,LOGICAL
7953,India became independent in 1947.,TEMPORAL
7954,Python is the best language.,OPINION
7955,The company was founded in 2010.,TEMPORAL
7956,Every square is a rectangle.,LOGICAL
7957,A triangle has 3 sides.,NUMERIC
7958,The company was founded in 2010.,TEMPORAL
7959,AI is the greatest invention.,OPINION
7960,15 + 27 = 42.,NUMERIC
7961,The Earth is 149.6 million km from the Sun.,NUMERIC
7962,15 + 27 = 42.,NUMERIC
7963,Mount Everest is the tallest mountain.,FACTUAL
7964,AI is the greatest invention.,OPINION
7965,A triangle has 3 sides.,NUMERIC
7966,India became independent in 1947.,TEMPORAL
7967,The Olympics were held in Tokyo in 2021.,TEMPORAL
7968,A triangle has 3 sides.,NUMERIC
7969,15 + 27 = 42.,NUMERIC
7970,India became independent in 1947.,TEMPORAL
7971,If A>B and B>C then A>C.,LOGICAL
7972,15 + 27 = 42.,NUMERIC
7973,India became independent in 1947.,TEMPORAL
7974,The Earth is 149.6 million km from the Sun.,NUMERIC
7975,Water freezes at 0°C.,FACTUAL
7976,Water freezes at 0°C.,FACTUAL
7977,The Earth is 149.6 million km from the Sun.,NUMERIC
7978,Water freezes at 0°C.,FACTUAL
7979,If A>B and B>C then A>C.,LOGICAL
7980,15 + 27 = 42.,NUMERIC
7981,Every square is a rectangle.,LOGICAL
7982,Paris is the capital of France.,FACTUAL
7983,A triangle has 3 sides.,NUMERIC
7984,Python is the best language.,OPINION
7985,AI is the greatest invention.,OPINION
7986,15 + 27 = 42.,NUMERIC
7987,Water freezes at 0°C.,FACTUAL
7988,This movie is fantastic.,OPINION
7989,The Olympics were held in Tokyo in 2021.,TEMPORAL
7990,15 + 27 = 42.,NUMERIC
7991,Mount Everest is the tallest mountain.,FACTUAL
7992,The Olympics were held in Tokyo in 2021.,TEMPORAL
7993,The company was founded in 2010.,TEMPORAL
7994,Water freezes at 0°C.,FACTUAL
7995,Paris is the capital of France.,FACTUAL
7996,If A>B and B>C then A>C.,LOGICAL
7997,All mammals are animals.,LOGICAL
7998,The Olympics were held in Tokyo in 2021.,TEMPORAL
7999,India became independent in 1947.,TEMPORAL
8000,Every square is a rectangle.,LOGICAL
8001,India became independent in 1947.,TEMPORAL
8002,Mount Everest is the tallest mountain.,FACTUAL
8003,If A>B and B>C then A>C.,LOGICAL
8004,Water freezes at 0°C.,FACTUAL
8005,India became independent in 1947.,TEMPORAL
8006,15 + 27 = 42.,NUMERIC
8007,A triangle has 3 sides.,NUMERIC
8008,Paris is the capital of France.,FACTUAL
8009,AI is the greatest invention.,OPINION
8010,A triangle has 3 sides.,NUMERIC
8011,All mammals are animals.,LOGICAL
8012,Mount Everest is the tallest mountain.,FACTUAL
8013,A triangle has 3 sides.,NUMERIC
8014,The Olympics were held in Tokyo in 2021.,TEMPORAL
8015,This movie is fantastic.,OPINION
8016,The Earth is 149.6 million km from the Sun.,NUMERIC
8017,15 + 27 = 42.,NUMERIC
8018,AI is the greatest invention.,OPINION
8019,The Earth is 149.6 million km from the Sun.,NUMERIC
8020,Paris is the capital of France.,FACTUAL
8021,Water freezes at 0°C.,FACTUAL
8022,The Earth is 149.6 million km from the Sun.,NUMERIC
8023,Every square is a rectangle.,LOGICAL
8024,The Olympics were held in Tokyo in 2021.,TEMPORAL
8025,This movie is fantastic.,OPINION
8026,Paris is the capital of France.,FACTUAL
8027,India became independent in 1947.,TEMPORAL
8028,All mammals are animals.,LOGICAL
8029,The Earth is 149.6 million km from the Sun.,NUMERIC
8030,Mount Everest is the tallest mountain.,FACTUAL
8031,Every square is a rectangle.,LOGICAL
8032,AI is the greatest invention.,OPINION
8033,15 + 27 = 42.,NUMERIC
8034,Water freezes at 0°C.,FACTUAL
8035,15 + 27 = 42.,NUMERIC
8036,All mammals are animals.,LOGICAL
8037,Water freezes at 0°C.,FACTUAL
8038,If A>B and B>C then A>C.,LOGICAL
8039,This movie is fantastic.,OPINION
8040,A triangle has 3 sides.,NUMERIC
8041,Water freezes at 0°C.,FACTUAL
8042,If A>B and B>C then A>C.,LOGICAL
8043,India became independent in 1947.,TEMPORAL
8044,The company was founded in 2010.,TEMPORAL
8045,This movie is fantastic.,OPINION
8046,Python is the best language.,OPINION
8047,Water freezes at 0°C.,FACTUAL
8048,Every square is a rectangle.,LOGICAL
8049,AI is the greatest invention.,OPINION
8050,15 + 27 = 42.,NUMERIC
8051,AI is the greatest invention.,OPINION
8052,15 + 27 = 42.,NUMERIC
8053,Mount Everest is the tallest mountain.,FACTUAL
8054,Mount Everest is the tallest mountain.,FACTUAL
8055,If A>B and B>C then A>C.,LOGICAL
8056,AI is the greatest invention.,OPINION
8057,15 + 27 = 42.,NUMERIC
8058,India became independent in 1947.,TEMPORAL
8059,The Olympics were held in Tokyo in 2021.,TEMPORAL
8060,Every square is a rectangle.,LOGICAL
8061,Python is the best language.,OPINION
8062,Python is the best language.,OPINION
8063,India became independent in 1947.,TEMPORAL
8064,The Olympics were held in Tokyo in 2021.,TEMPORAL
8065,The company was founded in 2010.,TEMPORAL
8066,A triangle has 3 sides.,NUMERIC
8067,Mount Everest is the tallest mountain.,FACTUAL
8068,Every square is a rectangle.,LOGICAL
8069,Paris is the capital of France.,FACTUAL
8070,15 + 27 = 42.,NUMERIC
8071,A triangle has 3 sides.,NUMERIC
8072,Paris is the capital of France.,FACTUAL
8073,The Earth is 149.6 million km from the Sun.,NUMERIC
8074,India became independent in 1947.,TEMPORAL
8075,This movie is fantastic.,OPINION
8076,If A>B and B>C then A>C.,LOGICAL
8077,A triangle has 3 sides.,NUMERIC
8078,This movie is fantastic.,OPINION
8079,All mammals are animals.,LOGICAL
8080,Every square is a rectangle.,LOGICAL
8081,The company was founded in 2010.,TEMPORAL
8082,All mammals are animals.,LOGICAL
8083,The company was founded in 2010.,TEMPORAL
8084,This movie is fantastic.,OPINION
8085,India became independent in 1947.,TEMPORAL
8086,The Olympics were held in Tokyo in 2021.,TEMPORAL
8087,Every square is a rectangle.,LOGICAL
8088,Every square is a rectangle.,LOGICAL
8089,Mount Everest is the tallest mountain.,FACTUAL
8090,The company was founded in 2010.,TEMPORAL
8091,India became independent in 1947.,TEMPORAL
8092,The Olympics were held in Tokyo in 2021.,TEMPORAL
8093,Mount Everest is the tallest mountain.,FACTUAL
8094,15 + 27 = 42.,NUMERIC
8095,The Earth is 149.6 million km from the Sun.,NUMERIC
8096,Paris is the capital of France.,FACTUAL
8097,Python is the best language.,OPINION
8098,India became independent in 1947.,TEMPORAL
8099,The Olympics were held in Tokyo in 2021.,TEMPORAL
8100,If A>B and B>C then A>C.,LOGICAL
8101,AI is the greatest invention.,OPINION
8102,AI is the greatest invention.,OPINION
8103,Every square is a rectangle.,LOGICAL
8104,15 + 27 = 42.,NUMERIC
8105,15 + 27 = 42.,NUMERIC
8106,A triangle has 3 sides.,NUMERIC
8107,The company was founded in 2010.,TEMPORAL
8108,AI is the greatest invention.,OPINION
8109,Python is the best language.,OPINION
8110,AI is the greatest invention.,OPINION
8111,This movie is fantastic.,OPINION
8112,AI is the greatest invention.,OPINION
8113,AI is the greatest invention.,OPINION
8114,India became independent in 1947.,TEMPORAL
8115,Mount Everest is the tallest mountain.,FACTUAL
8116,A triangle has 3 sides.,NUMERIC
8117,AI is the greatest invention.,OPINION
8118,A triangle has 3 sides.,NUMERIC
8119,This movie is fantastic.,OPINION
8120,The Earth is 149.6 million km from the Sun.,NUMERIC
8121,Water freezes at 0°C.,FACTUAL
8122,The Olympics were held in Tokyo in 2021.,TEMPORAL
8123,This movie is fantastic.,OPINION
8124,If A>B and B>C then A>C.,LOGICAL
8125,India became independent in 1947.,TEMPORAL
8126,India became independent in 1947.,TEMPORAL
8127,Water freezes at 0°C.,FACTUAL
8128,Python is the best language.,OPINION
8129,India became independent in 1947.,TEMPORAL
8130,Python is the best language.,OPINION
8131,Paris is the capital of France.,FACTUAL
8132,All mammals are animals.,LOGICAL
8133,The Earth is 149.6 million km from the Sun.,NUMERIC
8134,15 + 27 = 42.,NUMERIC
8135,All mammals are animals.,LOGICAL
8136,If A>B and B>C then A>C.,LOGICAL
8137,AI is the greatest invention.,OPINION
8138,The Earth is 149.6 million km from the Sun.,NUMERIC
8139,Paris is the capital of France.,FACTUAL
8140,India became independent in 1947.,TEMPORAL
8141,All mammals are animals.,LOGICAL
8142,Python is the best language.,OPINION
8143,15 + 27 = 42.,NUMERIC
8144,All mammals are animals.,LOGICAL
8145,The Olympics were held in Tokyo in 2021.,TEMPORAL
8146,Mount Everest is the tallest mountain.,FACTUAL
8147,Mount Everest is the tallest mountain.,FACTUAL
8148,The company was founded in 2010.,TEMPORAL
8149,Mount Everest is the tallest mountain.,FACTUAL
8150,This movie is fantastic.,OPINION
8151,A triangle has 3 sides.,NUMERIC
8152,If A>B and B>C then A>C.,LOGICAL
8153,Mount Everest is the tallest mountain.,FACTUAL
8154,This movie is fantastic.,OPINION
8155,15 + 27 = 42.,NUMERIC
8156,The Olympics were held in Tokyo in 2021.,TEMPORAL
8157,Water freezes at 0°C.,FACTUAL
8158,India became independent in 1947.,TEMPORAL
8159,If A>B and B>C then A>C.,LOGICAL
8160,AI is the greatest invention.,OPINION
8161,If A>B and B>C then A>C.,LOGICAL
8162,A triangle has 3 sides.,NUMERIC
8163,Paris is the capital of France.,FACTUAL
8164,Python is the best language.,OPINION
8165,India became independent in 1947.,TEMPORAL
8166,Every square is a rectangle.,LOGICAL
8167,If A>B and B>C then A>C.,LOGICAL
8168,Mount Everest is the tallest mountain.,FACTUAL
8169,Water freezes at 0°C.,FACTUAL
8170,The Olympics were held in Tokyo in 2021.,TEMPORAL
8171,This movie is fantastic.,OPINION
8172,Every square is a rectangle.,LOGICAL
8173,The Olympics were held in Tokyo in 2021.,TEMPORAL
8174,Paris is the capital of France.,FACTUAL
8175,Mount Everest is the tallest mountain.,FACTUAL
8176,All mammals are animals.,LOGICAL
8177,This movie is fantastic.,OPINION
8178,A triangle has 3 sides.,NUMERIC
8179,Every square is a rectangle.,LOGICAL
8180,India became independent in 1947.,TEMPORAL
8181,Every square is a rectangle.,LOGICAL
8182,Python is the best language.,OPINION
8183,Every square is a rectangle.,LOGICAL
8184,Python is the best language.,OPINION
8185,All mammals are animals.,LOGICAL
8186,AI is the greatest invention.,OPINION
8187,Python is the best language.,OPINION
8188,Mount Everest is the tallest mountain.,FACTUAL
8189,Paris is the capital of France.,FACTUAL
8190,The Earth is 149.6 million km from the Sun.,NUMERIC
8191,Python is the best language.,OPINION
8192,This movie is fantastic.,OPINION
8193,Every square is a rectangle.,LOGICAL
8194,Water freezes at 0°C.,FACTUAL
8195,If A>B and B>C then A>C.,LOGICAL
8196,Python is the best language.,OPINION
8197,Water freezes at 0°C.,FACTUAL
8198,Every square is a rectangle.,LOGICAL
8199,Paris is the capital of France.,FACTUAL
8200,AI is the greatest invention.,OPINION
8201,Mount Everest is the tallest mountain.,FACTUAL
8202,India became independent in 1947.,TEMPORAL
8203,The Olympics were held in Tokyo in 2021.,TEMPORAL
8204,Mount Everest is the tallest mountain.,FACTUAL
8205,If A>B and B>C then A>C.,LOGICAL
8206,The company was founded in 2010.,TEMPORAL
8207,The Olympics were held in Tokyo in 2021.,TEMPORAL
8208,The Earth is 149.6 million km from the Sun.,NUMERIC
8209,All mammals are animals.,LOGICAL
8210,The Olympics were held in Tokyo in 2021.,TEMPORAL
8211,India became independent in 1947.,TEMPORAL
8212,A triangle has 3 sides.,NUMERIC
8213,Python is the best language.,OPINION
8214,The company was founded in 2010.,TEMPORAL
8215,If A>B and B>C then A>C.,LOGICAL
8216,The Earth is 149.6 million km from the Sun.,NUMERIC
8217,Water freezes at 0°C.,FACTUAL
8218,The company was founded in 2010.,TEMPORAL
8219,Python is the best language.,OPINION
8220,The Earth is 149.6 million km from the Sun.,NUMERIC
8221,India became independent in 1947.,TEMPORAL
8222,Mount Everest is the tallest mountain.,FACTUAL
8223,If A>B and B>C then A>C.,LOGICAL
8224,This movie is fantastic.,OPINION
8225,The Earth is 149.6 million km from the Sun.,NUMERIC
8226,The Earth is 149.6 million km from the Sun.,NUMERIC
8227,If A>B and B>C then A>C.,LOGICAL
8228,The Olympics were held in Tokyo in 2021.,TEMPORAL
8229,India became independent in 1947.,TEMPORAL
8230,The Earth is 149.6 million km from the Sun.,NUMERIC
8231,Paris is the capital of France.,FACTUAL
8232,A triangle has 3 sides.,NUMERIC
8233,The company was founded in 2010.,TEMPORAL
8234,This movie is fantastic.,OPINION
8235,Python is the best language.,OPINION
8236,The Earth is 149.6 million km from the Sun.,NUMERIC
8237,Python is the best language.,OPINION
8238,Paris is the capital of France.,FACTUAL
8239,Paris is the capital of France.,FACTUAL
8240,Python is the best language.,OPINION
8241,If A>B and B>C then A>C.,LOGICAL
8242,A triangle has 3 sides.,NUMERIC
8243,The company was founded in 2010.,TEMPORAL
8244,The Olympics were held in Tokyo in 2021.,TEMPORAL
8245,The Earth is 149.6 million km from the Sun.,NUMERIC
8246,Mount Everest is the tallest mountain.,FACTUAL
8247,The company was founded in 2010.,TEMPORAL
8248,AI is the greatest invention.,OPINION
8249,India became independent in 1947.,TEMPORAL
8250,All mammals are animals.,LOGICAL
8251,A triangle has 3 sides.,NUMERIC
8252,A triangle has 3 sides.,NUMERIC
8253,India became independent in 1947.,TEMPORAL
8254,All mammals are animals.,LOGICAL
8255,15 + 27 = 42.,NUMERIC
8256,The Earth is 149.6 million km from the Sun.,NUMERIC
8257,15 + 27 = 42.,NUMERIC
8258,Water freezes at 0°C.,FACTUAL
8259,15 + 27 = 42.,NUMERIC
8260,This movie is fantastic.,OPINION
8261,If A>B and B>C then A>C.,LOGICAL
8262,Python is the best language.,OPINION
8263,AI is the greatest invention.,OPINION
8264,All mammals are animals.,LOGICAL
8265,Python is the best language.,OPINION
8266,Every square is a rectangle.,LOGICAL
8267,This movie is fantastic.,OPINION
8268,The company was founded in 2010.,TEMPORAL
8269,The Olympics were held in Tokyo in 2021.,TEMPORAL
8270,If A>B and B>C then A>C.,LOGICAL
8271,India became independent in 1947.,TEMPORAL
8272,The company was founded in 2010.,TEMPORAL
8273,India became independent in 1947.,TEMPORAL
8274,The Earth is 149.6 million km from the Sun.,NUMERIC
8275,A triangle has 3 sides.,NUMERIC
8276,AI is the greatest invention.,OPINION
8277,Mount Everest is the tallest mountain.,FACTUAL
8278,Every square is a rectangle.,LOGICAL
8279,India became independent in 1947.,TEMPORAL
8280,AI is the greatest invention.,OPINION
8281,The company was founded in 2010.,TEMPORAL
8282,AI is the greatest invention.,OPINION
8283,If A>B and B>C then A>C.,LOGICAL
8284,AI is the greatest invention.,OPINION
8285,Every square is a rectangle.,LOGICAL
8286,If A>B and B>C then A>C.,LOGICAL
8287,This movie is fantastic.,OPINION
8288,Paris is the capital of France.,FACTUAL
8289,Mount Everest is the tallest mountain.,FACTUAL
8290,Every square is a rectangle.,LOGICAL
8291,Water freezes at 0°C.,FACTUAL
8292,Every square is a rectangle.,LOGICAL
8293,15 + 27 = 42.,NUMERIC
8294,India became independent in 1947.,TEMPORAL
8295,The company was founded in 2010.,TEMPORAL
8296,The company was founded in 2010.,TEMPORAL
8297,Mount Everest is the tallest mountain.,FACTUAL
8298,This movie is fantastic.,OPINION
8299,Every square is a rectangle.,LOGICAL
8300,The Earth is 149.6 million km from the Sun.,NUMERIC
8301,A triangle has 3 sides.,NUMERIC
8302,If A>B and B>C then A>C.,LOGICAL
8303,Python is the best language.,OPINION
8304,The Olympics were held in Tokyo in 2021.,TEMPORAL
8305,A triangle has 3 sides.,NUMERIC
8306,This movie is fantastic.,OPINION
8307,A triangle has 3 sides.,NUMERIC
8308,This movie is fantastic.,OPINION
8309,Mount Everest is the tallest mountain.,FACTUAL
8310,Mount Everest is the tallest mountain.,FACTUAL
8311,The company was founded in 2010.,TEMPORAL
8312,Paris is the capital of France.,FACTUAL
8313,AI is the greatest invention.,OPINION
8314,This movie is fantastic.,OPINION
8315,A triangle has 3 sides.,NUMERIC
8316,15 + 27 = 42.,NUMERIC
8317,AI is the greatest invention.,OPINION
8318,15 + 27 = 42.,NUMERIC
8319,Every square is a rectangle.,LOGICAL
8320,Water freezes at 0°C.,FACTUAL
8321,Paris is the capital of France.,FACTUAL
8322,Every square is a rectangle.,LOGICAL
8323,If A>B and B>C then A>C.,LOGICAL
8324,Every square is a rectangle.,LOGICAL
8325,All mammals are animals.,LOGICAL
8326,India became independent in 1947.,TEMPORAL
8327,Water freezes at 0°C.,FACTUAL
8328,India became independent in 1947.,TEMPORAL
8329,If A>B and B>C then A>C.,LOGICAL
8330,All mammals are animals.,LOGICAL
8331,The Earth is 149.6 million km from the Sun.,NUMERIC
8332,All mammals are animals.,LOGICAL
8333,The Earth is 149.6 million km from the Sun.,NUMERIC
8334,Water freezes at 0°C.,FACTUAL
8335,All mammals are animals.,LOGICAL
8336,This movie is fantastic.,OPINION
8337,Mount Everest is the tallest mountain.,FACTUAL
8338,Mount Everest is the tallest mountain.,FACTUAL
8339,Mount Everest is the tallest mountain.,FACTUAL
8340,India became independent in 1947.,TEMPORAL
8341,15 + 27 = 42.,NUMERIC
8342,AI is the greatest invention.,OPINION
8343,Water freezes at 0°C.,FACTUAL
8344,If A>B and B>C then A>C.,LOGICAL
8345,Mount Everest is the tallest mountain.,FACTUAL
8346,This movie is fantastic.,OPINION
8347,Paris is the capital of France.,FACTUAL
8348,A triangle has 3 sides.,NUMERIC
8349,This movie is fantastic.,OPINION
8350,A triangle has 3 sides.,NUMERIC
8351,The Earth is 149.6 million km from the Sun.,NUMERIC
8352,Mount Everest is the tallest mountain.,FACTUAL
8353,A triangle has 3 sides.,NUMERIC
8354,The company was founded in 2010.,TEMPORAL
8355,The Earth is 149.6 million km from the Sun.,NUMERIC
8356,A triangle has 3 sides.,NUMERIC
8357,The Earth is 149.6 million km from the Sun.,NUMERIC
8358,Mount Everest is the tallest mountain.,FACTUAL
8359,Mount Everest is the tallest mountain.,FACTUAL
8360,Water freezes at 0°C.,FACTUAL
8361,India became independent in 1947.,TEMPORAL
8362,The company was founded in 2010.,TEMPORAL
8363,A triangle has 3 sides.,NUMERIC
8364,AI is the greatest invention.,OPINION
8365,Water freezes at 0°C.,FACTUAL
8366,A triangle has 3 sides.,NUMERIC
8367,A triangle has 3 sides.,NUMERIC
8368,The Olympics were held in Tokyo in 2021.,TEMPORAL
8369,This movie is fantastic.,OPINION
8370,All mammals are animals.,LOGICAL
8371,AI is the greatest invention.,OPINION
8372,India became independent in 1947.,TEMPORAL
8373,India became independent in 1947.,TEMPORAL
8374,The Earth is 149.6 million km from the Sun.,NUMERIC
8375,The Earth is 149.6 million km from the Sun.,NUMERIC
8376,Water freezes at 0°C.,FACTUAL
8377,Water freezes at 0°C.,FACTUAL
8378,AI is the greatest invention.,OPINION
8379,AI is the greatest invention.,OPINION
8380,The company was founded in 2010.,TEMPORAL
8381,Python is the best language.,OPINION
8382,Python is the best language.,OPINION
8383,Every square is a rectangle.,LOGICAL
8384,The Earth is 149.6 million km from the Sun.,NUMERIC
8385,India became independent in 1947.,TEMPORAL
8386,All mammals are animals.,LOGICAL
8387,The company was founded in 2010.,TEMPORAL
8388,If A>B and B>C then A>C.,LOGICAL
8389,If A>B and B>C then A>C.,LOGICAL
8390,Water freezes at 0°C.,FACTUAL
8391,Water freezes at 0°C.,FACTUAL
8392,Water freezes at 0°C.,FACTUAL
8393,This movie is fantastic.,OPINION
8394,This movie is fantastic.,OPINION
8395,The Olympics were held in Tokyo in 2021.,TEMPORAL
8396,The company was founded in 2010.,TEMPORAL
8397,Mount Everest is the tallest mountain.,FACTUAL
8398,Paris is the capital of France.,FACTUAL
8399,Water freezes at 0°C.,FACTUAL
8400,Python is the best language.,OPINION
8401,Python is the best language.,OPINION
8402,A triangle has 3 sides.,NUMERIC
8403,The company was founded in 2010.,TEMPORAL
8404,Mount Everest is the tallest mountain.,FACTUAL
8405,Paris is the capital of France.,FACTUAL
8406,The Olympics were held in Tokyo in 2021.,TEMPORAL
8407,The Earth is 149.6 million km from the Sun.,NUMERIC
8408,AI is the greatest invention.,OPINION
8409,Every square is a rectangle.,LOGICAL
8410,Python is the best language.,OPINION
8411,A triangle has 3 sides.,NUMERIC
8412,The company was founded in 2010.,TEMPORAL
8413,Paris is the capital of France.,FACTUAL
8414,Water freezes at 0°C.,FACTUAL
8415,15 + 27 = 42.,NUMERIC
8416,India became independent in 1947.,TEMPORAL
8417,The Earth is 149.6 million km from the Sun.,NUMERIC
8418,A triangle has 3 sides.,NUMERIC
8419,AI is the greatest invention.,OPINION
8420,Water freezes at 0°C.,FACTUAL
8421,A triangle has 3 sides.,NUMERIC
8422,Water freezes at 0°C.,FACTUAL
8423,Paris is the capital of France.,FACTUAL
8424,India became independent in 1947.,TEMPORAL
8425,All mammals are animals.,LOGICAL
8426,The Olympics were held in Tokyo in 2021.,TEMPORAL
8427,Paris is the capital of France.,FACTUAL
8428,A triangle has 3 sides.,NUMERIC
8429,A triangle has 3 sides.,NUMERIC
8430,The Olympics were held in Tokyo in 2021.,TEMPORAL
8431,Python is the best language.,OPINION
8432,India became independent in 1947.,TEMPORAL
8433,The Olympics were held in Tokyo in 2021.,TEMPORAL
8434,Water freezes at 0°C.,FACTUAL
8435,If A>B and B>C then A>C.,LOGICAL
8436,India became independent in 1947.,TEMPORAL
8437,If A>B and B>C then A>C.,LOGICAL
8438,AI is the greatest invention.,OPINION
8439,All mammals are animals.,LOGICAL
8440,All mammals are animals.,LOGICAL
8441,15 + 27 = 42.,NUMERIC
8442,Paris is the capital of France.,FACTUAL
8443,The Earth is 149.6 million km from the Sun.,NUMERIC
8444,Paris is the capital of France.,FACTUAL
8445,This movie is fantastic.,OPINION
8446,A triangle has 3 sides.,NUMERIC
8447,The company was founded in 2010.,TEMPORAL
8448,If A>B and B>C then A>C.,LOGICAL
8449,This movie is fantastic.,OPINION
8450,The company was founded in 2010.,TEMPORAL
8451,India became independent in 1947.,TEMPORAL
8452,Water freezes at 0°C.,FACTUAL
8453,15 + 27 = 42.,NUMERIC
8454,This movie is fantastic.,OPINION
8455,15 + 27 = 42.,NUMERIC
8456,AI is the greatest invention.,OPINION
8457,If A>B and B>C then A>C.,LOGICAL
8458,Paris is the capital of France.,FACTUAL
8459,15 + 27 = 42.,NUMERIC
8460,All mammals are animals.,LOGICAL
8461,Mount Everest is the tallest mountain.,FACTUAL
8462,Paris is the capital of France.,FACTUAL
8463,Every square is a rectangle.,LOGICAL
8464,The Olympics were held in Tokyo in 2021.,TEMPORAL
8465,The Earth is 149.6 million km from the Sun.,NUMERIC
8466,AI is the greatest invention.,OPINION
8467,AI is the greatest invention.,OPINION
8468,A triangle has 3 sides.,NUMERIC
8469,India became independent in 1947.,TEMPORAL
8470,AI is the greatest invention.,OPINION
8471,The Earth is 149.6 million km from the Sun.,NUMERIC
8472,India became independent in 1947.,TEMPORAL
8473,The Olympics were held in Tokyo in 2021.,TEMPORAL
8474,A triangle has 3 sides.,NUMERIC
8475,Water freezes at 0°C.,FACTUAL
8476,All mammals are animals.,LOGICAL
8477,The company was founded in 2010.,TEMPORAL
8478,Paris is the capital of France.,FACTUAL
8479,A triangle has 3 sides.,NUMERIC
8480,The Earth is 149.6 million km from the Sun.,NUMERIC
8481,All mammals are animals.,LOGICAL
8482,All mammals are animals.,LOGICAL
8483,A triangle has 3 sides.,NUMERIC
8484,This movie is fantastic.,OPINION
8485,AI is the greatest invention.,OPINION
8486,A triangle has 3 sides.,NUMERIC
8487,India became independent in 1947.,TEMPORAL
8488,Mount Everest is the tallest mountain.,FACTUAL
8489,Water freezes at 0°C.,FACTUAL
8490,Python is the best language.,OPINION
8491,Mount Everest is the tallest mountain.,FACTUAL
8492,A triangle has 3 sides.,NUMERIC
8493,The Olympics were held in Tokyo in 2021.,TEMPORAL
8494,Paris is the capital of France.,FACTUAL
8495,Mount Everest is the tallest mountain.,FACTUAL
8496,15 + 27 = 42.,NUMERIC
8497,All mammals are animals.,LOGICAL
8498,AI is the greatest invention.,OPINION
8499,Every square is a rectangle.,LOGICAL
8500,Paris is the capital of France.,FACTUAL
8501,Mount Everest is the tallest mountain.,FACTUAL
8502,AI is the greatest invention.,OPINION
8503,Mount Everest is the tallest mountain.,FACTUAL
8504,Every square is a rectangle.,LOGICAL
8505,If A>B and B>C then A>C.,LOGICAL
8506,This movie is fantastic.,OPINION
8507,Every square is a rectangle.,LOGICAL
8508,A triangle has 3 sides.,NUMERIC
8509,Every square is a rectangle.,LOGICAL
8510,The Olympics were held in Tokyo in 2021.,TEMPORAL
8511,If A>B and B>C then A>C.,LOGICAL
8512,The Earth is 149.6 million km from the Sun.,NUMERIC
8513,This movie is fantastic.,OPINION
8514,15 + 27 = 42.,NUMERIC
8515,The company was founded in 2010.,TEMPORAL
8516,The Earth is 149.6 million km from the Sun.,NUMERIC
8517,India became independent in 1947.,TEMPORAL
8518,The company was founded in 2010.,TEMPORAL
8519,Water freezes at 0°C.,FACTUAL
8520,India became independent in 1947.,TEMPORAL
8521,Water freezes at 0°C.,FACTUAL
8522,Every square is a rectangle.,LOGICAL
8523,AI is the greatest invention.,OPINION
8524,All mammals are animals.,LOGICAL
8525,India became independent in 1947.,TEMPORAL
8526,If A>B and B>C then A>C.,LOGICAL
8527,If A>B and B>C then A>C.,LOGICAL
8528,If A>B and B>C then A>C.,LOGICAL
8529,If A>B and B>C then A>C.,LOGICAL
8530,The Olympics were held in Tokyo in 2021.,TEMPORAL
8531,The company was founded in 2010.,TEMPORAL
8532,All mammals are animals.,LOGICAL
8533,AI is the greatest invention.,OPINION
8534,15 + 27 = 42.,NUMERIC
8535,A triangle has 3 sides.,NUMERIC
8536,A triangle has 3 sides.,NUMERIC
8537,This movie is fantastic.,OPINION
8538,Every square is a rectangle.,LOGICAL
8539,If A>B and B>C then A>C.,LOGICAL
8540,India became independent in 1947.,TEMPORAL
8541,All mammals are animals.,LOGICAL
8542,All mammals are animals.,LOGICAL
8543,Python is the best language.,OPINION
8544,If A>B and B>C then A>C.,LOGICAL
8545,This movie is fantastic.,OPINION
8546,Paris is the capital of France.,FACTUAL
8547,The Earth is 149.6 million km from the Sun.,NUMERIC
8548,AI is the greatest invention.,OPINION
8549,Every square is a rectangle.,LOGICAL
8550,All mammals are animals.,LOGICAL
8551,All mammals are animals.,LOGICAL
8552,The Earth is 149.6 million km from the Sun.,NUMERIC
8553,Python is the best language.,OPINION
8554,The Earth is 149.6 million km from the Sun.,NUMERIC
8555,AI is the greatest invention.,OPINION
8556,Every square is a rectangle.,LOGICAL
8557,15 + 27 = 42.,NUMERIC
8558,If A>B and B>C then A>C.,LOGICAL
8559,All mammals are animals.,LOGICAL
8560,The Earth is 149.6 million km from the Sun.,NUMERIC
8561,The company was founded in 2010.,TEMPORAL
8562,Python is the best language.,OPINION
8563,Mount Everest is the tallest mountain.,FACTUAL
8564,Paris is the capital of France.,FACTUAL
8565,Paris is the capital of France.,FACTUAL
8566,Paris is the capital of France.,FACTUAL
8567,India became independent in 1947.,TEMPORAL
8568,The Olympics were held in Tokyo in 2021.,TEMPORAL
8569,A triangle has 3 sides.,NUMERIC
8570,15 + 27 = 42.,NUMERIC
8571,India became independent in 1947.,TEMPORAL
8572,The company was founded in 2010.,TEMPORAL
8573,The company was founded in 2010.,TEMPORAL
8574,If A>B and B>C then A>C.,LOGICAL
8575,The company was founded in 2010.,TEMPORAL
8576,The Earth is 149.6 million km from the Sun.,NUMERIC
8577,India became independent in 1947.,TEMPORAL
8578,AI is the greatest invention.,OPINION
8579,15 + 27 = 42.,NUMERIC
8580,All mammals are animals.,LOGICAL
8581,Python is the best language.,OPINION
8582,All mammals are animals.,LOGICAL
8583,Python is the best language.,OPINION
8584,Every square is a rectangle.,LOGICAL
8585,The company was founded in 2010.,TEMPORAL
8586,15 + 27 = 42.,NUMERIC
8587,The Earth is 149.6 million km from the Sun.,NUMERIC
8588,Paris is the capital of France.,FACTUAL
8589,The Earth is 149.6 million km from the Sun.,NUMERIC
8590,If A>B and B>C then A>C.,LOGICAL
8591,All mammals are animals.,LOGICAL
8592,Mount Everest is the tallest mountain.,FACTUAL
8593,The Olympics were held in Tokyo in 2021.,TEMPORAL
8594,Python is the best language.,OPINION
8595,The Earth is 149.6 million km from the Sun.,NUMERIC
8596,Water freezes at 0°C.,FACTUAL
8597,This movie is fantastic.,OPINION
8598,India became independent in 1947.,TEMPORAL
8599,India became independent in 1947.,TEMPORAL
8600,15 + 27 = 42.,NUMERIC
8601,This movie is fantastic.,OPINION
8602,All mammals are animals.,LOGICAL
8603,Mount Everest is the tallest mountain.,FACTUAL
8604,A triangle has 3 sides.,NUMERIC
8605,The Olympics were held in Tokyo in 2021.,TEMPORAL
8606,Water freezes at 0°C.,FACTUAL
8607,This movie is fantastic.,OPINION
8608,Mount Everest is the tallest mountain.,FACTUAL
8609,This movie is fantastic.,OPINION
8610,The Earth is 149.6 million km from the Sun.,NUMERIC
8611,India became independent in 1947.,TEMPORAL
8612,This movie is fantastic.,OPINION
8613,AI is the greatest invention.,OPINION
8614,If A>B and B>C then A>C.,LOGICAL
8615,15 + 27 = 42.,NUMERIC
8616,A triangle has 3 sides.,NUMERIC
8617,The Olympics were held in Tokyo in 2021.,TEMPORAL
8618,If A>B and B>C then A>C.,LOGICAL
8619,India became independent in 1947.,TEMPORAL
8620,The company was founded in 2010.,TEMPORAL
8621,Every square is a rectangle.,LOGICAL
8622,Water freezes at 0°C.,FACTUAL
8623,AI is the greatest invention.,OPINION
8624,A triangle has 3 sides.,NUMERIC
8625,Mount Everest is the tallest mountain.,FACTUAL
8626,AI is the greatest invention.,OPINION
8627,The Olympics were held in Tokyo in 2021.,TEMPORAL
8628,The Earth is 149.6 million km from the Sun.,NUMERIC
8629,If A>B and B>C then A>C.,LOGICAL
8630,Mount Everest is the tallest mountain.,FACTUAL
8631,The company was founded in 2010.,TEMPORAL
8632,If A>B and B>C then A>C.,LOGICAL
8633,The company was founded in 2010.,TEMPORAL
8634,If A>B and B>C then A>C.,LOGICAL
8635,India became independent in 1947.,TEMPORAL
8636,The company was founded in 2010.,TEMPORAL
8637,The company was founded in 2010.,TEMPORAL
8638,The Earth is 149.6 million km from the Sun.,NUMERIC
8639,The Olympics were held in Tokyo in 2021.,TEMPORAL
8640,Water freezes at 0°C.,FACTUAL
8641,Mount Everest is the tallest mountain.,FACTUAL
8642,The company was founded in 2010.,TEMPORAL
8643,Paris is the capital of France.,FACTUAL
8644,15 + 27 = 42.,NUMERIC
8645,15 + 27 = 42.,NUMERIC
8646,The Earth is 149.6 million km from the Sun.,NUMERIC
8647,Paris is the capital of France.,FACTUAL
8648,AI is the greatest invention.,OPINION
8649,Paris is the capital of France.,FACTUAL
8650,Mount Everest is the tallest mountain.,FACTUAL
8651,Mount Everest is the tallest mountain.,FACTUAL
8652,The company was founded in 2010.,TEMPORAL
8653,Paris is the capital of France.,FACTUAL
8654,Python is the best language.,OPINION
8655,Every square is a rectangle.,LOGICAL
8656,The company was founded in 2010.,TEMPORAL
8657,Mount Everest is the tallest mountain.,FACTUAL
8658,Paris is the capital of France.,FACTUAL
8659,15 + 27 = 42.,NUMERIC
8660,Paris is the capital of France.,FACTUAL
8661,Mount Everest is the tallest mountain.,FACTUAL
8662,Paris is the capital of France.,FACTUAL
8663,Every square is a rectangle.,LOGICAL
8664,15 + 27 = 42.,NUMERIC
8665,Mount Everest is the tallest mountain.,FACTUAL
8666,Water freezes at 0°C.,FACTUAL
8667,The company was founded in 2010.,TEMPORAL
8668,AI is the greatest invention.,OPINION
8669,All mammals are animals.,LOGICAL
8670,Every square is a rectangle.,LOGICAL
8671,The Earth is 149.6 million km from the Sun.,NUMERIC
8672,The company was founded in 2010.,TEMPORAL
8673,AI is the greatest invention.,OPINION
8674,All mammals are animals.,LOGICAL
8675,AI is the greatest invention.,OPINION
8676,Paris is the capital of France.,FACTUAL
8677,The Earth is 149.6 million km from the Sun.,NUMERIC
8678,A triangle has 3 sides.,NUMERIC
8679,AI is the greatest invention.,OPINION
8680,Mount Everest is the tallest mountain.,FACTUAL
8681,Paris is the capital of France.,FACTUAL
8682,The Earth is 149.6 million km from the Sun.,NUMERIC
8683,15 + 27 = 42.,NUMERIC
8684,Every square is a rectangle.,LOGICAL
8685,This movie is fantastic.,OPINION
8686,This movie is fantastic.,OPINION
8687,Python is the best language.,OPINION
8688,India became independent in 1947.,TEMPORAL
8689,If A>B and B>C then A>C.,LOGICAL
8690,The company was founded in 2010.,TEMPORAL
8691,A triangle has 3 sides.,NUMERIC
8692,Mount Everest is the tallest mountain.,FACTUAL
8693,The Olympics were held in Tokyo in 2021.,TEMPORAL
8694,15 + 27 = 42.,NUMERIC
8695,Paris is the capital of France.,FACTUAL
8696,If A>B and B>C then A>C.,LOGICAL
8697,Mount Everest is the tallest mountain.,FACTUAL
8698,All mammals are animals.,LOGICAL
8699,All mammals are animals.,LOGICAL
8700,Water freezes at 0°C.,FACTUAL
8701,This movie is fantastic.,OPINION
8702,Python is the best language.,OPINION
8703,Mount Everest is the tallest mountain.,FACTUAL
8704,The company was founded in 2010.,TEMPORAL
8705,The Olympics were held in Tokyo in 2021.,TEMPORAL
8706,The company was founded in 2010.,TEMPORAL
8707,If A>B and B>C then A>C.,LOGICAL
8708,If A>B and B>C then A>C.,LOGICAL
8709,If A>B and B>C then A>C.,LOGICAL
8710,Python is the best language.,OPINION
8711,15 + 27 = 42.,NUMERIC
8712,AI is the greatest invention.,OPINION
8713,Mount Everest is the tallest mountain.,FACTUAL
8714,The Olympics were held in Tokyo in 2021.,TEMPORAL
8715,If A>B and B>C then A>C.,LOGICAL
8716,The Olympics were held in Tokyo in 2021.,TEMPORAL
8717,If A>B and B>C then A>C.,LOGICAL
8718,All mammals are animals.,LOGICAL
8719,A triangle has 3 sides.,NUMERIC
8720,If A>B and B>C then A>C.,LOGICAL
8721,Paris is the capital of France.,FACTUAL
8722,The Olympics were held in Tokyo in 2021.,TEMPORAL
8723,The Earth is 149.6 million km from the Sun.,NUMERIC
8724,India became independent in 1947.,TEMPORAL
8725,Every square is a rectangle.,LOGICAL
8726,15 + 27 = 42.,NUMERIC
8727,AI is the greatest invention.,OPINION
8728,15 + 27 = 42.,NUMERIC
8729,Water freezes at 0°C.,FACTUAL
8730,All mammals are animals.,LOGICAL
8731,The Olympics were held in Tokyo in 2021.,TEMPORAL
8732,15 + 27 = 42.,NUMERIC
8733,If A>B and B>C then A>C.,LOGICAL
8734,The Earth is 149.6 million km from the Sun.,NUMERIC
8735,This movie is fantastic.,OPINION
8736,15 + 27 = 42.,NUMERIC
8737,Every square is a rectangle.,LOGICAL
8738,If A>B and B>C then A>C.,LOGICAL
8739,All mammals are animals.,LOGICAL
8740,Every square is a rectangle.,LOGICAL
8741,Water freezes at 0°C.,FACTUAL
8742,Paris is the capital of France.,FACTUAL
8743,The company was founded in 2010.,TEMPORAL
8744,Every square is a rectangle.,LOGICAL
8745,India became independent in 1947.,TEMPORAL
8746,A triangle has 3 sides.,NUMERIC
8747,All mammals are animals.,LOGICAL
8748,If A>B and B>C then A>C.,LOGICAL
8749,Water freezes at 0°C.,FACTUAL
8750,The Earth is 149.6 million km from the Sun.,NUMERIC
8751,The company was founded in 2010.,TEMPORAL
8752,This movie is fantastic.,OPINION
8753,AI is the greatest invention.,OPINION
8754,AI is the greatest invention.,OPINION
8755,This movie is fantastic.,OPINION
8756,The company was founded in 2010.,TEMPORAL
8757,The company was founded in 2010.,TEMPORAL
8758,The Earth is 149.6 million km from the Sun.,NUMERIC
8759,This movie is fantastic.,OPINION
8760,Paris is the capital of France.,FACTUAL
8761,If A>B and B>C then A>C.,LOGICAL
8762,All mammals are animals.,LOGICAL
8763,The Earth is 149.6 million km from the Sun.,NUMERIC
8764,The Earth is 149.6 million km from the Sun.,NUMERIC
8765,If A>B and B>C then A>C.,LOGICAL
8766,This movie is fantastic.,OPINION
8767,This movie is fantastic.,OPINION
8768,15 + 27 = 42.,NUMERIC
8769,The company was founded in 2010.,TEMPORAL
8770,AI is the greatest invention.,OPINION
8771,Python is the best language.,OPINION
8772,15 + 27 = 42.,NUMERIC
8773,Every square is a rectangle.,LOGICAL
8774,All mammals are animals.,LOGICAL
8775,The company was founded in 2010.,TEMPORAL
8776,Water freezes at 0°C.,FACTUAL
8777,A triangle has 3 sides.,NUMERIC
8778,India became independent in 1947.,TEMPORAL
8779,This movie is fantastic.,OPINION
8780,Every square is a rectangle.,LOGICAL
8781,India became independent in 1947.,TEMPORAL
8782,If A>B and B>C then A>C.,LOGICAL
8783,The Earth is 149.6 million km from the Sun.,NUMERIC
8784,The Earth is 149.6 million km from the Sun.,NUMERIC
8785,Water freezes at 0°C.,FACTUAL
8786,15 + 27 = 42.,NUMERIC
8787,Water freezes at 0°C.,FACTUAL
8788,The company was founded in 2010.,TEMPORAL
8789,Every square is a rectangle.,LOGICAL
8790,The Earth is 149.6 million km from the Sun.,NUMERIC
8791,The Olympics were held in Tokyo in 2021.,TEMPORAL
8792,The company was founded in 2010.,TEMPORAL
8793,AI is the greatest invention.,OPINION
8794,A triangle has 3 sides.,NUMERIC
8795,AI is the greatest invention.,OPINION
8796,The company was founded in 2010.,TEMPORAL
8797,Mount Everest is the tallest mountain.,FACTUAL
8798,A triangle has 3 sides.,NUMERIC
8799,This movie is fantastic.,OPINION
8800,The Earth is 149.6 million km from the Sun.,NUMERIC
8801,Every square is a rectangle.,LOGICAL
8802,Water freezes at 0°C.,FACTUAL
8803,India became independent in 1947.,TEMPORAL
8804,The Earth is 149.6 million km from the Sun.,NUMERIC
8805,Paris is the capital of France.,FACTUAL
8806,All mammals are animals.,LOGICAL
8807,The Olympics were held in Tokyo in 2021.,TEMPORAL
8808,The Earth is 149.6 million km from the Sun.,NUMERIC
8809,Every square is a rectangle.,LOGICAL
8810,A triangle has 3 sides.,NUMERIC
8811,If A>B and B>C then A>C.,LOGICAL
8812,Water freezes at 0°C.,FACTUAL
8813,If A>B and B>C then A>C.,LOGICAL
8814,A triangle has 3 sides.,NUMERIC
8815,This movie is fantastic.,OPINION
8816,India became independent in 1947.,TEMPORAL
8817,AI is the greatest invention.,OPINION
8818,India became independent in 1947.,TEMPORAL
8819,Paris is the capital of France.,FACTUAL
8820,The company was founded in 2010.,TEMPORAL
8821,If A>B and B>C then A>C.,LOGICAL
8822,The Earth is 149.6 million km from the Sun.,NUMERIC
8823,Every square is a rectangle.,LOGICAL
8824,Mount Everest is the tallest mountain.,FACTUAL
8825,Every square is a rectangle.,LOGICAL
8826,The Olympics were held in Tokyo in 2021.,TEMPORAL
8827,The Earth is 149.6 million km from the Sun.,NUMERIC
8828,AI is the greatest invention.,OPINION
8829,The Olympics were held in Tokyo in 2021.,TEMPORAL
8830,Python is the best language.,OPINION
8831,Mount Everest is the tallest mountain.,FACTUAL
8832,Mount Everest is the tallest mountain.,FACTUAL
8833,The Earth is 149.6 million km from the Sun.,NUMERIC
8834,Paris is the capital of France.,FACTUAL
8835,15 + 27 = 42.,NUMERIC
8836,Mount Everest is the tallest mountain.,FACTUAL
8837,A triangle has 3 sides.,NUMERIC
8838,15 + 27 = 42.,NUMERIC
8839,The Olympics were held in Tokyo in 2021.,TEMPORAL
8840,India became independent in 1947.,TEMPORAL
8841,If A>B and B>C then A>C.,LOGICAL
8842,Water freezes at 0°C.,FACTUAL
8843,Every square is a rectangle.,LOGICAL
8844,Mount Everest is the tallest mountain.,FACTUAL
8845,Every square is a rectangle.,LOGICAL
8846,Every square is a rectangle.,LOGICAL
8847,A triangle has 3 sides.,NUMERIC
8848,Paris is the capital of France.,FACTUAL
8849,All mammals are animals.,LOGICAL
8850,Water freezes at 0°C.,FACTUAL
8851,15 + 27 = 42.,NUMERIC
8852,Mount Everest is the tallest mountain.,FACTUAL
8853,AI is the greatest invention.,OPINION
8854,Mount Everest is the tallest mountain.,FACTUAL
8855,The Earth is 149.6 million km from the Sun.,NUMERIC
8856,Paris is the capital of France.,FACTUAL
8857,15 + 27 = 42.,NUMERIC
8858,15 + 27 = 42.,NUMERIC
8859,This movie is fantastic.,OPINION
8860,The Olympics were held in Tokyo in 2021.,TEMPORAL
8861,All mammals are animals.,LOGICAL
8862,This movie is fantastic.,OPINION
8863,All mammals are animals.,LOGICAL
8864,Every square is a rectangle.,LOGICAL
8865,Paris is the capital of France.,FACTUAL
8866,A triangle has 3 sides.,NUMERIC
8867,Paris is the capital of France.,FACTUAL
8868,A triangle has 3 sides.,NUMERIC
8869,All mammals are animals.,LOGICAL
8870,The company was founded in 2010.,TEMPORAL
8871,Mount Everest is the tallest mountain.,FACTUAL
8872,The company was founded in 2010.,TEMPORAL
8873,The Earth is 149.6 million km from the Sun.,NUMERIC
8874,15 + 27 = 42.,NUMERIC
8875,AI is the greatest invention.,OPINION
8876,This movie is fantastic.,OPINION
8877,The company was founded in 2010.,TEMPORAL
8878,The company was founded in 2010.,TEMPORAL
8879,All mammals are animals.,LOGICAL
8880,A triangle has 3 sides.,NUMERIC
8881,The Olympics were held in Tokyo in 2021.,TEMPORAL
8882,The Earth is 149.6 million km from the Sun.,NUMERIC
8883,The Olympics were held in Tokyo in 2021.,TEMPORAL
8884,Mount Everest is the tallest mountain.,FACTUAL
8885,The Olympics were held in Tokyo in 2021.,TEMPORAL
8886,Water freezes at 0°C.,FACTUAL
8887,Python is the best language.,OPINION
8888,This movie is fantastic.,OPINION
8889,15 + 27 = 42.,NUMERIC
8890,Paris is the capital of France.,FACTUAL
8891,All mammals are animals.,LOGICAL
8892,15 + 27 = 42.,NUMERIC
8893,Python is the best language.,OPINION
8894,The company was founded in 2010.,TEMPORAL
8895,A triangle has 3 sides.,NUMERIC
8896,The Olympics were held in Tokyo in 2021.,TEMPORAL
8897,All mammals are animals.,LOGICAL
8898,A triangle has 3 sides.,NUMERIC
8899,India became independent in 1947.,TEMPORAL
8900,AI is the greatest invention.,OPINION
8901,India became independent in 1947.,TEMPORAL
8902,15 + 27 = 42.,NUMERIC
8903,India became independent in 1947.,TEMPORAL
8904,Every square is a rectangle.,LOGICAL
8905,Every square is a rectangle.,LOGICAL
8906,The Olympics were held in Tokyo in 2021.,TEMPORAL
8907,Every square is a rectangle.,LOGICAL
8908,The Earth is 149.6 million km from the Sun.,NUMERIC
8909,Every square is a rectangle.,LOGICAL
8910,This movie is fantastic.,OPINION
8911,15 + 27 = 42.,NUMERIC
8912,AI is the greatest invention.,OPINION
8913,Paris is the capital of France.,FACTUAL
8914,AI is the greatest invention.,OPINION
8915,Water freezes at 0°C.,FACTUAL
8916,Water freezes at 0°C.,FACTUAL
8917,If A>B and B>C then A>C.,LOGICAL
8918,AI is the greatest invention.,OPINION
8919,Paris is the capital of France.,FACTUAL
8920,India became independent in 1947.,TEMPORAL
8921,The Earth is 149.6 million km from the Sun.,NUMERIC
8922,India became independent in 1947.,TEMPORAL
8923,The Olympics were held in Tokyo in 2021.,TEMPORAL
8924,Water freezes at 0°C.,FACTUAL
8925,Paris is the capital of France.,FACTUAL
8926,India became independent in 1947.,TEMPORAL
8927,The Olympics were held in Tokyo in 2021.,TEMPORAL
8928,15 + 27 = 42.,NUMERIC
8929,Water freezes at 0°C.,FACTUAL
8930,15 + 27 = 42.,NUMERIC
8931,Paris is the capital of France.,FACTUAL
8932,The Earth is 149.6 million km from the Sun.,NUMERIC
8933,Python is the best language.,OPINION
8934,This movie is fantastic.,OPINION
8935,India became independent in 1947.,TEMPORAL
8936,This movie is fantastic.,OPINION
8937,Mount Everest is the tallest mountain.,FACTUAL
8938,15 + 27 = 42.,NUMERIC
8939,Water freezes at 0°C.,FACTUAL
8940,All mammals are animals.,LOGICAL
8941,Water freezes at 0°C.,FACTUAL
8942,If A>B and B>C then A>C.,LOGICAL
8943,All mammals are animals.,LOGICAL
8944,Mount Everest is the tallest mountain.,FACTUAL
8945,Mount Everest is the tallest mountain.,FACTUAL
8946,Water freezes at 0°C.,FACTUAL
8947,The company was founded in 2010.,TEMPORAL
8948,All mammals are animals.,LOGICAL
8949,India became independent in 1947.,TEMPORAL
8950,India became independent in 1947.,TEMPORAL
8951,A triangle has 3 sides.,NUMERIC
8952,All mammals are animals.,LOGICAL
8953,Mount Everest is the tallest mountain.,FACTUAL
8954,Every square is a rectangle.,LOGICAL
8955,All mammals are animals.,LOGICAL
8956,Water freezes at 0°C.,FACTUAL
8957,India became independent in 1947.,TEMPORAL
8958,This movie is fantastic.,OPINION
8959,If A>B and B>C then A>C.,LOGICAL
8960,AI is the greatest invention.,OPINION
8961,The company was founded in 2010.,TEMPORAL
8962,The company was founded in 2010.,TEMPORAL
8963,Python is the best language.,OPINION
8964,The Earth is 149.6 million km from the Sun.,NUMERIC
8965,The Olympics were held in Tokyo in 2021.,TEMPORAL
8966,A triangle has 3 sides.,NUMERIC
8967,If A>B and B>C then A>C.,LOGICAL
8968,If A>B and B>C then A>C.,LOGICAL
8969,India became independent in 1947.,TEMPORAL
8970,Every square is a rectangle.,LOGICAL
8971,This movie is fantastic.,OPINION
8972,The Olympics were held in Tokyo in 2021.,TEMPORAL
8973,Mount Everest is the tallest mountain.,FACTUAL
8974,India became independent in 1947.,TEMPORAL
8975,The Olympics were held in Tokyo in 2021.,TEMPORAL
8976,If A>B and B>C then A>C.,LOGICAL
8977,Python is the best language.,OPINION
8978,15 + 27 = 42.,NUMERIC
8979,The company was founded in 2010.,TEMPORAL
8980,A triangle has 3 sides.,NUMERIC
8981,The company was founded in 2010.,TEMPORAL
8982,A triangle has 3 sides.,NUMERIC
8983,15 + 27 = 42.,NUMERIC
8984,All mammals are animals.,LOGICAL
8985,All mammals are animals.,LOGICAL
8986,Python is the best language.,OPINION
8987,Mount Everest is the tallest mountain.,FACTUAL
8988,Mount Everest is the tallest mountain.,FACTUAL
8989,Water freezes at 0°C.,FACTUAL
8990,Python is the best language.,OPINION
8991,A triangle has 3 sides.,NUMERIC
8992,A triangle has 3 sides.,NUMERIC
8993,The Olympics were held in Tokyo in 2021.,TEMPORAL
8994,Water freezes at 0°C.,FACTUAL
8995,The company was founded in 2010.,TEMPORAL
8996,Every square is a rectangle.,LOGICAL
8997,All mammals are animals.,LOGICAL
8998,This movie is fantastic.,OPINION
8999,Every square is a rectangle.,LOGICAL
9000,Paris is the capital of France.,FACTUAL
9001,All mammals are animals.,LOGICAL
9002,A triangle has 3 sides.,NUMERIC
9003,Mount Everest is the tallest mountain.,FACTUAL
9004,Water freezes at 0°C.,FACTUAL
9005,15 + 27 = 42.,NUMERIC
9006,India became independent in 1947.,TEMPORAL
9007,If A>B and B>C then A>C.,LOGICAL
9008,A triangle has 3 sides.,NUMERIC
9009,Paris is the capital of France.,FACTUAL
9010,Paris is the capital of France.,FACTUAL
9011,Water freezes at 0°C.,FACTUAL
9012,Paris is the capital of France.,FACTUAL
9013,A triangle has 3 sides.,NUMERIC
9014,Paris is the capital of France.,FACTUAL
9015,The Olympics were held in Tokyo in 2021.,TEMPORAL
9016,Water freezes at 0°C.,FACTUAL
9017,The company was founded in 2010.,TEMPORAL
9018,All mammals are animals.,LOGICAL
9019,This movie is fantastic.,OPINION
9020,The Olympics were held in Tokyo in 2021.,TEMPORAL
9021,India became independent in 1947.,TEMPORAL
9022,The Olympics were held in Tokyo in 2021.,TEMPORAL
9023,Python is the best language.,OPINION
9024,Every square is a rectangle.,LOGICAL
9025,Python is the best language.,OPINION
9026,Mount Everest is the tallest mountain.,FACTUAL
9027,All mammals are animals.,LOGICAL
9028,If A>B and B>C then A>C.,LOGICAL
9029,India became independent in 1947.,TEMPORAL
9030,The company was founded in 2010.,TEMPORAL
9031,If A>B and B>C then A>C.,LOGICAL
9032,AI is the greatest invention.,OPINION
9033,Every square is a rectangle.,LOGICAL
9034,Python is the best language.,OPINION
9035,The company was founded in 2010.,TEMPORAL
9036,All mammals are animals.,LOGICAL
9037,All mammals are animals.,LOGICAL
9038,All mammals are animals.,LOGICAL
9039,If A>B and B>C then A>C.,LOGICAL
9040,AI is the greatest invention.,OPINION
9041,Paris is the capital of France.,FACTUAL
9042,Water freezes at 0°C.,FACTUAL
9043,Every square is a rectangle.,LOGICAL
9044,India became independent in 1947.,TEMPORAL
9045,This movie is fantastic.,OPINION
9046,Water freezes at 0°C.,FACTUAL
9047,The company was founded in 2010.,TEMPORAL
9048,All mammals are animals.,LOGICAL
9049,This movie is fantastic.,OPINION
9050,Paris is the capital of France.,FACTUAL
9051,A triangle has 3 sides.,NUMERIC
9052,Mount Everest is the tallest mountain.,FACTUAL
9053,All mammals are animals.,LOGICAL
9054,AI is the greatest invention.,OPINION
9055,If A>B and B>C then A>C.,LOGICAL
9056,This movie is fantastic.,OPINION
9057,Python is the best language.,OPINION
9058,Water freezes at 0°C.,FACTUAL
9059,AI is the greatest invention.,OPINION
9060,This movie is fantastic.,OPINION
9061,The Earth is 149.6 million km from the Sun.,NUMERIC
9062,India became independent in 1947.,TEMPORAL
9063,Water freezes at 0°C.,FACTUAL
9064,This movie is fantastic.,OPINION
9065,All mammals are animals.,LOGICAL
9066,15 + 27 = 42.,NUMERIC
9067,The Earth is 149.6 million km from the Sun.,NUMERIC
9068,All mammals are animals.,LOGICAL
9069,Water freezes at 0°C.,FACTUAL
9070,The Earth is 149.6 million km from the Sun.,NUMERIC
9071,Water freezes at 0°C.,FACTUAL
9072,15 + 27 = 42.,NUMERIC
9073,The company was founded in 2010.,TEMPORAL
9074,This movie is fantastic.,OPINION
9075,A triangle has 3 sides.,NUMERIC
9076,Every square is a rectangle.,LOGICAL
9077,Paris is the capital of France.,FACTUAL
9078,15 + 27 = 42.,NUMERIC
9079,A triangle has 3 sides.,NUMERIC
9080,Python is the best language.,OPINION
9081,Water freezes at 0°C.,FACTUAL
9082,If A>B and B>C then A>C.,LOGICAL
9083,All mammals are animals.,LOGICAL
9084,Python is the best language.,OPINION
9085,The company was founded in 2010.,TEMPORAL
9086,AI is the greatest invention.,OPINION
9087,If A>B and B>C then A>C.,LOGICAL
9088,Water freezes at 0°C.,FACTUAL
9089,Every square is a rectangle.,LOGICAL
9090,All mammals are animals.,LOGICAL
9091,Paris is the capital of France.,FACTUAL
9092,The company was founded in 2010.,TEMPORAL
9093,The Olympics were held in Tokyo in 2021.,TEMPORAL
9094,Every square is a rectangle.,LOGICAL
9095,15 + 27 = 42.,NUMERIC
9096,Paris is the capital of France.,FACTUAL
9097,15 + 27 = 42.,NUMERIC
9098,AI is the greatest invention.,OPINION
9099,The Earth is 149.6 million km from the Sun.,NUMERIC
9100,This movie is fantastic.,OPINION
9101,This movie is fantastic.,OPINION
9102,All mammals are animals.,LOGICAL
9103,A triangle has 3 sides.,NUMERIC
9104,All mammals are animals.,LOGICAL
9105,AI is the greatest invention.,OPINION
9106,15 + 27 = 42.,NUMERIC
9107,The Earth is 149.6 million km from the Sun.,NUMERIC
9108,A triangle has 3 sides.,NUMERIC
9109,All mammals are animals.,LOGICAL
9110,India became independent in 1947.,TEMPORAL
9111,AI is the greatest invention.,OPINION
9112,Mount Everest is the tallest mountain.,FACTUAL
9113,The company was founded in 2010.,TEMPORAL
9114,AI is the greatest invention.,OPINION
9115,India became independent in 1947.,TEMPORAL
9116,India became independent in 1947.,TEMPORAL
9117,All mammals are animals.,LOGICAL
9118,A triangle has 3 sides.,NUMERIC
9119,If A>B and B>C then A>C.,LOGICAL
9120,All mammals are animals.,LOGICAL
9121,Paris is the capital of France.,FACTUAL
9122,Every square is a rectangle.,LOGICAL
9123,AI is the greatest invention.,OPINION
9124,A triangle has 3 sides.,NUMERIC
9125,A triangle has 3 sides.,NUMERIC
9126,15 + 27 = 42.,NUMERIC
9127,Every square is a rectangle.,LOGICAL
9128,Mount Everest is the tallest mountain.,FACTUAL
9129,15 + 27 = 42.,NUMERIC
9130,Every square is a rectangle.,LOGICAL
9131,India became independent in 1947.,TEMPORAL
9132,The Olympics were held in Tokyo in 2021.,TEMPORAL
9133,Water freezes at 0°C.,FACTUAL
9134,Water freezes at 0°C.,FACTUAL
9135,All mammals are animals.,LOGICAL
9136,A triangle has 3 sides.,NUMERIC
9137,The Olympics were held in Tokyo in 2021.,TEMPORAL
9138,Every square is a rectangle.,LOGICAL
9139,A triangle has 3 sides.,NUMERIC
9140,The Earth is 149.6 million km from the Sun.,NUMERIC
9141,Python is the best language.,OPINION
9142,Every square is a rectangle.,LOGICAL
9143,15 + 27 = 42.,NUMERIC
9144,Python is the best language.,OPINION
9145,The Olympics were held in Tokyo in 2021.,TEMPORAL
9146,Water freezes at 0°C.,FACTUAL
9147,AI is the greatest invention.,OPINION
9148,All mammals are animals.,LOGICAL
9149,AI is the greatest invention.,OPINION
9150,A triangle has 3 sides.,NUMERIC
9151,Water freezes at 0°C.,FACTUAL
9152,The Olympics were held in Tokyo in 2021.,TEMPORAL
9153,The Olympics were held in Tokyo in 2021.,TEMPORAL
9154,The Olympics were held in Tokyo in 2021.,TEMPORAL
9155,Python is the best language.,OPINION
9156,The Olympics were held in Tokyo in 2021.,TEMPORAL
9157,Every square is a rectangle.,LOGICAL
9158,If A>B and B>C then A>C.,LOGICAL
9159,Python is the best language.,OPINION
9160,Python is the best language.,OPINION
9161,Python is the best language.,OPINION
9162,AI is the greatest invention.,OPINION
9163,If A>B and B>C then A>C.,LOGICAL
9164,Mount Everest is the tallest mountain.,FACTUAL
9165,If A>B and B>C then A>C.,LOGICAL
9166,Python is the best language.,OPINION
9167,Python is the best language.,OPINION
9168,Water freezes at 0°C.,FACTUAL
9169,The Olympics were held in Tokyo in 2021.,TEMPORAL
9170,The company was founded in 2010.,TEMPORAL
9171,AI is the greatest invention.,OPINION
9172,The Olympics were held in Tokyo in 2021.,TEMPORAL
9173,A triangle has 3 sides.,NUMERIC
9174,The Earth is 149.6 million km from the Sun.,NUMERIC
9175,India became independent in 1947.,TEMPORAL
9176,The company was founded in 2010.,TEMPORAL
9177,If A>B and B>C then A>C.,LOGICAL
9178,The company was founded in 2010.,TEMPORAL
9179,Every square is a rectangle.,LOGICAL
9180,A triangle has 3 sides.,NUMERIC
9181,A triangle has 3 sides.,NUMERIC
9182,India became independent in 1947.,TEMPORAL
9183,The company was founded in 2010.,TEMPORAL
9184,Python is the best language.,OPINION
9185,India became independent in 1947.,TEMPORAL
9186,Every square is a rectangle.,LOGICAL
9187,AI is the greatest invention.,OPINION
9188,Mount Everest is the tallest mountain.,FACTUAL
9189,The company was founded in 2010.,TEMPORAL
9190,15 + 27 = 42.,NUMERIC
9191,Python is the best language.,OPINION
9192,India became independent in 1947.,TEMPORAL
9193,If A>B and B>C then A>C.,LOGICAL
9194,The Earth is 149.6 million km from the Sun.,NUMERIC
9195,Every square is a rectangle.,LOGICAL
9196,The company was founded in 2010.,TEMPORAL
9197,Every square is a rectangle.,LOGICAL
9198,India became independent in 1947.,TEMPORAL
9199,The company was founded in 2010.,TEMPORAL
9200,Water freezes at 0°C.,FACTUAL
9201,Water freezes at 0°C.,FACTUAL
9202,This movie is fantastic.,OPINION
9203,Paris is the capital of France.,FACTUAL
9204,The Earth is 149.6 million km from the Sun.,NUMERIC
9205,If A>B and B>C then A>C.,LOGICAL
9206,Python is the best language.,OPINION
9207,The company was founded in 2010.,TEMPORAL
9208,This movie is fantastic.,OPINION
9209,The Earth is 149.6 million km from the Sun.,NUMERIC
9210,Water freezes at 0°C.,FACTUAL
9211,Every square is a rectangle.,LOGICAL
9212,Water freezes at 0°C.,FACTUAL
9213,If A>B and B>C then A>C.,LOGICAL
9214,India became independent in 1947.,TEMPORAL
9215,15 + 27 = 42.,NUMERIC
9216,Water freezes at 0°C.,FACTUAL
9217,Paris is the capital of France.,FACTUAL
9218,Water freezes at 0°C.,FACTUAL
9219,Mount Everest is the tallest mountain.,FACTUAL
9220,This movie is fantastic.,OPINION
9221,15 + 27 = 42.,NUMERIC
9222,All mammals are animals.,LOGICAL
9223,Mount Everest is the tallest mountain.,FACTUAL
9224,AI is the greatest invention.,OPINION
9225,Paris is the capital of France.,FACTUAL
9226,The company was founded in 2010.,TEMPORAL
9227,The Olympics were held in Tokyo in 2021.,TEMPORAL
9228,All mammals are animals.,LOGICAL
9229,15 + 27 = 42.,NUMERIC
9230,Python is the best language.,OPINION
9231,This movie is fantastic.,OPINION
9232,This movie is fantastic.,OPINION
9233,15 + 27 = 42.,NUMERIC
9234,Mount Everest is the tallest mountain.,FACTUAL
9235,This movie is fantastic.,OPINION
9236,15 + 27 = 42.,NUMERIC
9237,All mammals are animals.,LOGICAL
9238,Python is the best language.,OPINION
9239,Paris is the capital of France.,FACTUAL
9240,Mount Everest is the tallest mountain.,FACTUAL
9241,This movie is fantastic.,OPINION
9242,All mammals are animals.,LOGICAL
9243,Paris is the capital of France.,FACTUAL
9244,All mammals are animals.,LOGICAL
9245,The Earth is 149.6 million km from the Sun.,NUMERIC
9246,AI is the greatest invention.,OPINION
9247,15 + 27 = 42.,NUMERIC
9248,India became independent in 1947.,TEMPORAL
9249,Paris is the capital of France.,FACTUAL
9250,The Olympics were held in Tokyo in 2021.,TEMPORAL
9251,Python is the best language.,OPINION
9252,If A>B and B>C then A>C.,LOGICAL
9253,15 + 27 = 42.,NUMERIC
9254,Paris is the capital of France.,FACTUAL
9255,Every square is a rectangle.,LOGICAL
9256,If A>B and B>C then A>C.,LOGICAL
9257,A triangle has 3 sides.,NUMERIC
9258,Every square is a rectangle.,LOGICAL
9259,All mammals are animals.,LOGICAL
9260,This movie is fantastic.,OPINION
9261,A triangle has 3 sides.,NUMERIC
9262,If A>B and B>C then A>C.,LOGICAL
9263,This movie is fantastic.,OPINION
9264,India became independent in 1947.,TEMPORAL
9265,Every square is a rectangle.,LOGICAL
9266,This movie is fantastic.,OPINION
9267,Every square is a rectangle.,LOGICAL
9268,The Earth is 149.6 million km from the Sun.,NUMERIC
9269,A triangle has 3 sides.,NUMERIC
9270,Mount Everest is the tallest mountain.,FACTUAL
9271,All mammals are animals.,LOGICAL
9272,All mammals are animals.,LOGICAL
9273,The Earth is 149.6 million km from the Sun.,NUMERIC
9274,The Olympics were held in Tokyo in 2021.,TEMPORAL
9275,India became independent in 1947.,TEMPORAL
9276,India became independent in 1947.,TEMPORAL
9277,Every square is a rectangle.,LOGICAL
9278,All mammals are animals.,LOGICAL
9279,AI is the greatest invention.,OPINION
9280,Water freezes at 0°C.,FACTUAL
9281,Water freezes at 0°C.,FACTUAL
9282,This movie is fantastic.,OPINION
9283,The Olympics were held in Tokyo in 2021.,TEMPORAL
9284,Water freezes at 0°C.,FACTUAL
9285,Every square is a rectangle.,LOGICAL
9286,If A>B and B>C then A>C.,LOGICAL
9287,Water freezes at 0°C.,FACTUAL
9288,The Olympics were held in Tokyo in 2021.,TEMPORAL
9289,The Earth is 149.6 million km from the Sun.,NUMERIC
9290,The Olympics were held in Tokyo in 2021.,TEMPORAL
9291,All mammals are animals.,LOGICAL
9292,15 + 27 = 42.,NUMERIC
9293,Python is the best language.,OPINION
9294,Python is the best language.,OPINION
9295,AI is the greatest invention.,OPINION
9296,Water freezes at 0°C.,FACTUAL
9297,India became independent in 1947.,TEMPORAL
9298,15 + 27 = 42.,NUMERIC
9299,15 + 27 = 42.,NUMERIC
9300,Python is the best language.,OPINION
9301,AI is the greatest invention.,OPINION
9302,India became independent in 1947.,TEMPORAL
9303,This movie is fantastic.,OPINION
9304,All mammals are animals.,LOGICAL
9305,India became independent in 1947.,TEMPORAL
9306,If A>B and B>C then A>C.,LOGICAL
9307,15 + 27 = 42.,NUMERIC
9308,If A>B and B>C then A>C.,LOGICAL
9309,A triangle has 3 sides.,NUMERIC
9310,Paris is the capital of France.,FACTUAL
9311,Mount Everest is the tallest mountain.,FACTUAL
9312,Mount Everest is the tallest mountain.,FACTUAL
9313,The Earth is 149.6 million km from the Sun.,NUMERIC
9314,This movie is fantastic.,OPINION
9315,All mammals are animals.,LOGICAL
9316,15 + 27 = 42.,NUMERIC
9317,A triangle has 3 sides.,NUMERIC
9318,Paris is the capital of France.,FACTUAL
9319,Water freezes at 0°C.,FACTUAL
9320,A triangle has 3 sides.,NUMERIC
9321,Water freezes at 0°C.,FACTUAL
9322,This movie is fantastic.,OPINION
9323,15 + 27 = 42.,NUMERIC
9324,AI is the greatest invention.,OPINION
9325,15 + 27 = 42.,NUMERIC
9326,India became independent in 1947.,TEMPORAL
9327,The company was founded in 2010.,TEMPORAL
9328,Mount Everest is the tallest mountain.,FACTUAL
9329,AI is the greatest invention.,OPINION
9330,All mammals are animals.,LOGICAL
9331,15 + 27 = 42.,NUMERIC
9332,All mammals are animals.,LOGICAL
9333,15 + 27 = 42.,NUMERIC
9334,This movie is fantastic.,OPINION
9335,This movie is fantastic.,OPINION
9336,All mammals are animals.,LOGICAL
9337,All mammals are animals.,LOGICAL
9338,Mount Everest is the tallest mountain.,FACTUAL
9339,15 + 27 = 42.,NUMERIC
9340,AI is the greatest invention.,OPINION
9341,Water freezes at 0°C.,FACTUAL
9342,15 + 27 = 42.,NUMERIC
9343,The Olympics were held in Tokyo in 2021.,TEMPORAL
9344,This movie is fantastic.,OPINION
9345,Every square is a rectangle.,LOGICAL
9346,Python is the best language.,OPINION
9347,Every square is a rectangle.,LOGICAL
9348,Every square is a rectangle.,LOGICAL
9349,This movie is fantastic.,OPINION
9350,Python is the best language.,OPINION
9351,If A>B and B>C then A>C.,LOGICAL
9352,This movie is fantastic.,OPINION
9353,A triangle has 3 sides.,NUMERIC
9354,All mammals are animals.,LOGICAL
9355,Paris is the capital of France.,FACTUAL
9356,Mount Everest is the tallest mountain.,FACTUAL
9357,The Olympics were held in Tokyo in 2021.,TEMPORAL
9358,Mount Everest is the tallest mountain.,FACTUAL
9359,If A>B and B>C then A>C.,LOGICAL
9360,If A>B and B>C then A>C.,LOGICAL
9361,India became independent in 1947.,TEMPORAL
9362,The Olympics were held in Tokyo in 2021.,TEMPORAL
9363,15 + 27 = 42.,NUMERIC
9364,The Earth is 149.6 million km from the Sun.,NUMERIC
9365,The Earth is 149.6 million km from the Sun.,NUMERIC
9366,Python is the best language.,OPINION
9367,A triangle has 3 sides.,NUMERIC
9368,The Olympics were held in Tokyo in 2021.,TEMPORAL
9369,15 + 27 = 42.,NUMERIC
9370,Paris is the capital of France.,FACTUAL
9371,If A>B and B>C then A>C.,LOGICAL
9372,If A>B and B>C then A>C.,LOGICAL
9373,Every square is a rectangle.,LOGICAL
9374,If A>B and B>C then A>C.,LOGICAL
9375,The Earth is 149.6 million km from the Sun.,NUMERIC
9376,The Earth is 149.6 million km from the Sun.,NUMERIC
9377,Paris is the capital of France.,FACTUAL
9378,A triangle has 3 sides.,NUMERIC
9379,Water freezes at 0°C.,FACTUAL
9380,India became independent in 1947.,TEMPORAL
9381,The Olympics were held in Tokyo in 2021.,TEMPORAL
9382,Every square is a rectangle.,LOGICAL
9383,All mammals are animals.,LOGICAL
9384,This movie is fantastic.,OPINION
9385,The company was founded in 2010.,TEMPORAL
9386,This movie is fantastic.,OPINION
9387,Water freezes at 0°C.,FACTUAL
9388,Water freezes at 0°C.,FACTUAL
9389,India became independent in 1947.,TEMPORAL
9390,The company was founded in 2010.,TEMPORAL
9391,15 + 27 = 42.,NUMERIC
9392,Paris is the capital of France.,FACTUAL
9393,This movie is fantastic.,OPINION
9394,Paris is the capital of France.,FACTUAL
9395,AI is the greatest invention.,OPINION
9396,This movie is fantastic.,OPINION
9397,Water freezes at 0°C.,FACTUAL
9398,If A>B and B>C then A>C.,LOGICAL
9399,This movie is fantastic.,OPINION
9400,The company was founded in 2010.,TEMPORAL
9401,The Olympics were held in Tokyo in 2021.,TEMPORAL
9402,India became independent in 1947.,TEMPORAL
9403,Python is the best language.,OPINION
9404,Water freezes at 0°C.,FACTUAL
9405,If A>B and B>C then A>C.,LOGICAL
9406,AI is the greatest invention.,OPINION
9407,Python is the best language.,OPINION
9408,Python is the best language.,OPINION
9409,Paris is the capital of France.,FACTUAL
9410,If A>B and B>C then A>C.,LOGICAL
9411,Every square is a rectangle.,LOGICAL
9412,India became independent in 1947.,TEMPORAL
9413,15 + 27 = 42.,NUMERIC
9414,Mount Everest is the tallest mountain.,FACTUAL
9415,If A>B and B>C then A>C.,LOGICAL
9416,All mammals are animals.,LOGICAL
9417,Paris is the capital of France.,FACTUAL
9418,India became independent in 1947.,TEMPORAL
9419,15 + 27 = 42.,NUMERIC
9420,Every square is a rectangle.,LOGICAL
9421,The Earth is 149.6 million km from the Sun.,NUMERIC
9422,The Earth is 149.6 million km from the Sun.,NUMERIC
9423,Python is the best language.,OPINION
9424,India became independent in 1947.,TEMPORAL
9425,Paris is the capital of France.,FACTUAL
9426,15 + 27 = 42.,NUMERIC
9427,The company was founded in 2010.,TEMPORAL
9428,All mammals are animals.,LOGICAL
9429,The Earth is 149.6 million km from the Sun.,NUMERIC
9430,A triangle has 3 sides.,NUMERIC
9431,All mammals are animals.,LOGICAL
9432,Mount Everest is the tallest mountain.,FACTUAL
9433,If A>B and B>C then A>C.,LOGICAL
9434,Python is the best language.,OPINION
9435,The Olympics were held in Tokyo in 2021.,TEMPORAL
9436,The company was founded in 2010.,TEMPORAL
9437,Python is the best language.,OPINION
9438,The company was founded in 2010.,TEMPORAL
9439,The company was founded in 2010.,TEMPORAL
9440,A triangle has 3 sides.,NUMERIC
9441,Python is the best language.,OPINION
9442,The company was founded in 2010.,TEMPORAL
9443,15 + 27 = 42.,NUMERIC
9444,Water freezes at 0°C.,FACTUAL
9445,If A>B and B>C then A>C.,LOGICAL
9446,The company was founded in 2010.,TEMPORAL
9447,The Olympics were held in Tokyo in 2021.,TEMPORAL
9448,All mammals are animals.,LOGICAL
9449,This movie is fantastic.,OPINION
9450,India became independent in 1947.,TEMPORAL
9451,A triangle has 3 sides.,NUMERIC
9452,15 + 27 = 42.,NUMERIC
9453,The Earth is 149.6 million km from the Sun.,NUMERIC
9454,15 + 27 = 42.,NUMERIC
9455,Python is the best language.,OPINION
9456,The Olympics were held in Tokyo in 2021.,TEMPORAL
9457,If A>B and B>C then A>C.,LOGICAL
9458,This movie is fantastic.,OPINION
9459,India became independent in 1947.,TEMPORAL
9460,15 + 27 = 42.,NUMERIC
9461,This movie is fantastic.,OPINION
9462,Water freezes at 0°C.,FACTUAL
9463,Water freezes at 0°C.,FACTUAL
9464,If A>B and B>C then A>C.,LOGICAL
9465,The Earth is 149.6 million km from the Sun.,NUMERIC
9466,All mammals are animals.,LOGICAL
9467,The Olympics were held in Tokyo in 2021.,TEMPORAL
9468,Water freezes at 0°C.,FACTUAL
9469,The Earth is 149.6 million km from the Sun.,NUMERIC
9470,If A>B and B>C then A>C.,LOGICAL
9471,AI is the greatest invention.,OPINION
9472,If A>B and B>C then A>C.,LOGICAL
9473,The Earth is 149.6 million km from the Sun.,NUMERIC
9474,A triangle has 3 sides.,NUMERIC
9475,The Earth is 149.6 million km from the Sun.,NUMERIC
9476,A triangle has 3 sides.,NUMERIC
9477,The company was founded in 2010.,TEMPORAL
9478,All mammals are animals.,LOGICAL
9479,Paris is the capital of France.,FACTUAL
9480,Mount Everest is the tallest mountain.,FACTUAL
9481,Paris is the capital of France.,FACTUAL
9482,This movie is fantastic.,OPINION
9483,All mammals are animals.,LOGICAL
9484,15 + 27 = 42.,NUMERIC
9485,Water freezes at 0°C.,FACTUAL
9486,15 + 27 = 42.,NUMERIC
9487,The Earth is 149.6 million km from the Sun.,NUMERIC
9488,The company was founded in 2010.,TEMPORAL
9489,The company was founded in 2010.,TEMPORAL
9490,AI is the greatest invention.,OPINION
9491,Paris is the capital of France.,FACTUAL
9492,The Olympics were held in Tokyo in 2021.,TEMPORAL
9493,Paris is the capital of France.,FACTUAL
9494,AI is the greatest invention.,OPINION
9495,Mount Everest is the tallest mountain.,FACTUAL
9496,Paris is the capital of France.,FACTUAL
9497,The Earth is 149.6 million km from the Sun.,NUMERIC
9498,All mammals are animals.,LOGICAL
9499,The company was founded in 2010.,TEMPORAL
9500,The company was founded in 2010.,TEMPORAL
9501,AI is the greatest invention.,OPINION
9502,This movie is fantastic.,OPINION
9503,15 + 27 = 42.,NUMERIC
9504,Every square is a rectangle.,LOGICAL
9505,India became independent in 1947.,TEMPORAL
9506,AI is the greatest invention.,OPINION
9507,Every square is a rectangle.,LOGICAL
9508,A triangle has 3 sides.,NUMERIC
9509,India became independent in 1947.,TEMPORAL
9510,If A>B and B>C then A>C.,LOGICAL
9511,A triangle has 3 sides.,NUMERIC
9512,If A>B and B>C then A>C.,LOGICAL
9513,The company was founded in 2010.,TEMPORAL
9514,The Olympics were held in Tokyo in 2021.,TEMPORAL
9515,If A>B and B>C then A>C.,LOGICAL
9516,The Earth is 149.6 million km from the Sun.,NUMERIC
9517,India became independent in 1947.,TEMPORAL
9518,The Earth is 149.6 million km from the Sun.,NUMERIC
9519,A triangle has 3 sides.,NUMERIC
9520,15 + 27 = 42.,NUMERIC
9521,Paris is the capital of France.,FACTUAL
9522,AI is the greatest invention.,OPINION
9523,15 + 27 = 42.,NUMERIC
9524,All mammals are animals.,LOGICAL
9525,A triangle has 3 sides.,NUMERIC
9526,Water freezes at 0°C.,FACTUAL
9527,The company was founded in 2010.,TEMPORAL
9528,The company was founded in 2010.,TEMPORAL
9529,A triangle has 3 sides.,NUMERIC
9530,If A>B and B>C then A>C.,LOGICAL
9531,All mammals are animals.,LOGICAL
9532,Python is the best language.,OPINION
9533,This movie is fantastic.,OPINION
9534,The Earth is 149.6 million km from the Sun.,NUMERIC
9535,Water freezes at 0°C.,FACTUAL
9536,The Earth is 149.6 million km from the Sun.,NUMERIC
9537,The Earth is 149.6 million km from the Sun.,NUMERIC
9538,Paris is the capital of France.,FACTUAL
9539,Water freezes at 0°C.,FACTUAL
9540,All mammals are animals.,LOGICAL
9541,If A>B and B>C then A>C.,LOGICAL
9542,Every square is a rectangle.,LOGICAL
9543,The Olympics were held in Tokyo in 2021.,TEMPORAL
9544,The Earth is 149.6 million km from the Sun.,NUMERIC
9545,Every square is a rectangle.,LOGICAL
9546,The company was founded in 2010.,TEMPORAL
9547,15 + 27 = 42.,NUMERIC
9548,The Earth is 149.6 million km from the Sun.,NUMERIC
9549,All mammals are animals.,LOGICAL
9550,If A>B and B>C then A>C.,LOGICAL
9551,15 + 27 = 42.,NUMERIC
9552,15 + 27 = 42.,NUMERIC
9553,Python is the best language.,OPINION
9554,If A>B and B>C then A>C.,LOGICAL
9555,A triangle has 3 sides.,NUMERIC
9556,The Earth is 149.6 million km from the Sun.,NUMERIC
9557,Paris is the capital of France.,FACTUAL
9558,The company was founded in 2010.,TEMPORAL
9559,The company was founded in 2010.,TEMPORAL
9560,The Olympics were held in Tokyo in 2021.,TEMPORAL
9561,Paris is the capital of France.,FACTUAL
9562,Every square is a rectangle.,LOGICAL
9563,15 + 27 = 42.,NUMERIC
9564,The Earth is 149.6 million km from the Sun.,NUMERIC
9565,This movie is fantastic.,OPINION
9566,This movie is fantastic.,OPINION
9567,Python is the best language.,OPINION
9568,Python is the best language.,OPINION
9569,The Earth is 149.6 million km from the Sun.,NUMERIC
9570,Water freezes at 0°C.,FACTUAL
9571,Python is the best language.,OPINION
9572,The company was founded in 2010.,TEMPORAL
9573,All mammals are animals.,LOGICAL
9574,The Olympics were held in Tokyo in 2021.,TEMPORAL
9575,Water freezes at 0°C.,FACTUAL
9576,Python is the best language.,OPINION
9577,Water freezes at 0°C.,FACTUAL
9578,If A>B and B>C then A>C.,LOGICAL
9579,Python is the best language.,OPINION
9580,The Earth is 149.6 million km from the Sun.,NUMERIC
9581,AI is the greatest invention.,OPINION
9582,If A>B and B>C then A>C.,LOGICAL
9583,The company was founded in 2010.,TEMPORAL
9584,Paris is the capital of France.,FACTUAL
9585,This movie is fantastic.,OPINION
9586,If A>B and B>C then A>C.,LOGICAL
9587,Mount Everest is the tallest mountain.,FACTUAL
9588,15 + 27 = 42.,NUMERIC
9589,The Earth is 149.6 million km from the Sun.,NUMERIC
9590,The Earth is 149.6 million km from the Sun.,NUMERIC
9591,Water freezes at 0°C.,FACTUAL
9592,Paris is the capital of France.,FACTUAL
9593,The company was founded in 2010.,TEMPORAL
9594,This movie is fantastic.,OPINION
9595,Mount Everest is the tallest mountain.,FACTUAL
9596,The company was founded in 2010.,TEMPORAL
9597,Water freezes at 0°C.,FACTUAL
9598,AI is the greatest invention.,OPINION
9599,Python is the best language.,OPINION
9600,This movie is fantastic.,OPINION
9601,Paris is the capital of France.,FACTUAL
9602,Every square is a rectangle.,LOGICAL
9603,India became independent in 1947.,TEMPORAL
9604,Python is the best language.,OPINION
9605,15 + 27 = 42.,NUMERIC
9606,All mammals are animals.,LOGICAL
9607,The company was founded in 2010.,TEMPORAL
9608,The Earth is 149.6 million km from the Sun.,NUMERIC
9609,Paris is the capital of France.,FACTUAL
9610,A triangle has 3 sides.,NUMERIC
9611,India became independent in 1947.,TEMPORAL
9612,The company was founded in 2010.,TEMPORAL
9613,The Olympics were held in Tokyo in 2021.,TEMPORAL
9614,The Earth is 149.6 million km from the Sun.,NUMERIC
9615,A triangle has 3 sides.,NUMERIC
9616,The Earth is 149.6 million km from the Sun.,NUMERIC
9617,Water freezes at 0°C.,FACTUAL
9618,The company was founded in 2010.,TEMPORAL
9619,Python is the best language.,OPINION
9620,Paris is the capital of France.,FACTUAL
9621,15 + 27 = 42.,NUMERIC
9622,Paris is the capital of France.,FACTUAL
9623,Water freezes at 0°C.,FACTUAL
9624,15 + 27 = 42.,NUMERIC
9625,If A>B and B>C then A>C.,LOGICAL
9626,Mount Everest is the tallest mountain.,FACTUAL
9627,This movie is fantastic.,OPINION
9628,AI is the greatest invention.,OPINION
9629,Every square is a rectangle.,LOGICAL
9630,This movie is fantastic.,OPINION
9631,Water freezes at 0°C.,FACTUAL
9632,Water freezes at 0°C.,FACTUAL
9633,The Earth is 149.6 million km from the Sun.,NUMERIC
9634,A triangle has 3 sides.,NUMERIC
9635,The company was founded in 2010.,TEMPORAL
9636,Mount Everest is the tallest mountain.,FACTUAL
9637,Paris is the capital of France.,FACTUAL
9638,15 + 27 = 42.,NUMERIC
9639,India became independent in 1947.,TEMPORAL
9640,Python is the best language.,OPINION
9641,AI is the greatest invention.,OPINION
9642,Every square is a rectangle.,LOGICAL
9643,India became independent in 1947.,TEMPORAL
9644,The Olympics were held in Tokyo in 2021.,TEMPORAL
9645,All mammals are animals.,LOGICAL
9646,This movie is fantastic.,OPINION
9647,15 + 27 = 42.,NUMERIC
9648,A triangle has 3 sides.,NUMERIC
9649,Every square is a rectangle.,LOGICAL
9650,Mount Everest is the tallest mountain.,FACTUAL
9651,A triangle has 3 sides.,NUMERIC
9652,Every square is a rectangle.,LOGICAL
9653,If A>B and B>C then A>C.,LOGICAL
9654,The company was founded in 2010.,TEMPORAL
9655,India became independent in 1947.,TEMPORAL
9656,Paris is the capital of France.,FACTUAL
9657,All mammals are animals.,LOGICAL
9658,Mount Everest is the tallest mountain.,FACTUAL
9659,India became independent in 1947.,TEMPORAL
9660,The company was founded in 2010.,TEMPORAL
9661,The Olympics were held in Tokyo in 2021.,TEMPORAL
9662,Water freezes at 0°C.,FACTUAL
9663,All mammals are animals.,LOGICAL
9664,15 + 27 = 42.,NUMERIC
9665,Python is the best language.,OPINION
9666,AI is the greatest invention.,OPINION
9667,AI is the greatest invention.,OPINION
9668,If A>B and B>C then A>C.,LOGICAL
9669,Python is the best language.,OPINION
9670,India became independent in 1947.,TEMPORAL
9671,AI is the greatest invention.,OPINION
9672,India became independent in 1947.,TEMPORAL
9673,The company was founded in 2010.,TEMPORAL
9674,If A>B and B>C then A>C.,LOGICAL
9675,Paris is the capital of France.,FACTUAL
9676,Water freezes at 0°C.,FACTUAL
9677,A triangle has 3 sides.,NUMERIC
9678,The Olympics were held in Tokyo in 2021.,TEMPORAL
9679,The Earth is 149.6 million km from the Sun.,NUMERIC
9680,The Olympics were held in Tokyo in 2021.,TEMPORAL
9681,Mount Everest is the tallest mountain.,FACTUAL
9682,India became independent in 1947.,TEMPORAL
9683,If A>B and B>C then A>C.,LOGICAL
9684,The Olympics were held in Tokyo in 2021.,TEMPORAL
9685,Paris is the capital of France.,FACTUAL
9686,The Olympics were held in Tokyo in 2021.,TEMPORAL
9687,A triangle has 3 sides.,NUMERIC
9688,Paris is the capital of France.,FACTUAL
9689,Python is the best language.,OPINION
9690,AI is the greatest invention.,OPINION
9691,India became independent in 1947.,TEMPORAL
9692,Water freezes at 0°C.,FACTUAL
9693,The Olympics were held in Tokyo in 2021.,TEMPORAL
9694,Paris is the capital of France.,FACTUAL
9695,AI is the greatest invention.,OPINION
9696,AI is the greatest invention.,OPINION
9697,15 + 27 = 42.,NUMERIC
9698,The Olympics were held in Tokyo in 2021.,TEMPORAL
9699,Python is the best language.,OPINION
9700,Mount Everest is the tallest mountain.,FACTUAL
9701,Python is the best language.,OPINION
9702,This movie is fantastic.,OPINION
9703,Python is the best language.,OPINION
9704,India became independent in 1947.,TEMPORAL
9705,All mammals are animals.,LOGICAL
9706,The Olympics were held in Tokyo in 2021.,TEMPORAL
9707,Mount Everest is the tallest mountain.,FACTUAL
9708,The Olympics were held in Tokyo in 2021.,TEMPORAL
9709,Paris is the capital of France.,FACTUAL
9710,Paris is the capital of France.,FACTUAL
9711,AI is the greatest invention.,OPINION
9712,Water freezes at 0°C.,FACTUAL
9713,Water freezes at 0°C.,FACTUAL
9714,The Olympics were held in Tokyo in 2021.,TEMPORAL
9715,AI is the greatest invention.,OPINION
9716,India became independent in 1947.,TEMPORAL
9717,Python is the best language.,OPINION
9718,15 + 27 = 42.,NUMERIC
9719,India became independent in 1947.,TEMPORAL
9720,A triangle has 3 sides.,NUMERIC
9721,Python is the best language.,OPINION
9722,Mount Everest is the tallest mountain.,FACTUAL
9723,Water freezes at 0°C.,FACTUAL
9724,A triangle has 3 sides.,NUMERIC
9725,15 + 27 = 42.,NUMERIC
9726,AI is the greatest invention.,OPINION
9727,All mammals are animals.,LOGICAL
9728,This movie is fantastic.,OPINION
9729,Python is the best language.,OPINION
9730,The Earth is 149.6 million km from the Sun.,NUMERIC
9731,AI is the greatest invention.,OPINION
9732,Water freezes at 0°C.,FACTUAL
9733,A triangle has 3 sides.,NUMERIC
9734,All mammals are animals.,LOGICAL
9735,This movie is fantastic.,OPINION
9736,India became independent in 1947.,TEMPORAL
9737,Every square is a rectangle.,LOGICAL
9738,Every square is a rectangle.,LOGICAL
9739,The Olympics were held in Tokyo in 2021.,TEMPORAL
9740,A triangle has 3 sides.,NUMERIC
9741,Mount Everest is the tallest mountain.,FACTUAL
9742,If A>B and B>C then A>C.,LOGICAL
9743,This movie is fantastic.,OPINION
9744,Paris is the capital of France.,FACTUAL
9745,Every square is a rectangle.,LOGICAL
9746,A triangle has 3 sides.,NUMERIC
9747,The company was founded in 2010.,TEMPORAL
9748,A triangle has 3 sides.,NUMERIC
9749,A triangle has 3 sides.,NUMERIC
9750,AI is the greatest invention.,OPINION
9751,15 + 27 = 42.,NUMERIC
9752,Paris is the capital of France.,FACTUAL
9753,A triangle has 3 sides.,NUMERIC
9754,Mount Everest is the tallest mountain.,FACTUAL
9755,Mount Everest is the tallest mountain.,FACTUAL
9756,All mammals are animals.,LOGICAL
9757,The Earth is 149.6 million km from the Sun.,NUMERIC
9758,Mount Everest is the tallest mountain.,FACTUAL
9759,Mount Everest is the tallest mountain.,FACTUAL
9760,A triangle has 3 sides.,NUMERIC
9761,Mount Everest is the tallest mountain.,FACTUAL
9762,Water freezes at 0°C.,FACTUAL
9763,Water freezes at 0°C.,FACTUAL
9764,The Earth is 149.6 million km from the Sun.,NUMERIC
9765,15 + 27 = 42.,NUMERIC
9766,Water freezes at 0°C.,FACTUAL
9767,The Olympics were held in Tokyo in 2021.,TEMPORAL
9768,Every square is a rectangle.,LOGICAL
9769,Python is the best language.,OPINION
9770,The Olympics were held in Tokyo in 2021.,TEMPORAL
9771,A triangle has 3 sides.,NUMERIC
9772,15 + 27 = 42.,NUMERIC
9773,If A>B and B>C then A>C.,LOGICAL
9774,A triangle has 3 sides.,NUMERIC
9775,The Earth is 149.6 million km from the Sun.,NUMERIC
9776,If A>B and B>C then A>C.,LOGICAL
9777,All mammals are animals.,LOGICAL
9778,India became independent in 1947.,TEMPORAL
9779,If A>B and B>C then A>C.,LOGICAL
9780,15 + 27 = 42.,NUMERIC
9781,Mount Everest is the tallest mountain.,FACTUAL
9782,Every square is a rectangle.,LOGICAL
9783,India became independent in 1947.,TEMPORAL
9784,All mammals are animals.,LOGICAL
9785,India became independent in 1947.,TEMPORAL
9786,The Olympics were held in Tokyo in 2021.,TEMPORAL
9787,The Earth is 149.6 million km from the Sun.,NUMERIC
9788,Water freezes at 0°C.,FACTUAL
9789,AI is the greatest invention.,OPINION
9790,This movie is fantastic.,OPINION
9791,The Olympics were held in Tokyo in 2021.,TEMPORAL
9792,The Earth is 149.6 million km from the Sun.,NUMERIC
9793,A triangle has 3 sides.,NUMERIC
9794,The Olympics were held in Tokyo in 2021.,TEMPORAL
9795,If A>B and B>C then A>C.,LOGICAL
9796,The Earth is 149.6 million km from the Sun.,NUMERIC
9797,The Earth is 149.6 million km from the Sun.,NUMERIC
9798,15 + 27 = 42.,NUMERIC
9799,A triangle has 3 sides.,NUMERIC
9800,If A>B and B>C then A>C.,LOGICAL
9801,A triangle has 3 sides.,NUMERIC
9802,Python is the best language.,OPINION
9803,15 + 27 = 42.,NUMERIC
9804,The company was founded in 2010.,TEMPORAL
9805,The company was founded in 2010.,TEMPORAL
9806,The company was founded in 2010.,TEMPORAL
9807,Water freezes at 0°C.,FACTUAL
9808,This movie is fantastic.,OPINION
9809,All mammals are animals.,LOGICAL
9810,Mount Everest is the tallest mountain.,FACTUAL
9811,Paris is the capital of France.,FACTUAL
9812,The Olympics were held in Tokyo in 2021.,TEMPORAL
9813,A triangle has 3 sides.,NUMERIC
9814,Python is the best language.,OPINION
9815,Python is the best language.,OPINION
9816,A triangle has 3 sides.,NUMERIC
9817,Every square is a rectangle.,LOGICAL
9818,Paris is the capital of France.,FACTUAL
9819,Water freezes at 0°C.,FACTUAL
9820,This movie is fantastic.,OPINION
9821,This movie is fantastic.,OPINION
9822,Water freezes at 0°C.,FACTUAL
9823,15 + 27 = 42.,NUMERIC
9824,Mount Everest is the tallest mountain.,FACTUAL
9825,The company was founded in 2010.,TEMPORAL
9826,If A>B and B>C then A>C.,LOGICAL
9827,The company was founded in 2010.,TEMPORAL
9828,A triangle has 3 sides.,NUMERIC
9829,Every square is a rectangle.,LOGICAL
9830,Python is the best language.,OPINION
9831,This movie is fantastic.,OPINION
9832,Water freezes at 0°C.,FACTUAL
9833,Every square is a rectangle.,LOGICAL
9834,15 + 27 = 42.,NUMERIC
9835,India became independent in 1947.,TEMPORAL
9836,The Olympics were held in Tokyo in 2021.,TEMPORAL
9837,All mammals are animals.,LOGICAL
9838,This movie is fantastic.,OPINION
9839,All mammals are animals.,LOGICAL
9840,Every square is a rectangle.,LOGICAL
9841,Mount Everest is the tallest mountain.,FACTUAL
9842,Paris is the capital of France.,FACTUAL
9843,AI is the greatest invention.,OPINION
9844,The Earth is 149.6 million km from the Sun.,NUMERIC
9845,Paris is the capital of France.,FACTUAL
9846,If A>B and B>C then A>C.,LOGICAL
9847,Python is the best language.,OPINION
9848,Paris is the capital of France.,FACTUAL
9849,This movie is fantastic.,OPINION
9850,15 + 27 = 42.,NUMERIC
9851,15 + 27 = 42.,NUMERIC
9852,India became independent in 1947.,TEMPORAL
9853,Water freezes at 0°C.,FACTUAL
9854,Mount Everest is the tallest mountain.,FACTUAL
9855,All mammals are animals.,LOGICAL
9856,The company was founded in 2010.,TEMPORAL
9857,This movie is fantastic.,OPINION
9858,15 + 27 = 42.,NUMERIC
9859,India became independent in 1947.,TEMPORAL
9860,AI is the greatest invention.,OPINION
9861,Water freezes at 0°C.,FACTUAL
9862,Python is the best language.,OPINION
9863,15 + 27 = 42.,NUMERIC
9864,Every square is a rectangle.,LOGICAL
9865,The company was founded in 2010.,TEMPORAL
9866,A triangle has 3 sides.,NUMERIC
9867,Water freezes at 0°C.,FACTUAL
9868,The Earth is 149.6 million km from the Sun.,NUMERIC
9869,India became independent in 1947.,TEMPORAL
9870,Mount Everest is the tallest mountain.,FACTUAL
9871,AI is the greatest invention.,OPINION
9872,This movie is fantastic.,OPINION
9873,Water freezes at 0°C.,FACTUAL
9874,The Olympics were held in Tokyo in 2021.,TEMPORAL
9875,Every square is a rectangle.,LOGICAL
9876,15 + 27 = 42.,NUMERIC
9877,Mount Everest is the tallest mountain.,FACTUAL
9878,AI is the greatest invention.,OPINION
9879,India became independent in 1947.,TEMPORAL
9880,15 + 27 = 42.,NUMERIC
9881,A triangle has 3 sides.,NUMERIC
9882,Mount Everest is the tallest mountain.,FACTUAL
9883,15 + 27 = 42.,NUMERIC
9884,15 + 27 = 42.,NUMERIC
9885,The Earth is 149.6 million km from the Sun.,NUMERIC
9886,All mammals are animals.,LOGICAL
9887,All mammals are animals.,LOGICAL
9888,AI is the greatest invention.,OPINION
9889,Paris is the capital of France.,FACTUAL
9890,The Earth is 149.6 million km from the Sun.,NUMERIC
9891,The company was founded in 2010.,TEMPORAL
9892,All mammals are animals.,LOGICAL
9893,Paris is the capital of France.,FACTUAL
9894,If A>B and B>C then A>C.,LOGICAL
9895,Paris is the capital of France.,FACTUAL
9896,India became independent in 1947.,TEMPORAL
9897,AI is the greatest invention.,OPINION
9898,All mammals are animals.,LOGICAL
9899,Paris is the capital of France.,FACTUAL
9900,15 + 27 = 42.,NUMERIC
9901,The Earth is 149.6 million km from the Sun.,NUMERIC
9902,Water freezes at 0°C.,FACTUAL
9903,A triangle has 3 sides.,NUMERIC
9904,The Earth is 149.6 million km from the Sun.,NUMERIC
9905,Python is the best language.,OPINION
9906,Python is the best language.,OPINION
9907,Python is the best language.,OPINION
9908,This movie is fantastic.,OPINION
9909,All mammals are animals.,LOGICAL
9910,Python is the best language.,OPINION
9911,AI is the greatest invention.,OPINION
9912,If A>B and B>C then A>C.,LOGICAL
9913,A triangle has 3 sides.,NUMERIC
9914,If A>B and B>C then A>C.,LOGICAL
9915,The Olympics were held in Tokyo in 2021.,TEMPORAL
9916,AI is the greatest invention.,OPINION
9917,Paris is the capital of France.,FACTUAL
9918,If A>B and B>C then A>C.,LOGICAL
9919,Every square is a rectangle.,LOGICAL
9920,All mammals are animals.,LOGICAL
9921,AI is the greatest invention.,OPINION
9922,15 + 27 = 42.,NUMERIC
9923,A triangle has 3 sides.,NUMERIC
9924,AI is the greatest invention.,OPINION
9925,This movie is fantastic.,OPINION
9926,Every square is a rectangle.,LOGICAL
9927,Python is the best language.,OPINION
9928,15 + 27 = 42.,NUMERIC
9929,AI is the greatest invention.,OPINION
9930,AI is the greatest invention.,OPINION
9931,15 + 27 = 42.,NUMERIC
9932,Mount Everest is the tallest mountain.,FACTUAL
9933,Python is the best language.,OPINION
9934,Paris is the capital of France.,FACTUAL
9935,Python is the best language.,OPINION
9936,Water freezes at 0°C.,FACTUAL
9937,Python is the best language.,OPINION
9938,Water freezes at 0°C.,FACTUAL
9939,The Olympics were held in Tokyo in 2021.,TEMPORAL
9940,AI is the greatest invention.,OPINION
9941,15 + 27 = 42.,NUMERIC
9942,If A>B and B>C then A>C.,LOGICAL
9943,15 + 27 = 42.,NUMERIC
9944,A triangle has 3 sides.,NUMERIC
9945,Mount Everest is the tallest mountain.,FACTUAL
9946,A triangle has 3 sides.,NUMERIC
9947,All mammals are animals.,LOGICAL
9948,Every square is a rectangle.,LOGICAL
9949,AI is the greatest invention.,OPINION
9950,The Olympics were held in Tokyo in 2021.,TEMPORAL
9951,A triangle has 3 sides.,NUMERIC
9952,The Olympics were held in Tokyo in 2021.,TEMPORAL
9953,Paris is the capital of France.,FACTUAL
9954,Paris is the capital of France.,FACTUAL
9955,Mount Everest is the tallest mountain.,FACTUAL
9956,Paris is the capital of France.,FACTUAL
9957,India became independent in 1947.,TEMPORAL
9958,AI is the greatest invention.,OPINION
9959,Mount Everest is the tallest mountain.,FACTUAL
9960,The Earth is 149.6 million km from the Sun.,NUMERIC
9961,Water freezes at 0°C.,FACTUAL
9962,Python is the best language.,OPINION
9963,India became independent in 1947.,TEMPORAL
9964,AI is the greatest invention.,OPINION
9965,The Earth is 149.6 million km from the Sun.,NUMERIC
9966,The Olympics were held in Tokyo in 2021.,TEMPORAL
9967,Mount Everest is the tallest mountain.,FACTUAL
9968,The Olympics were held in Tokyo in 2021.,TEMPORAL
9969,India became independent in 1947.,TEMPORAL
9970,Mount Everest is the tallest mountain.,FACTUAL
9971,A triangle has 3 sides.,NUMERIC
9972,Python is the best language.,OPINION
9973,If A>B and B>C then A>C.,LOGICAL
9974,Every square is a rectangle.,LOGICAL
9975,Paris is the capital of France.,FACTUAL
9976,The Earth is 149.6 million km from the Sun.,NUMERIC
9977,Python is the best language.,OPINION
9978,Water freezes at 0°C.,FACTUAL
9979,If A>B and B>C then A>C.,LOGICAL
9980,Mount Everest is the tallest mountain.,FACTUAL
9981,If A>B and B>C then A>C.,LOGICAL
9982,Paris is the capital of France.,FACTUAL
9983,AI is the greatest invention.,OPINION
9984,Mount Everest is the tallest mountain.,FACTUAL
9985,India became independent in 1947.,TEMPORAL
9986,If A>B and B>C then A>C.,LOGICAL
9987,India became independent in 1947.,TEMPORAL
9988,The company was founded in 2010.,TEMPORAL
9989,This movie is fantastic.,OPINION
9990,AI is the greatest invention.,OPINION
9991,If A>B and B>C then A>C.,LOGICAL
9992,AI is the greatest invention.,OPINION
9993,The Earth is 149.6 million km from the Sun.,NUMERIC
9994,The Earth is 149.6 million km from the Sun.,NUMERIC
9995,AI is the greatest invention.,OPINION
9996,The Olympics were held in Tokyo in 2021.,TEMPORAL
9997,Water freezes at 0°C.,FACTUAL
9998,India became independent in 1947.,TEMPORAL
9999,This movie is fantastic.,OPINION
10000,Mount Everest is the tallest mountain.,FACTUAL
