id,conversation_id,parent_claim,child_claim,dependency_type
1,753,Claim_4000,Claim_8079,contradicts
2,58,Claim_4403,Claim_9884,requires
3,470,Claim_4752,Claim_7973,extends
4,385,Claim_567,Claim_7254,supports
5,566,Claim_1551,Claim_5003,requires
6,41,Claim_4895,Claim_5441,requires
7,252,Claim_1946,Claim_8087,supports
8,132,Claim_3975,Claim_6538,supports
9,739,Claim_2740,Claim_8466,requires
10,860,Claim_1343,Claim_8453,supports
11,502,Claim_1621,Claim_8518,extends
12,602,Claim_1193,Claim_7388,contradicts
13,832,Claim_4901,Claim_9467,requires
14,725,Claim_3691,Claim_8727,extends
15,557,Claim_1494,Claim_7464,extends
16,970,Claim_4117,Claim_6280,supports
17,287,Claim_3541,Claim_6362,extends
18,170,Claim_1525,Claim_6316,extends
19,202,Claim_4277,Claim_5678,extends
20,513,Claim_2666,Claim_6447,extends
21,223,Claim_2768,Claim_9927,supports
22,395,Claim_1185,Claim_8976,supports
23,790,Claim_4759,Claim_7387,supports
24,899,Claim_786,Claim_7277,contradicts
25,77,Claim_1408,Claim_7552,contradicts
26,947,Claim_1315,Claim_6520,extends
27,258,Claim_3029,Claim_8178,requires
28,692,Claim_216,Claim_9280,extends
29,590,Claim_1858,Claim_7855,supports
30,287,Claim_3400,Claim_6281,extends
31,202,Claim_3761,Claim_7281,supports
32,361,Claim_1612,Claim_7802,extends
33,213,Claim_4279,Claim_8661,contradicts
34,807,Claim_653,Claim_9993,supports
35,349,Claim_1985,Claim_5265,contradicts
36,349,Claim_4599,Claim_8951,contradicts
37,585,Claim_2831,Claim_5485,extends
38,354,Claim_3908,Claim_6058,extends
39,187,Claim_1566,Claim_5115,supports
40,494,Claim_37,Claim_9584,requires
41,895,Claim_574,Claim_9568,requires
42,618,Claim_2487,Claim_9121,contradicts
43,404,Claim_3739,Claim_7336,requires
44,737,Claim_2868,Claim_6378,supports
45,276,Claim_4487,Claim_7045,contradicts
46,978,Claim_3120,Claim_7975,supports
47,570,Claim_3122,Claim_9681,extends
48,681,Claim_1142,Claim_8753,supports
49,765,Claim_1415,Claim_7728,extends
50,694,Claim_3023,Claim_7165,supports
51,816,Claim_906,Claim_5509,contradicts
52,364,Claim_3363,Claim_6458,contradicts
53,74,Claim_1171,Claim_8464,requires
54,457,Claim_3448,Claim_9157,supports
55,805,Claim_4667,Claim_7174,supports
56,757,Claim_2565,Claim_9657,requires
57,310,Claim_3964,Claim_5291,extends
58,206,Claim_3476,Claim_7185,extends
59,862,Claim_2368,Claim_7662,extends
60,733,Claim_1277,Claim_5193,requires
61,328,Claim_2218,Claim_6843,extends
62,418,Claim_551,Claim_7417,extends
63,306,Claim_481,Claim_6702,requires
64,73,Claim_2829,Claim_6224,contradicts
65,195,Claim_982,Claim_5353,supports
66,344,Claim_3370,Claim_9371,extends
67,667,Claim_248,Claim_7992,extends
68,745,Claim_640,Claim_6527,extends
69,373,Claim_1339,Claim_8292,contradicts
70,601,Claim_3640,Claim_7308,requires
71,563,Claim_3798,Claim_5506,requires
72,449,Claim_3124,Claim_7380,contradicts
73,168,Claim_4148,Claim_8389,extends
74,38,Claim_3824,Claim_5246,requires
75,537,Claim_650,Claim_5326,supports
76,751,Claim_301,Claim_5895,extends
77,302,Claim_2376,Claim_9291,supports
78,381,Claim_3210,Claim_9965,contradicts
79,966,Claim_1056,Claim_5859,supports
80,757,Claim_4172,Claim_8952,contradicts
81,734,Claim_4804,Claim_5162,supports
82,287,Claim_2099,Claim_9786,supports
83,847,Claim_448,Claim_5506,requires
84,174,Claim_1576,Claim_5585,contradicts
85,940,Claim_4670,Claim_6418,supports
86,291,Claim_4657,Claim_9923,extends
87,17,Claim_3394,Claim_7369,supports
88,910,Claim_2171,Claim_5702,extends
89,76,Claim_484,Claim_8756,supports
90,688,Claim_2249,Claim_6696,supports
91,30,Claim_2851,Claim_8035,supports
92,223,Claim_723,Claim_7986,requires
93,563,Claim_2593,Claim_5319,requires
94,426,Claim_127,Claim_8528,requires
95,990,Claim_2931,Claim_5949,contradicts
96,119,Claim_2170,Claim_9280,extends
97,354,Claim_590,Claim_7721,requires
98,22,Claim_4644,Claim_7877,supports
99,273,Claim_1078,Claim_8751,requires
100,53,Claim_1279,Claim_5533,contradicts
101,798,Claim_1887,Claim_9423,requires
102,118,Claim_858,Claim_7744,supports
103,121,Claim_650,Claim_8559,extends
104,886,Claim_3858,Claim_5789,contradicts
105,213,Claim_3030,Claim_6580,contradicts
106,115,Claim_293,Claim_8219,supports
107,663,Claim_3456,Claim_7668,supports
108,647,Claim_2087,Claim_9088,extends
109,970,Claim_2602,Claim_7849,extends
110,125,Claim_296,Claim_9070,extends
111,512,Claim_610,Claim_6532,extends
112,8,Claim_3594,Claim_6189,contradicts
113,752,Claim_261,Claim_9471,contradicts
114,329,Claim_1449,Claim_7463,supports
115,562,Claim_4240,Claim_8580,supports
116,758,Claim_4995,Claim_8511,extends
117,326,Claim_1887,Claim_6924,requires
118,40,Claim_813,Claim_5123,extends
119,801,Claim_610,Claim_9840,supports
120,967,Claim_2203,Claim_5483,supports
121,831,Claim_4875,Claim_9138,supports
122,169,Claim_3701,Claim_5907,extends
123,678,Claim_1514,Claim_9230,requires
124,879,Claim_2506,Claim_5630,contradicts
125,728,Claim_4843,Claim_7105,extends
126,820,Claim_2916,Claim_7169,extends
127,306,Claim_2710,Claim_5361,extends
128,415,Claim_3493,Claim_7135,extends
129,491,Claim_1990,Claim_9363,requires
130,641,Claim_4877,Claim_8226,requires
131,916,Claim_2282,Claim_9495,supports
132,900,Claim_681,Claim_5308,contradicts
133,72,Claim_1402,Claim_9633,extends
134,716,Claim_3837,Claim_6216,contradicts
135,194,Claim_158,Claim_8491,requires
136,483,Claim_4078,Claim_9233,extends
137,680,Claim_3158,Claim_8732,requires
138,520,Claim_546,Claim_5095,requires
139,4,Claim_4184,Claim_6104,contradicts
140,984,Claim_441,Claim_9124,extends
141,649,Claim_2937,Claim_5682,extends
142,196,Claim_796,Claim_7912,requires
143,591,Claim_1462,Claim_5449,extends
144,688,Claim_2040,Claim_8542,requires
145,86,Claim_3174,Claim_6344,supports
146,85,Claim_3656,Claim_6238,contradicts
147,752,Claim_960,Claim_6151,requires
148,660,Claim_3287,Claim_5475,requires
149,974,Claim_4805,Claim_8468,supports
150,90,Claim_164,Claim_9544,contradicts
151,2,Claim_1961,Claim_5221,extends
152,675,Claim_3912,Claim_8204,requires
153,222,Claim_3376,Claim_5170,requires
154,235,Claim_1694,Claim_6791,contradicts
155,46,Claim_3205,Claim_8204,requires
156,659,Claim_4041,Claim_8508,supports
157,812,Claim_2789,Claim_7902,supports
158,539,Claim_218,Claim_5303,contradicts
159,852,Claim_399,Claim_9985,supports
160,562,Claim_1787,Claim_5353,requires
161,641,Claim_1531,Claim_7955,supports
162,709,Claim_4838,Claim_9138,supports
163,360,Claim_3038,Claim_8532,contradicts
164,320,Claim_638,Claim_9793,contradicts
165,794,Claim_554,Claim_6039,contradicts
166,217,Claim_3423,Claim_5540,requires
167,50,Claim_3046,Claim_5106,extends
168,611,Claim_4788,Claim_9998,supports
169,451,Claim_3269,Claim_5756,supports
170,781,Claim_4135,Claim_5898,contradicts
171,626,Claim_4396,Claim_6725,requires
172,506,Claim_4276,Claim_7159,supports
173,243,Claim_1098,Claim_5768,requires
174,454,Claim_2287,Claim_9617,supports
175,998,Claim_975,Claim_8918,requires
176,450,Claim_2727,Claim_8043,supports
177,993,Claim_333,Claim_7287,extends
178,846,Claim_4045,Claim_7778,extends
179,756,Claim_862,Claim_7724,requires
180,363,Claim_1084,Claim_6453,contradicts
181,54,Claim_4411,Claim_7030,requires
182,37,Claim_1621,Claim_9778,supports
183,219,Claim_3478,Claim_9061,contradicts
184,569,Claim_3518,Claim_8622,contradicts
185,904,Claim_3242,Claim_8867,contradicts
186,874,Claim_1667,Claim_7663,supports
187,910,Claim_2585,Claim_7035,contradicts
188,678,Claim_4046,Claim_7331,extends
189,613,Claim_1120,Claim_9068,supports
190,531,Claim_858,Claim_6400,supports
191,470,Claim_4471,Claim_5367,supports
192,213,Claim_4036,Claim_9422,supports
193,877,Claim_18,Claim_5948,supports
194,256,Claim_1174,Claim_5046,extends
195,868,Claim_1961,Claim_7107,supports
196,833,Claim_3318,Claim_5079,supports
197,591,Claim_3802,Claim_7847,requires
198,722,Claim_4262,Claim_9381,contradicts
199,117,Claim_3282,Claim_8266,supports
200,577,Claim_152,Claim_9086,requires
201,267,Claim_2560,Claim_7178,supports
202,288,Claim_1830,Claim_9834,contradicts
203,763,Claim_3266,Claim_5614,requires
204,982,Claim_1158,Claim_6026,extends
205,478,Claim_3637,Claim_6084,requires
206,108,Claim_153,Claim_7790,contradicts
207,800,Claim_309,Claim_6388,requires
208,20,Claim_1476,Claim_9287,contradicts
209,872,Claim_3378,Claim_7914,contradicts
210,599,Claim_1165,Claim_5746,contradicts
211,393,Claim_4432,Claim_9155,requires
212,925,Claim_2050,Claim_9720,extends
213,871,Claim_1573,Claim_9793,requires
214,282,Claim_2886,Claim_6559,supports
215,546,Claim_350,Claim_6444,extends
216,555,Claim_2409,Claim_9559,requires
217,421,Claim_691,Claim_7489,contradicts
218,262,Claim_1834,Claim_6840,requires
219,926,Claim_1900,Claim_8095,supports
220,636,Claim_508,Claim_9196,contradicts
221,449,Claim_2781,Claim_6825,requires
222,618,Claim_2507,Claim_8628,requires
223,772,Claim_1771,Claim_5858,extends
224,670,Claim_2089,Claim_6473,supports
225,14,Claim_1299,Claim_7339,extends
226,658,Claim_3992,Claim_9401,contradicts
227,161,Claim_1661,Claim_7420,requires
228,742,Claim_643,Claim_7600,supports
229,809,Claim_1308,Claim_5913,requires
230,504,Claim_3304,Claim_5038,requires
231,46,Claim_727,Claim_5162,requires
232,969,Claim_3500,Claim_7600,requires
233,515,Claim_1312,Claim_7544,extends
234,753,Claim_3028,Claim_8454,contradicts
235,566,Claim_1072,Claim_9724,extends
236,571,Claim_2701,Claim_7053,supports
237,644,Claim_2463,Claim_7414,contradicts
238,19,Claim_1906,Claim_9705,requires
239,199,Claim_4318,Claim_6627,contradicts
240,387,Claim_3196,Claim_9938,supports
241,536,Claim_982,Claim_7110,contradicts
242,622,Claim_4351,Claim_8206,supports
243,141,Claim_4957,Claim_8314,contradicts
244,231,Claim_1502,Claim_9554,extends
245,887,Claim_629,Claim_7823,extends
246,23,Claim_3928,Claim_5137,requires
247,914,Claim_4923,Claim_5856,supports
248,816,Claim_2388,Claim_9317,requires
249,529,Claim_3481,Claim_5188,supports
250,368,Claim_509,Claim_9224,extends
251,934,Claim_1956,Claim_7271,contradicts
252,73,Claim_1470,Claim_9966,extends
253,618,Claim_2061,Claim_7844,contradicts
254,772,Claim_713,Claim_9162,extends
255,205,Claim_4065,Claim_9589,supports
256,312,Claim_4026,Claim_7520,extends
257,905,Claim_2868,Claim_5194,requires
258,823,Claim_2528,Claim_6822,extends
259,47,Claim_1639,Claim_9873,contradicts
260,846,Claim_488,Claim_5455,requires
261,521,Claim_3505,Claim_8664,requires
262,888,Claim_2728,Claim_7737,supports
263,36,Claim_2629,Claim_6558,contradicts
264,496,Claim_3144,Claim_5489,extends
265,402,Claim_3706,Claim_6712,extends
266,399,Claim_557,Claim_7205,extends
267,996,Claim_2075,Claim_8865,contradicts
268,87,Claim_2919,Claim_5764,requires
269,753,Claim_1835,Claim_6228,contradicts
270,448,Claim_3406,Claim_5528,contradicts
271,521,Claim_1281,Claim_7167,extends
272,427,Claim_2472,Claim_9471,contradicts
273,77,Claim_3635,Claim_9322,extends
274,713,Claim_3684,Claim_7963,requires
275,486,Claim_1663,Claim_5493,requires
276,70,Claim_2134,Claim_8204,supports
277,82,Claim_4036,Claim_7089,supports
278,610,Claim_3096,Claim_7512,supports
279,920,Claim_494,Claim_5504,extends
280,336,Claim_3378,Claim_9185,extends
281,927,Claim_2704,Claim_9920,requires
282,849,Claim_1036,Claim_8655,extends
283,641,Claim_4562,Claim_8882,requires
284,491,Claim_3133,Claim_7691,contradicts
285,1,Claim_1099,Claim_6839,contradicts
286,962,Claim_3860,Claim_5995,contradicts
287,353,Claim_938,Claim_6584,requires
288,280,Claim_54,Claim_6047,extends
289,429,Claim_2917,Claim_8536,contradicts
290,186,Claim_4671,Claim_6825,requires
291,491,Claim_2966,Claim_8183,extends
292,466,Claim_3030,Claim_7063,contradicts
293,691,Claim_2118,Claim_5114,extends
294,798,Claim_2499,Claim_9786,extends
295,620,Claim_3678,Claim_7960,contradicts
296,338,Claim_1941,Claim_8272,contradicts
297,644,Claim_1389,Claim_6485,supports
298,877,Claim_4739,Claim_7147,requires
299,35,Claim_2718,Claim_7106,contradicts
300,507,Claim_3259,Claim_7934,extends
301,625,Claim_92,Claim_5558,requires
302,395,Claim_4970,Claim_6347,requires
303,64,Claim_2233,Claim_6967,contradicts
304,927,Claim_1203,Claim_9256,requires
305,65,Claim_2894,Claim_9242,extends
306,278,Claim_2184,Claim_6841,supports
307,135,Claim_4776,Claim_8819,extends
308,563,Claim_2605,Claim_7546,contradicts
309,894,Claim_1448,Claim_7297,supports
310,160,Claim_2127,Claim_9388,supports
311,309,Claim_3476,Claim_9224,requires
312,720,Claim_4571,Claim_5384,requires
313,411,Claim_1634,Claim_7089,extends
314,500,Claim_1357,Claim_7518,requires
315,825,Claim_3813,Claim_5849,supports
316,360,Claim_3649,Claim_9505,requires
317,199,Claim_3936,Claim_9400,supports
318,350,Claim_3332,Claim_6005,requires
319,161,Claim_533,Claim_9005,extends
320,388,Claim_3881,Claim_5703,extends
321,760,Claim_4322,Claim_9058,extends
322,65,Claim_2391,Claim_5165,extends
323,928,Claim_618,Claim_9663,supports
324,408,Claim_3483,Claim_8403,supports
325,435,Claim_1390,Claim_7546,requires
326,633,Claim_4470,Claim_9283,requires
327,492,Claim_3222,Claim_6412,supports
328,515,Claim_1136,Claim_6476,contradicts
329,476,Claim_4666,Claim_6486,extends
330,264,Claim_4048,Claim_8317,requires
331,451,Claim_348,Claim_8735,supports
332,402,Claim_3631,Claim_5754,contradicts
333,532,Claim_4676,Claim_7944,requires
334,625,Claim_1155,Claim_7736,requires
335,550,Claim_3036,Claim_6414,extends
336,980,Claim_2585,Claim_6240,supports
337,27,Claim_1550,Claim_7395,supports
338,229,Claim_3617,Claim_6960,contradicts
339,350,Claim_2207,Claim_6054,contradicts
340,490,Claim_786,Claim_5537,contradicts
341,897,Claim_2578,Claim_9243,extends
342,879,Claim_1481,Claim_5543,supports
343,847,Claim_4635,Claim_7730,supports
344,456,Claim_755,Claim_9946,supports
345,462,Claim_214,Claim_8562,requires
346,484,Claim_3502,Claim_9963,extends
347,847,Claim_959,Claim_6717,supports
348,813,Claim_3205,Claim_7440,contradicts
349,250,Claim_4535,Claim_6610,extends
350,410,Claim_2425,Claim_6322,contradicts
351,331,Claim_67,Claim_6827,contradicts
352,251,Claim_1992,Claim_6433,supports
353,34,Claim_822,Claim_6315,contradicts
354,971,Claim_2457,Claim_8306,requires
355,336,Claim_4881,Claim_5566,contradicts
356,594,Claim_4824,Claim_9959,contradicts
357,870,Claim_4677,Claim_8679,requires
358,44,Claim_1905,Claim_5781,requires
359,2,Claim_2953,Claim_8512,extends
360,379,Claim_4521,Claim_6608,extends
361,43,Claim_549,Claim_7178,extends
362,338,Claim_2512,Claim_8039,requires
363,824,Claim_1581,Claim_8245,requires
364,631,Claim_4181,Claim_9224,extends
365,448,Claim_4101,Claim_8552,extends
366,430,Claim_2461,Claim_7556,contradicts
367,920,Claim_4748,Claim_9160,supports
368,32,Claim_3308,Claim_6590,extends
369,803,Claim_3380,Claim_8674,extends
370,579,Claim_1144,Claim_5223,requires
371,841,Claim_189,Claim_7251,extends
372,889,Claim_4756,Claim_7413,extends
373,631,Claim_4996,Claim_6149,supports
374,92,Claim_1433,Claim_7182,requires
375,269,Claim_1741,Claim_7796,supports
376,442,Claim_4933,Claim_8960,extends
377,62,Claim_4718,Claim_9744,extends
378,515,Claim_3934,Claim_6101,supports
379,97,Claim_1134,Claim_5152,extends
380,524,Claim_1238,Claim_9851,extends
381,602,Claim_4881,Claim_5336,supports
382,378,Claim_22,Claim_8011,contradicts
383,963,Claim_2442,Claim_9015,requires
384,81,Claim_3561,Claim_9578,supports
385,741,Claim_3181,Claim_9202,supports
386,973,Claim_1946,Claim_5313,contradicts
387,745,Claim_253,Claim_5051,contradicts
388,699,Claim_2213,Claim_8441,supports
389,82,Claim_1644,Claim_5971,contradicts
390,217,Claim_1969,Claim_8411,supports
391,938,Claim_2931,Claim_9044,contradicts
392,201,Claim_1522,Claim_5839,supports
393,123,Claim_2819,Claim_7180,contradicts
394,635,Claim_1066,Claim_9735,supports
395,777,Claim_3883,Claim_9877,supports
396,611,Claim_3105,Claim_5387,supports
397,241,Claim_3108,Claim_7399,supports
398,502,Claim_3411,Claim_7597,extends
399,19,Claim_3020,Claim_9702,contradicts
400,556,Claim_1672,Claim_8260,supports
401,923,Claim_4670,Claim_5224,supports
402,431,Claim_4259,Claim_5112,supports
403,775,Claim_673,Claim_7788,extends
404,760,Claim_3411,Claim_5148,requires
405,299,Claim_1723,Claim_9985,contradicts
406,373,Claim_1603,Claim_7186,requires
407,213,Claim_1034,Claim_5482,supports
408,871,Claim_4780,Claim_8392,supports
409,969,Claim_955,Claim_8045,extends
410,343,Claim_1651,Claim_5238,contradicts
411,226,Claim_1467,Claim_7818,requires
412,763,Claim_1416,Claim_7526,supports
413,885,Claim_2462,Claim_9882,requires
414,45,Claim_2169,Claim_8374,contradicts
415,565,Claim_2708,Claim_7644,contradicts
416,100,Claim_3314,Claim_9671,extends
417,167,Claim_2317,Claim_5259,contradicts
418,914,Claim_3691,Claim_7370,supports
419,83,Claim_4635,Claim_6679,contradicts
420,204,Claim_4644,Claim_5805,supports
421,241,Claim_4204,Claim_9745,supports
422,711,Claim_3248,Claim_8280,requires
423,452,Claim_218,Claim_7952,extends
424,75,Claim_4157,Claim_7722,requires
425,544,Claim_351,Claim_7140,extends
426,621,Claim_2134,Claim_6183,supports
427,34,Claim_4218,Claim_9351,extends
428,335,Claim_4423,Claim_7658,requires
429,527,Claim_1638,Claim_9987,supports
430,197,Claim_3918,Claim_5195,extends
431,464,Claim_3863,Claim_6689,supports
432,158,Claim_424,Claim_8017,requires
433,581,Claim_2506,Claim_9255,contradicts
434,211,Claim_505,Claim_8744,contradicts
435,533,Claim_3759,Claim_9516,supports
436,824,Claim_1548,Claim_7100,supports
437,741,Claim_4854,Claim_7860,supports
438,947,Claim_2243,Claim_5117,contradicts
439,59,Claim_589,Claim_9535,supports
440,249,Claim_3165,Claim_5615,requires
441,900,Claim_275,Claim_5020,supports
442,992,Claim_2263,Claim_9217,contradicts
443,312,Claim_895,Claim_6108,extends
444,682,Claim_2055,Claim_9148,supports
445,9,Claim_4774,Claim_7330,contradicts
446,170,Claim_2608,Claim_7678,extends
447,717,Claim_4688,Claim_8156,extends
448,331,Claim_2959,Claim_8534,supports
449,279,Claim_2204,Claim_5829,extends
450,680,Claim_4621,Claim_9441,requires
451,63,Claim_514,Claim_5480,extends
452,678,Claim_1059,Claim_5993,contradicts
453,150,Claim_4824,Claim_7096,supports
454,509,Claim_3534,Claim_5898,supports
455,99,Claim_2523,Claim_9220,extends
456,162,Claim_2053,Claim_5310,requires
457,768,Claim_2809,Claim_6111,requires
458,833,Claim_626,Claim_6080,supports
459,398,Claim_3383,Claim_9617,contradicts
460,529,Claim_722,Claim_5495,supports
461,79,Claim_527,Claim_6350,extends
462,225,Claim_188,Claim_6005,requires
463,466,Claim_4749,Claim_8126,contradicts
464,378,Claim_3197,Claim_8807,extends
465,192,Claim_1814,Claim_9493,extends
466,398,Claim_4137,Claim_7519,supports
467,301,Claim_1974,Claim_7518,contradicts
468,403,Claim_1392,Claim_6436,supports
469,768,Claim_3987,Claim_7162,supports
470,322,Claim_1637,Claim_9198,supports
471,351,Claim_3009,Claim_5061,contradicts
472,166,Claim_4299,Claim_5563,requires
473,557,Claim_1896,Claim_8255,extends
474,340,Claim_3651,Claim_9030,extends
475,88,Claim_216,Claim_9112,requires
476,190,Claim_3825,Claim_7349,supports
477,977,Claim_413,Claim_8054,supports
478,939,Claim_2866,Claim_8773,supports
479,383,Claim_2782,Claim_7754,supports
480,566,Claim_2556,Claim_9858,contradicts
481,736,Claim_3016,Claim_6372,requires
482,263,Claim_2022,Claim_7601,extends
483,142,Claim_787,Claim_8965,extends
484,132,Claim_4520,Claim_7503,extends
485,271,Claim_4297,Claim_8929,extends
486,581,Claim_4381,Claim_5490,extends
487,24,Claim_1270,Claim_5624,requires
488,177,Claim_3146,Claim_7576,supports
489,670,Claim_1999,Claim_7153,extends
490,34,Claim_2559,Claim_7750,requires
491,529,Claim_912,Claim_7001,supports
492,298,Claim_2973,Claim_8111,extends
493,739,Claim_3055,Claim_6861,supports
494,224,Claim_496,Claim_6135,contradicts
495,871,Claim_536,Claim_6800,supports
496,16,Claim_947,Claim_5927,extends
497,68,Claim_2308,Claim_8476,contradicts
498,853,Claim_2519,Claim_6515,supports
499,289,Claim_2035,Claim_8810,requires
500,515,Claim_228,Claim_8042,contradicts
501,680,Claim_1132,Claim_6091,requires
502,989,Claim_3886,Claim_5193,extends
503,438,Claim_435,Claim_7505,requires
504,410,Claim_3876,Claim_9782,requires
505,713,Claim_1506,Claim_7880,requires
506,688,Claim_4847,Claim_8573,contradicts
507,80,Claim_522,Claim_6735,contradicts
508,16,Claim_3669,Claim_8560,contradicts
509,633,Claim_3116,Claim_8701,extends
510,718,Claim_3664,Claim_8301,extends
511,223,Claim_4627,Claim_8366,supports
512,969,Claim_329,Claim_8629,supports
513,933,Claim_869,Claim_7316,requires
514,322,Claim_391,Claim_7918,extends
515,132,Claim_373,Claim_5780,supports
516,148,Claim_3962,Claim_5068,contradicts
517,146,Claim_1054,Claim_8026,extends
518,242,Claim_1133,Claim_6723,supports
519,828,Claim_2495,Claim_6903,extends
520,115,Claim_3329,Claim_5610,requires
521,416,Claim_3864,Claim_7519,contradicts
522,934,Claim_3386,Claim_9770,requires
523,41,Claim_3996,Claim_5938,supports
524,619,Claim_4318,Claim_9752,contradicts
525,920,Claim_557,Claim_5901,supports
526,379,Claim_4048,Claim_9466,requires
527,132,Claim_1966,Claim_9776,supports
528,936,Claim_1616,Claim_9053,supports
529,330,Claim_3023,Claim_9226,requires
530,11,Claim_1490,Claim_8296,contradicts
531,134,Claim_1723,Claim_8304,extends
532,742,Claim_2477,Claim_7777,contradicts
533,729,Claim_3083,Claim_9758,extends
534,457,Claim_567,Claim_7304,requires
535,663,Claim_4518,Claim_9071,contradicts
536,886,Claim_212,Claim_9253,supports
537,366,Claim_3765,Claim_5537,supports
538,911,Claim_4078,Claim_9331,contradicts
539,648,Claim_2514,Claim_7287,supports
540,62,Claim_1280,Claim_8993,contradicts
541,793,Claim_4170,Claim_9935,contradicts
542,175,Claim_2263,Claim_7514,extends
543,453,Claim_4977,Claim_6679,requires
544,400,Claim_3505,Claim_5428,contradicts
545,317,Claim_4414,Claim_8255,requires
546,120,Claim_980,Claim_9412,supports
547,417,Claim_556,Claim_9310,extends
548,758,Claim_4013,Claim_8609,extends
549,303,Claim_3649,Claim_8799,contradicts
550,603,Claim_3422,Claim_8590,contradicts
551,384,Claim_1028,Claim_8792,extends
552,709,Claim_1986,Claim_5839,supports
553,326,Claim_3403,Claim_9060,contradicts
554,876,Claim_2334,Claim_5991,extends
555,811,Claim_2746,Claim_7272,contradicts
556,352,Claim_3590,Claim_9893,requires
557,653,Claim_245,Claim_8771,supports
558,488,Claim_3621,Claim_5453,contradicts
559,647,Claim_3058,Claim_7764,extends
560,28,Claim_162,Claim_5584,requires
561,201,Claim_851,Claim_7148,supports
562,155,Claim_3857,Claim_6410,contradicts
563,602,Claim_1437,Claim_5889,extends
564,589,Claim_4541,Claim_7928,requires
565,459,Claim_1042,Claim_7117,supports
566,376,Claim_2999,Claim_7802,extends
567,335,Claim_857,Claim_9081,requires
568,296,Claim_4357,Claim_7910,requires
569,329,Claim_1279,Claim_8306,contradicts
570,935,Claim_1276,Claim_7210,extends
571,449,Claim_2522,Claim_6266,extends
572,801,Claim_1261,Claim_5194,extends
573,131,Claim_421,Claim_7255,supports
574,4,Claim_3428,Claim_7397,requires
575,43,Claim_3749,Claim_6327,requires
576,349,Claim_1282,Claim_5506,supports
577,742,Claim_2283,Claim_9207,requires
578,430,Claim_386,Claim_8369,requires
579,974,Claim_1900,Claim_8598,extends
580,383,Claim_275,Claim_5451,extends
581,165,Claim_961,Claim_9694,contradicts
582,400,Claim_1599,Claim_6470,supports
583,384,Claim_9,Claim_8461,contradicts
584,43,Claim_3252,Claim_9656,requires
585,933,Claim_930,Claim_7751,contradicts
586,280,Claim_2878,Claim_6038,extends
587,407,Claim_2049,Claim_9755,contradicts
588,74,Claim_848,Claim_5224,supports
589,814,Claim_1398,Claim_5272,requires
590,504,Claim_3309,Claim_5280,contradicts
591,60,Claim_3375,Claim_6178,extends
592,969,Claim_1528,Claim_5792,contradicts
593,123,Claim_3820,Claim_7581,supports
594,617,Claim_3083,Claim_8873,extends
595,912,Claim_4724,Claim_8341,supports
596,346,Claim_4285,Claim_8526,contradicts
597,240,Claim_661,Claim_7217,extends
598,277,Claim_1460,Claim_6471,supports
599,508,Claim_383,Claim_7350,extends
600,81,Claim_371,Claim_8731,requires
601,173,Claim_1360,Claim_6175,requires
602,260,Claim_4895,Claim_7724,extends
603,752,Claim_3279,Claim_8987,contradicts
604,169,Claim_4430,Claim_8257,supports
605,85,Claim_3983,Claim_8211,requires
606,684,Claim_4341,Claim_8689,extends
607,928,Claim_4118,Claim_9227,supports
608,121,Claim_851,Claim_5523,extends
609,34,Claim_2868,Claim_6411,extends
610,968,Claim_1703,Claim_9339,extends
611,373,Claim_1347,Claim_6212,extends
612,477,Claim_4046,Claim_7748,supports
613,277,Claim_2348,Claim_9295,supports
614,408,Claim_1984,Claim_6533,contradicts
615,286,Claim_4508,Claim_9993,requires
616,563,Claim_2051,Claim_8357,supports
617,286,Claim_899,Claim_6388,requires
618,108,Claim_3245,Claim_8002,contradicts
619,647,Claim_2548,Claim_6064,requires
620,600,Claim_2029,Claim_6609,requires
621,58,Claim_1084,Claim_5990,contradicts
622,687,Claim_3121,Claim_5635,requires
623,628,Claim_286,Claim_7555,requires
624,686,Claim_3114,Claim_5597,supports
625,153,Claim_3501,Claim_8005,contradicts
626,301,Claim_677,Claim_9809,supports
627,776,Claim_2173,Claim_6626,requires
628,477,Claim_272,Claim_6368,requires
629,470,Claim_270,Claim_7705,supports
630,211,Claim_2633,Claim_8388,extends
631,244,Claim_3696,Claim_6531,contradicts
632,407,Claim_2200,Claim_7667,requires
633,10,Claim_2410,Claim_9402,contradicts
634,894,Claim_708,Claim_5697,supports
635,934,Claim_3315,Claim_7624,requires
636,750,Claim_1928,Claim_6442,extends
637,690,Claim_3312,Claim_8975,supports
638,779,Claim_946,Claim_5631,requires
639,521,Claim_2759,Claim_5935,extends
640,356,Claim_4938,Claim_6404,requires
641,183,Claim_4766,Claim_5633,requires
642,612,Claim_2386,Claim_6144,extends
643,134,Claim_4972,Claim_6164,contradicts
644,253,Claim_4476,Claim_7108,supports
645,566,Claim_3630,Claim_7707,requires
646,990,Claim_3198,Claim_5710,requires
647,415,Claim_3067,Claim_8970,extends
648,164,Claim_2117,Claim_7983,extends
649,447,Claim_3547,Claim_5116,requires
650,600,Claim_4585,Claim_6772,extends
651,679,Claim_2316,Claim_5391,extends
652,751,Claim_1594,Claim_8866,extends
653,402,Claim_921,Claim_7881,extends
654,873,Claim_3188,Claim_8397,requires
655,392,Claim_4241,Claim_5194,supports
656,493,Claim_4824,Claim_8025,requires
657,344,Claim_1955,Claim_5417,supports
658,51,Claim_1528,Claim_6173,requires
659,374,Claim_111,Claim_6653,requires
660,675,Claim_130,Claim_7302,requires
661,895,Claim_47,Claim_6273,supports
662,241,Claim_1820,Claim_8708,supports
663,272,Claim_1164,Claim_5914,extends
664,824,Claim_3869,Claim_7365,requires
665,844,Claim_1447,Claim_9087,extends
666,593,Claim_1438,Claim_6179,requires
667,742,Claim_4124,Claim_7281,contradicts
668,267,Claim_1293,Claim_9086,requires
669,760,Claim_1032,Claim_7019,extends
670,963,Claim_3238,Claim_9704,extends
671,145,Claim_2535,Claim_5244,requires
672,179,Claim_4220,Claim_5701,contradicts
673,627,Claim_4116,Claim_5859,requires
674,943,Claim_617,Claim_9106,supports
675,604,Claim_4147,Claim_5253,supports
676,270,Claim_160,Claim_6703,extends
677,404,Claim_1450,Claim_8585,extends
678,276,Claim_2476,Claim_7698,extends
679,191,Claim_3965,Claim_7945,contradicts
680,140,Claim_3193,Claim_9003,extends
681,817,Claim_1097,Claim_8968,extends
682,190,Claim_1210,Claim_5835,contradicts
683,357,Claim_1951,Claim_6197,contradicts
684,52,Claim_790,Claim_8215,extends
685,796,Claim_1523,Claim_9643,requires
686,260,Claim_2962,Claim_5792,supports
687,722,Claim_3233,Claim_7771,supports
688,433,Claim_35,Claim_9479,requires
689,178,Claim_2427,Claim_9857,contradicts
690,900,Claim_871,Claim_6842,extends
691,596,Claim_3484,Claim_8491,supports
692,973,Claim_2794,Claim_8804,contradicts
693,865,Claim_1221,Claim_9711,requires
694,405,Claim_2498,Claim_8924,supports
695,1000,Claim_766,Claim_9195,supports
696,218,Claim_1103,Claim_5032,requires
697,159,Claim_1584,Claim_9697,supports
698,597,Claim_715,Claim_9402,contradicts
699,997,Claim_3274,Claim_7701,contradicts
700,882,Claim_445,Claim_8366,extends
701,444,Claim_4754,Claim_9167,contradicts
702,928,Claim_519,Claim_8099,requires
703,904,Claim_3445,Claim_7955,contradicts
704,635,Claim_4756,Claim_5617,requires
705,845,Claim_3379,Claim_9795,requires
706,416,Claim_504,Claim_6506,extends
707,203,Claim_3099,Claim_7251,contradicts
708,586,Claim_4697,Claim_7847,supports
709,868,Claim_2371,Claim_6921,requires
710,683,Claim_38,Claim_7204,extends
711,909,Claim_2064,Claim_6271,contradicts
712,622,Claim_849,Claim_8426,extends
713,441,Claim_1619,Claim_5981,requires
714,480,Claim_3846,Claim_7225,contradicts
715,152,Claim_1484,Claim_6189,supports
716,879,Claim_1524,Claim_7471,extends
717,991,Claim_883,Claim_9837,requires
718,197,Claim_4205,Claim_5759,supports
719,939,Claim_1906,Claim_7109,requires
720,209,Claim_852,Claim_8717,contradicts
721,104,Claim_257,Claim_6448,contradicts
722,554,Claim_1937,Claim_9584,contradicts
723,16,Claim_4147,Claim_6686,extends
724,173,Claim_3883,Claim_5829,supports
725,306,Claim_2573,Claim_6698,contradicts
726,90,Claim_1783,Claim_7604,requires
727,750,Claim_1653,Claim_7415,extends
728,68,Claim_3601,Claim_5638,supports
729,916,Claim_3119,Claim_6887,extends
730,778,Claim_2853,Claim_7140,requires
731,644,Claim_698,Claim_7937,contradicts
732,887,Claim_1730,Claim_6992,extends
733,332,Claim_2480,Claim_5883,requires
734,821,Claim_3361,Claim_9461,extends
735,706,Claim_1206,Claim_5268,requires
736,946,Claim_4419,Claim_6090,contradicts
737,350,Claim_4515,Claim_5341,extends
738,952,Claim_4197,Claim_7488,contradicts
739,472,Claim_971,Claim_9561,requires
740,587,Claim_820,Claim_9622,supports
741,438,Claim_1442,Claim_8025,contradicts
742,612,Claim_4957,Claim_6602,supports
743,943,Claim_2478,Claim_7640,extends
744,748,Claim_3427,Claim_7775,supports
745,206,Claim_1778,Claim_9238,requires
746,114,Claim_1828,Claim_8394,requires
747,709,Claim_2383,Claim_8163,supports
748,442,Claim_824,Claim_8518,supports
749,327,Claim_2234,Claim_6975,extends
750,464,Claim_163,Claim_8966,extends
751,392,Claim_3848,Claim_5641,extends
752,511,Claim_2128,Claim_8964,supports
753,428,Claim_4961,Claim_8071,extends
754,824,Claim_640,Claim_6427,supports
755,465,Claim_4331,Claim_9873,contradicts
756,877,Claim_4,Claim_8178,requires
757,144,Claim_4867,Claim_8492,requires
758,145,Claim_432,Claim_7236,supports
759,568,Claim_3523,Claim_6391,extends
760,67,Claim_867,Claim_8089,requires
761,566,Claim_3705,Claim_7569,requires
762,707,Claim_2113,Claim_9026,contradicts
763,15,Claim_959,Claim_9977,extends
764,654,Claim_2979,Claim_7823,extends
765,899,Claim_989,Claim_8712,contradicts
766,335,Claim_10,Claim_7134,requires
767,859,Claim_843,Claim_8560,supports
768,303,Claim_1917,Claim_9436,contradicts
769,51,Claim_1858,Claim_9940,requires
770,129,Claim_3102,Claim_8906,contradicts
771,289,Claim_2832,Claim_8605,requires
772,839,Claim_4825,Claim_5471,contradicts
773,92,Claim_2114,Claim_6062,contradicts
774,957,Claim_507,Claim_7889,requires
775,202,Claim_3348,Claim_5461,extends
776,522,Claim_2705,Claim_7639,extends
777,520,Claim_4284,Claim_6525,extends
778,119,Claim_1722,Claim_6218,requires
779,498,Claim_4193,Claim_6771,contradicts
780,208,Claim_2941,Claim_9390,contradicts
781,633,Claim_4743,Claim_5886,requires
782,904,Claim_3819,Claim_8353,extends
783,525,Claim_2966,Claim_9193,requires
784,721,Claim_4716,Claim_6213,extends
785,343,Claim_2210,Claim_6857,requires
786,709,Claim_3335,Claim_6607,requires
787,415,Claim_1447,Claim_9118,requires
788,100,Claim_630,Claim_8781,supports
789,989,Claim_3582,Claim_8039,extends
790,989,Claim_2806,Claim_9891,contradicts
791,356,Claim_1600,Claim_9961,contradicts
792,948,Claim_3026,Claim_5391,requires
793,682,Claim_4655,Claim_9272,contradicts
794,515,Claim_1053,Claim_9972,contradicts
795,552,Claim_3384,Claim_6929,supports
796,622,Claim_4701,Claim_8783,extends
797,534,Claim_2733,Claim_7665,contradicts
798,125,Claim_3660,Claim_9755,extends
799,718,Claim_2452,Claim_6797,supports
800,320,Claim_4637,Claim_5973,contradicts
801,163,Claim_584,Claim_7919,contradicts
802,318,Claim_272,Claim_9750,requires
803,474,Claim_3190,Claim_6205,contradicts
804,932,Claim_1169,Claim_9508,contradicts
805,507,Claim_2144,Claim_5271,contradicts
806,24,Claim_3032,Claim_6302,requires
807,652,Claim_3812,Claim_5162,extends
808,378,Claim_2061,Claim_8784,requires
809,390,Claim_1897,Claim_5410,requires
810,809,Claim_3618,Claim_9673,requires
811,329,Claim_631,Claim_5004,supports
812,405,Claim_2897,Claim_5807,contradicts
813,24,Claim_3995,Claim_6390,extends
814,288,Claim_3344,Claim_5841,contradicts
815,744,Claim_343,Claim_7228,supports
816,730,Claim_513,Claim_9089,supports
817,526,Claim_1253,Claim_9617,extends
818,143,Claim_432,Claim_9814,extends
819,843,Claim_2603,Claim_5722,extends
820,634,Claim_233,Claim_5036,extends
821,600,Claim_2916,Claim_5367,supports
822,802,Claim_768,Claim_7490,requires
823,263,Claim_3652,Claim_6446,supports
824,726,Claim_2847,Claim_8033,contradicts
825,130,Claim_1972,Claim_8946,extends
826,711,Claim_229,Claim_7069,requires
827,354,Claim_3933,Claim_7400,contradicts
828,386,Claim_4458,Claim_7320,contradicts
829,140,Claim_3131,Claim_6900,extends
830,216,Claim_2013,Claim_9572,contradicts
831,906,Claim_3395,Claim_7807,supports
832,585,Claim_345,Claim_6698,contradicts
833,575,Claim_1638,Claim_5435,extends
834,302,Claim_731,Claim_6708,supports
835,121,Claim_3459,Claim_5402,requires
836,678,Claim_2087,Claim_7155,supports
837,207,Claim_3000,Claim_9637,extends
838,896,Claim_2382,Claim_5973,requires
839,700,Claim_3966,Claim_6593,extends
840,292,Claim_1915,Claim_5348,requires
841,114,Claim_4482,Claim_6245,supports
842,641,Claim_4353,Claim_6308,supports
843,821,Claim_3137,Claim_5139,requires
844,682,Claim_1543,Claim_9662,extends
845,985,Claim_1801,Claim_5550,requires
846,473,Claim_4269,Claim_5930,supports
847,678,Claim_224,Claim_9457,supports
848,158,Claim_1930,Claim_9438,extends
849,909,Claim_3270,Claim_9729,requires
850,932,Claim_52,Claim_6151,contradicts
851,461,Claim_4982,Claim_7593,extends
852,802,Claim_2931,Claim_8466,contradicts
853,277,Claim_523,Claim_5570,extends
854,358,Claim_2392,Claim_8698,extends
855,536,Claim_3201,Claim_7040,requires
856,167,Claim_2509,Claim_5137,extends
857,238,Claim_4115,Claim_7150,extends
858,59,Claim_1848,Claim_5577,requires
859,649,Claim_2827,Claim_5617,contradicts
860,329,Claim_83,Claim_9975,supports
861,616,Claim_194,Claim_6567,contradicts
862,786,Claim_3927,Claim_6135,requires
863,631,Claim_1979,Claim_7786,extends
864,591,Claim_735,Claim_5202,requires
865,871,Claim_3939,Claim_6856,extends
866,219,Claim_4258,Claim_6510,requires
867,394,Claim_2622,Claim_6773,contradicts
868,554,Claim_430,Claim_6459,contradicts
869,591,Claim_3189,Claim_8205,extends
870,242,Claim_4566,Claim_7968,contradicts
871,742,Claim_2714,Claim_6495,supports
872,76,Claim_14,Claim_5917,contradicts
873,695,Claim_2541,Claim_7481,contradicts
874,564,Claim_2540,Claim_9025,extends
875,5,Claim_3659,Claim_7221,supports
876,376,Claim_859,Claim_9501,requires
877,15,Claim_1547,Claim_6104,extends
878,106,Claim_3704,Claim_8738,contradicts
879,631,Claim_448,Claim_6098,contradicts
880,797,Claim_2058,Claim_9891,extends
881,588,Claim_610,Claim_5214,extends
882,181,Claim_52,Claim_7248,supports
883,741,Claim_428,Claim_6881,requires
884,135,Claim_4164,Claim_5554,supports
885,154,Claim_4895,Claim_8719,extends
886,610,Claim_2799,Claim_8671,contradicts
887,366,Claim_938,Claim_6276,requires
888,220,Claim_3796,Claim_5458,supports
889,506,Claim_4975,Claim_8493,extends
890,213,Claim_190,Claim_6481,extends
891,358,Claim_848,Claim_8826,requires
892,440,Claim_3580,Claim_9363,extends
893,121,Claim_1346,Claim_9007,contradicts
894,428,Claim_1314,Claim_5809,extends
895,220,Claim_2482,Claim_7986,contradicts
896,576,Claim_1451,Claim_8011,requires
897,960,Claim_2871,Claim_8259,extends
898,66,Claim_4752,Claim_6402,contradicts
899,866,Claim_4901,Claim_5270,contradicts
900,896,Claim_2433,Claim_5616,contradicts
901,511,Claim_2986,Claim_6705,requires
902,438,Claim_1606,Claim_8702,extends
903,358,Claim_3420,Claim_7393,contradicts
904,557,Claim_3510,Claim_7554,requires
905,448,Claim_3422,Claim_9781,contradicts
906,921,Claim_2649,Claim_9069,requires
907,741,Claim_37,Claim_7635,supports
908,575,Claim_3333,Claim_7993,supports
909,406,Claim_3801,Claim_9908,requires
910,946,Claim_2295,Claim_7762,supports
911,102,Claim_3065,Claim_9800,supports
912,321,Claim_1126,Claim_7715,requires
913,516,Claim_3739,Claim_5023,contradicts
914,894,Claim_1358,Claim_8480,contradicts
915,387,Claim_4093,Claim_7926,supports
916,869,Claim_4469,Claim_5386,contradicts
917,706,Claim_3256,Claim_8337,supports
918,710,Claim_3193,Claim_6806,extends
919,517,Claim_3042,Claim_5260,contradicts
920,105,Claim_3421,Claim_6166,requires
921,339,Claim_1,Claim_6334,supports
922,655,Claim_1294,Claim_6479,contradicts
923,179,Claim_901,Claim_6511,extends
924,575,Claim_103,Claim_6430,contradicts
925,272,Claim_3132,Claim_6102,requires
926,388,Claim_1995,Claim_7656,supports
927,909,Claim_2406,Claim_9191,requires
928,270,Claim_4835,Claim_8861,supports
929,323,Claim_800,Claim_6078,contradicts
930,283,Claim_3029,Claim_9591,extends
931,748,Claim_4475,Claim_7566,extends
932,920,Claim_1860,Claim_7716,contradicts
933,585,Claim_4990,Claim_9940,supports
934,444,Claim_4837,Claim_7847,extends
935,967,Claim_2853,Claim_9916,contradicts
936,147,Claim_1094,Claim_9507,requires
937,668,Claim_2636,Claim_5649,extends
938,8,Claim_4681,Claim_5362,supports
939,562,Claim_736,Claim_9068,contradicts
940,773,Claim_4712,Claim_8748,extends
941,785,Claim_519,Claim_6004,supports
942,295,Claim_4975,Claim_8468,extends
943,215,Claim_3471,Claim_5209,supports
944,952,Claim_441,Claim_7577,supports
945,289,Claim_2640,Claim_9958,requires
946,651,Claim_836,Claim_8706,contradicts
947,64,Claim_230,Claim_7967,requires
948,376,Claim_4259,Claim_6704,contradicts
949,933,Claim_2383,Claim_7930,contradicts
950,173,Claim_730,Claim_5135,contradicts
951,167,Claim_137,Claim_9170,contradicts
952,834,Claim_736,Claim_9209,extends
953,559,Claim_3335,Claim_7626,contradicts
954,584,Claim_296,Claim_8812,requires
955,179,Claim_2658,Claim_7695,supports
956,724,Claim_3058,Claim_7547,supports
957,343,Claim_990,Claim_9967,supports
958,588,Claim_1680,Claim_8752,contradicts
959,855,Claim_3668,Claim_8817,supports
960,857,Claim_3628,Claim_9746,requires
961,674,Claim_243,Claim_8293,supports
962,930,Claim_3472,Claim_9809,contradicts
963,116,Claim_1731,Claim_7991,supports
964,176,Claim_4440,Claim_7151,extends
965,389,Claim_4923,Claim_7566,contradicts
966,603,Claim_2986,Claim_9409,extends
967,497,Claim_3794,Claim_5505,requires
968,598,Claim_1077,Claim_6118,requires
969,614,Claim_905,Claim_8069,requires
970,577,Claim_2063,Claim_9900,supports
971,446,Claim_171,Claim_9291,extends
972,510,Claim_3480,Claim_6020,supports
973,12,Claim_1391,Claim_6846,contradicts
974,834,Claim_631,Claim_6127,supports
975,946,Claim_2121,Claim_7994,requires
976,598,Claim_899,Claim_7739,requires
977,211,Claim_2138,Claim_9923,contradicts
978,902,Claim_1595,Claim_9608,contradicts
979,950,Claim_3467,Claim_6642,extends
980,489,Claim_2938,Claim_9646,contradicts
981,607,Claim_697,Claim_6989,requires
982,912,Claim_4332,Claim_9080,supports
983,116,Claim_4598,Claim_9226,supports
984,645,Claim_717,Claim_5983,extends
985,240,Claim_3877,Claim_9998,contradicts
986,899,Claim_1310,Claim_6708,extends
987,97,Claim_2179,Claim_6927,extends
988,283,Claim_668,Claim_8623,supports
989,686,Claim_3812,Claim_5806,extends
990,502,Claim_4123,Claim_8975,requires
991,246,Claim_2013,Claim_9178,requires
992,778,Claim_336,Claim_9200,supports
993,197,Claim_1411,Claim_6415,supports
994,851,Claim_4158,Claim_6161,extends
995,901,Claim_444,Claim_7501,contradicts
996,532,Claim_2407,Claim_6960,contradicts
997,115,Claim_4946,Claim_9021,supports
998,426,Claim_2093,Claim_9802,contradicts
999,488,Claim_913,Claim_5282,contradicts
1000,996,Claim_1157,Claim_7792,supports
1001,16,Claim_1527,Claim_9188,contradicts
1002,169,Claim_1091,Claim_7253,supports
1003,511,Claim_359,Claim_6020,extends
1004,873,Claim_784,Claim_6955,requires
1005,505,Claim_2260,Claim_6718,contradicts
1006,36,Claim_1837,Claim_5486,contradicts
1007,757,Claim_3875,Claim_9702,extends
1008,341,Claim_745,Claim_9080,extends
1009,229,Claim_2015,Claim_7847,supports
1010,239,Claim_3347,Claim_9103,extends
1011,779,Claim_1330,Claim_5385,supports
1012,644,Claim_2742,Claim_6278,requires
1013,632,Claim_3428,Claim_9531,contradicts
1014,295,Claim_3310,Claim_6440,supports
1015,95,Claim_3157,Claim_8701,supports
1016,650,Claim_439,Claim_8417,extends
1017,45,Claim_4212,Claim_6122,supports
1018,844,Claim_1088,Claim_7195,supports
1019,469,Claim_3093,Claim_8545,contradicts
1020,737,Claim_2768,Claim_6746,requires
1021,157,Claim_4711,Claim_6048,supports
1022,775,Claim_2009,Claim_7726,supports
1023,649,Claim_823,Claim_5860,extends
1024,278,Claim_2100,Claim_9963,requires
1025,555,Claim_4752,Claim_7673,supports
1026,605,Claim_1087,Claim_9616,supports
1027,863,Claim_4315,Claim_7338,contradicts
1028,365,Claim_2225,Claim_9784,contradicts
1029,753,Claim_4865,Claim_8598,extends
1030,361,Claim_2415,Claim_8820,extends
1031,675,Claim_452,Claim_7367,requires
1032,257,Claim_2512,Claim_6029,supports
1033,459,Claim_2956,Claim_8375,extends
1034,583,Claim_2107,Claim_9808,supports
1035,964,Claim_2154,Claim_8148,contradicts
1036,104,Claim_2323,Claim_7467,contradicts
1037,313,Claim_3446,Claim_7975,requires
1038,317,Claim_4234,Claim_5559,contradicts
1039,757,Claim_2607,Claim_6312,contradicts
1040,138,Claim_4192,Claim_9185,requires
1041,306,Claim_3105,Claim_7606,supports
1042,907,Claim_4590,Claim_6879,supports
1043,257,Claim_1952,Claim_5674,requires
1044,951,Claim_4572,Claim_7407,extends
1045,79,Claim_1947,Claim_9883,supports
1046,230,Claim_3579,Claim_9992,requires
1047,349,Claim_2136,Claim_9317,extends
1048,631,Claim_1759,Claim_8996,requires
1049,496,Claim_1086,Claim_8616,supports
1050,371,Claim_2060,Claim_6242,extends
1051,264,Claim_947,Claim_6345,contradicts
1052,994,Claim_13,Claim_6668,extends
1053,282,Claim_803,Claim_6525,contradicts
1054,487,Claim_1126,Claim_6479,extends
1055,999,Claim_3730,Claim_6198,supports
1056,456,Claim_2438,Claim_5564,requires
1057,354,Claim_1774,Claim_8912,supports
1058,966,Claim_426,Claim_8520,extends
1059,166,Claim_1923,Claim_9881,requires
1060,961,Claim_3736,Claim_6719,extends
1061,979,Claim_3055,Claim_6305,supports
1062,1,Claim_4350,Claim_7798,extends
1063,991,Claim_3769,Claim_7996,contradicts
1064,699,Claim_4474,Claim_6469,requires
1065,967,Claim_1855,Claim_6304,supports
1066,541,Claim_4945,Claim_7304,contradicts
1067,901,Claim_820,Claim_5500,contradicts
1068,784,Claim_4157,Claim_9620,supports
1069,541,Claim_1004,Claim_5817,contradicts
1070,186,Claim_4599,Claim_5984,requires
1071,838,Claim_4590,Claim_6927,contradicts
1072,139,Claim_17,Claim_8373,contradicts
1073,195,Claim_1643,Claim_9819,contradicts
1074,348,Claim_1541,Claim_7529,extends
1075,193,Claim_2325,Claim_9619,requires
1076,730,Claim_810,Claim_9881,requires
1077,131,Claim_104,Claim_7216,supports
1078,849,Claim_4630,Claim_6768,extends
1079,299,Claim_1216,Claim_7270,extends
1080,848,Claim_262,Claim_5201,supports
1081,698,Claim_3765,Claim_6843,supports
1082,386,Claim_1579,Claim_6815,extends
1083,301,Claim_1863,Claim_5032,requires
1084,784,Claim_1399,Claim_7505,contradicts
1085,492,Claim_4119,Claim_6959,supports
1086,945,Claim_3981,Claim_5974,extends
1087,86,Claim_1369,Claim_7997,requires
1088,635,Claim_4422,Claim_9818,requires
1089,957,Claim_4917,Claim_5640,supports
1090,151,Claim_2485,Claim_5914,extends
1091,483,Claim_1334,Claim_7302,contradicts
1092,668,Claim_2949,Claim_6446,supports
1093,452,Claim_3145,Claim_9674,supports
1094,365,Claim_1175,Claim_9428,extends
1095,88,Claim_738,Claim_9633,requires
1096,505,Claim_4152,Claim_9721,contradicts
1097,110,Claim_3492,Claim_8324,contradicts
1098,875,Claim_462,Claim_5874,supports
1099,54,Claim_3051,Claim_7262,contradicts
1100,997,Claim_171,Claim_6180,requires
1101,449,Claim_3194,Claim_5485,supports
1102,682,Claim_1036,Claim_6821,supports
1103,399,Claim_1128,Claim_7782,requires
1104,377,Claim_755,Claim_5201,supports
1105,20,Claim_1767,Claim_8162,requires
1106,769,Claim_4403,Claim_7858,requires
1107,882,Claim_2558,Claim_6960,requires
1108,659,Claim_1940,Claim_9495,contradicts
1109,879,Claim_3695,Claim_5747,contradicts
1110,822,Claim_3000,Claim_9120,supports
1111,887,Claim_3182,Claim_6859,supports
1112,949,Claim_1445,Claim_5878,extends
1113,607,Claim_638,Claim_9391,extends
1114,197,Claim_3335,Claim_6587,requires
1115,996,Claim_1099,Claim_7706,supports
1116,96,Claim_1142,Claim_9881,supports
1117,762,Claim_1685,Claim_5709,supports
1118,158,Claim_3119,Claim_6253,extends
1119,452,Claim_202,Claim_7974,supports
1120,393,Claim_3723,Claim_7416,extends
1121,693,Claim_2871,Claim_6312,extends
1122,590,Claim_1309,Claim_7671,contradicts
1123,870,Claim_3223,Claim_7758,contradicts
1124,507,Claim_3081,Claim_6824,supports
1125,443,Claim_4931,Claim_5756,contradicts
1126,380,Claim_2900,Claim_9876,supports
1127,212,Claim_3153,Claim_7772,extends
1128,364,Claim_2312,Claim_6299,extends
1129,452,Claim_1305,Claim_7095,requires
1130,435,Claim_3702,Claim_8146,extends
1131,172,Claim_3354,Claim_8948,requires
1132,76,Claim_4039,Claim_7492,requires
1133,603,Claim_98,Claim_7274,contradicts
1134,770,Claim_2748,Claim_6361,extends
1135,302,Claim_1399,Claim_5355,contradicts
1136,612,Claim_3497,Claim_7136,extends
1137,376,Claim_2368,Claim_9951,requires
1138,546,Claim_431,Claim_8076,contradicts
1139,235,Claim_3951,Claim_5681,requires
1140,41,Claim_1549,Claim_7377,requires
1141,935,Claim_1820,Claim_5567,supports
1142,439,Claim_381,Claim_6007,contradicts
1143,390,Claim_2812,Claim_6922,contradicts
1144,190,Claim_754,Claim_5786,contradicts
1145,287,Claim_1504,Claim_7090,supports
1146,96,Claim_2846,Claim_5188,contradicts
1147,219,Claim_3812,Claim_5499,requires
1148,858,Claim_4490,Claim_5220,extends
1149,347,Claim_4320,Claim_8025,contradicts
1150,515,Claim_1839,Claim_8500,contradicts
1151,329,Claim_2154,Claim_9603,requires
1152,383,Claim_3678,Claim_9706,requires
1153,267,Claim_1090,Claim_7863,contradicts
1154,945,Claim_1328,Claim_9759,supports
1155,749,Claim_2485,Claim_6745,requires
1156,543,Claim_1373,Claim_8912,contradicts
1157,414,Claim_4220,Claim_7096,requires
1158,908,Claim_4326,Claim_7686,supports
1159,827,Claim_3712,Claim_9281,requires
1160,930,Claim_3943,Claim_6486,contradicts
1161,239,Claim_465,Claim_9191,supports
1162,342,Claim_4342,Claim_5047,requires
1163,987,Claim_3597,Claim_9280,contradicts
1164,383,Claim_888,Claim_5881,extends
1165,696,Claim_1301,Claim_7322,requires
1166,494,Claim_582,Claim_9610,extends
1167,476,Claim_2755,Claim_6402,extends
1168,450,Claim_865,Claim_5167,supports
1169,742,Claim_1204,Claim_8016,requires
1170,196,Claim_2607,Claim_5605,requires
1171,360,Claim_3707,Claim_5456,contradicts
1172,209,Claim_1484,Claim_5341,extends
1173,386,Claim_626,Claim_6813,supports
1174,67,Claim_2364,Claim_7554,requires
1175,281,Claim_888,Claim_8952,extends
1176,728,Claim_4624,Claim_7368,supports
1177,674,Claim_470,Claim_6732,requires
1178,505,Claim_2688,Claim_9347,supports
1179,397,Claim_4656,Claim_6820,extends
1180,727,Claim_4296,Claim_9845,contradicts
1181,41,Claim_581,Claim_5749,requires
1182,80,Claim_1554,Claim_5278,extends
1183,973,Claim_3970,Claim_5230,requires
1184,104,Claim_4334,Claim_7167,requires
1185,854,Claim_3760,Claim_9842,supports
1186,566,Claim_3812,Claim_8901,extends
1187,488,Claim_1771,Claim_5865,requires
1188,822,Claim_4679,Claim_6174,requires
1189,354,Claim_4994,Claim_6388,requires
1190,317,Claim_3390,Claim_5388,supports
1191,45,Claim_133,Claim_8275,requires
1192,482,Claim_2393,Claim_5423,supports
1193,609,Claim_3785,Claim_5451,supports
1194,526,Claim_1765,Claim_6084,contradicts
1195,645,Claim_3263,Claim_8124,supports
1196,558,Claim_72,Claim_8096,supports
1197,4,Claim_4315,Claim_7775,extends
1198,831,Claim_3718,Claim_5336,supports
1199,512,Claim_511,Claim_5170,supports
1200,7,Claim_1227,Claim_6151,extends
1201,743,Claim_957,Claim_6387,requires
1202,574,Claim_1788,Claim_5343,contradicts
1203,99,Claim_293,Claim_5999,supports
1204,780,Claim_4474,Claim_5559,requires
1205,580,Claim_1606,Claim_7201,supports
1206,6,Claim_3130,Claim_8795,requires
1207,631,Claim_4245,Claim_8907,supports
1208,41,Claim_901,Claim_7307,contradicts
1209,82,Claim_669,Claim_8487,extends
1210,857,Claim_1471,Claim_9577,extends
1211,762,Claim_1244,Claim_7973,supports
1212,582,Claim_3123,Claim_7108,extends
1213,934,Claim_4834,Claim_7699,requires
1214,125,Claim_3545,Claim_8655,extends
1215,112,Claim_516,Claim_8971,supports
1216,889,Claim_1278,Claim_7677,contradicts
1217,875,Claim_2470,Claim_9875,requires
1218,324,Claim_2678,Claim_5296,extends
1219,724,Claim_2257,Claim_6284,supports
1220,865,Claim_4246,Claim_6163,contradicts
1221,854,Claim_2158,Claim_9300,supports
1222,340,Claim_3823,Claim_7829,contradicts
1223,3,Claim_1398,Claim_7412,extends
1224,992,Claim_2064,Claim_6134,requires
1225,221,Claim_2008,Claim_8071,extends
1226,233,Claim_946,Claim_8793,contradicts
1227,295,Claim_4123,Claim_8627,requires
1228,966,Claim_1024,Claim_6592,extends
1229,3,Claim_1267,Claim_5137,requires
1230,93,Claim_1691,Claim_6068,supports
1231,241,Claim_868,Claim_9293,requires
1232,461,Claim_3485,Claim_8787,contradicts
1233,315,Claim_4244,Claim_6370,extends
1234,523,Claim_4008,Claim_9544,supports
1235,511,Claim_1600,Claim_5507,supports
1236,944,Claim_2452,Claim_8543,extends
1237,33,Claim_4740,Claim_8168,requires
1238,401,Claim_3680,Claim_8580,extends
1239,582,Claim_3100,Claim_5260,extends
1240,971,Claim_4987,Claim_8557,contradicts
1241,865,Claim_4997,Claim_9901,supports
1242,929,Claim_341,Claim_7106,requires
1243,126,Claim_3400,Claim_7440,contradicts
1244,886,Claim_2106,Claim_7628,contradicts
1245,751,Claim_2496,Claim_8335,contradicts
1246,480,Claim_3784,Claim_5967,extends
1247,705,Claim_3689,Claim_5912,contradicts
1248,203,Claim_2087,Claim_6371,requires
1249,515,Claim_4768,Claim_6736,extends
1250,534,Claim_3804,Claim_6762,extends
1251,960,Claim_1422,Claim_8838,requires
1252,437,Claim_2625,Claim_7106,contradicts
1253,132,Claim_4093,Claim_7500,contradicts
1254,439,Claim_2502,Claim_7808,contradicts
1255,664,Claim_481,Claim_6550,supports
1256,738,Claim_229,Claim_6273,supports
1257,871,Claim_2460,Claim_6915,requires
1258,426,Claim_2674,Claim_9616,contradicts
1259,368,Claim_1649,Claim_9540,extends
1260,221,Claim_1118,Claim_7039,contradicts
1261,809,Claim_2728,Claim_7005,extends
1262,358,Claim_3176,Claim_8418,extends
1263,136,Claim_4292,Claim_9905,requires
1264,836,Claim_2989,Claim_8968,contradicts
1265,311,Claim_4955,Claim_6219,supports
1266,997,Claim_1812,Claim_9483,supports
1267,116,Claim_1654,Claim_6907,requires
1268,655,Claim_3250,Claim_5600,supports
1269,922,Claim_2994,Claim_8744,requires
1270,995,Claim_66,Claim_5814,contradicts
1271,898,Claim_731,Claim_5944,supports
1272,365,Claim_4329,Claim_5885,requires
1273,858,Claim_1260,Claim_6736,supports
1274,363,Claim_1994,Claim_9994,contradicts
1275,165,Claim_4496,Claim_5601,supports
1276,367,Claim_4468,Claim_8791,requires
1277,346,Claim_320,Claim_9726,supports
1278,386,Claim_1655,Claim_9917,requires
1279,902,Claim_2985,Claim_5186,contradicts
1280,909,Claim_3598,Claim_9961,extends
1281,124,Claim_3037,Claim_5528,supports
1282,672,Claim_4945,Claim_9561,supports
1283,64,Claim_250,Claim_9738,contradicts
1284,302,Claim_1811,Claim_5124,supports
1285,143,Claim_3764,Claim_8999,extends
1286,142,Claim_116,Claim_8073,contradicts
1287,407,Claim_4636,Claim_7369,extends
1288,458,Claim_3384,Claim_6546,supports
1289,855,Claim_4311,Claim_6419,requires
1290,885,Claim_1620,Claim_6352,requires
1291,830,Claim_3648,Claim_8418,extends
1292,712,Claim_823,Claim_5719,contradicts
1293,253,Claim_649,Claim_5504,requires
1294,348,Claim_1874,Claim_9889,requires
1295,81,Claim_2264,Claim_5892,contradicts
1296,871,Claim_1524,Claim_8538,contradicts
1297,138,Claim_4850,Claim_6809,supports
1298,814,Claim_3084,Claim_7108,requires
1299,910,Claim_918,Claim_7305,extends
1300,519,Claim_1653,Claim_9148,supports
1301,423,Claim_4074,Claim_7462,extends
1302,708,Claim_4426,Claim_9875,contradicts
1303,931,Claim_2545,Claim_5419,contradicts
1304,546,Claim_2330,Claim_8888,contradicts
1305,253,Claim_4569,Claim_9784,contradicts
1306,501,Claim_2753,Claim_6095,requires
1307,821,Claim_1327,Claim_7501,contradicts
1308,837,Claim_4974,Claim_8754,extends
1309,192,Claim_2358,Claim_7785,contradicts
1310,709,Claim_2418,Claim_5217,contradicts
1311,156,Claim_1001,Claim_5175,supports
1312,116,Claim_2460,Claim_9846,requires
1313,122,Claim_898,Claim_8877,requires
1314,540,Claim_2636,Claim_7292,contradicts
1315,214,Claim_4636,Claim_5257,contradicts
1316,451,Claim_4477,Claim_8116,requires
1317,956,Claim_1050,Claim_8532,extends
1318,870,Claim_1761,Claim_6941,contradicts
1319,821,Claim_1977,Claim_5069,supports
1320,764,Claim_1048,Claim_7838,contradicts
1321,965,Claim_1601,Claim_9873,contradicts
1322,882,Claim_1502,Claim_8025,requires
1323,710,Claim_1689,Claim_8723,requires
1324,685,Claim_1788,Claim_5865,extends
1325,837,Claim_2940,Claim_6296,contradicts
1326,371,Claim_4349,Claim_9010,supports
1327,126,Claim_1810,Claim_5779,supports
1328,65,Claim_3645,Claim_7876,supports
1329,503,Claim_1947,Claim_6690,contradicts
1330,571,Claim_1607,Claim_8370,extends
1331,914,Claim_2409,Claim_9614,extends
1332,128,Claim_2760,Claim_5709,contradicts
1333,440,Claim_4745,Claim_7532,contradicts
1334,226,Claim_4532,Claim_9059,requires
1335,72,Claim_3749,Claim_5561,extends
1336,332,Claim_4986,Claim_6768,contradicts
1337,918,Claim_4207,Claim_9789,supports
1338,935,Claim_463,Claim_7866,contradicts
1339,552,Claim_1427,Claim_7710,requires
1340,163,Claim_3965,Claim_6745,requires
1341,805,Claim_2299,Claim_6632,extends
1342,877,Claim_1022,Claim_8527,supports
1343,786,Claim_1264,Claim_5002,extends
1344,956,Claim_4501,Claim_8447,requires
1345,572,Claim_2403,Claim_6255,requires
1346,493,Claim_2708,Claim_5843,contradicts
1347,228,Claim_3253,Claim_8603,extends
1348,49,Claim_4833,Claim_8602,contradicts
1349,37,Claim_3145,Claim_8077,supports
1350,701,Claim_1053,Claim_9478,contradicts
1351,989,Claim_3243,Claim_9244,contradicts
1352,579,Claim_2256,Claim_7387,supports
1353,431,Claim_2340,Claim_9685,extends
1354,211,Claim_814,Claim_5687,supports
1355,328,Claim_3126,Claim_9440,contradicts
1356,320,Claim_234,Claim_6394,requires
1357,767,Claim_1026,Claim_5815,supports
1358,403,Claim_81,Claim_7012,requires
1359,256,Claim_1391,Claim_6892,contradicts
1360,758,Claim_1003,Claim_9505,contradicts
1361,888,Claim_1407,Claim_6185,supports
1362,438,Claim_2901,Claim_8269,supports
1363,205,Claim_507,Claim_8607,extends
1364,819,Claim_4224,Claim_8587,supports
1365,664,Claim_2384,Claim_9188,contradicts
1366,698,Claim_2633,Claim_7220,contradicts
1367,946,Claim_1629,Claim_5243,supports
1368,476,Claim_2395,Claim_7761,requires
1369,756,Claim_4004,Claim_8842,contradicts
1370,125,Claim_2405,Claim_8442,contradicts
1371,889,Claim_822,Claim_9108,extends
1372,100,Claim_3289,Claim_7003,extends
1373,776,Claim_1434,Claim_8006,extends
1374,880,Claim_1985,Claim_8552,extends
1375,41,Claim_2724,Claim_8742,contradicts
1376,475,Claim_4143,Claim_8111,requires
1377,896,Claim_457,Claim_8713,supports
1378,192,Claim_2758,Claim_5191,requires
1379,737,Claim_3128,Claim_8504,requires
1380,46,Claim_3167,Claim_9716,contradicts
1381,20,Claim_4224,Claim_7958,extends
1382,437,Claim_671,Claim_5388,requires
1383,526,Claim_3357,Claim_8052,contradicts
1384,881,Claim_1714,Claim_6114,requires
1385,782,Claim_2087,Claim_9067,contradicts
1386,887,Claim_879,Claim_7128,supports
1387,185,Claim_2229,Claim_5115,contradicts
1388,201,Claim_4660,Claim_8572,contradicts
1389,528,Claim_1724,Claim_7608,requires
1390,52,Claim_59,Claim_5044,supports
1391,566,Claim_1273,Claim_5064,requires
1392,109,Claim_3175,Claim_6776,supports
1393,607,Claim_1766,Claim_9766,extends
1394,489,Claim_666,Claim_9640,supports
1395,519,Claim_4854,Claim_9717,extends
1396,573,Claim_867,Claim_9377,requires
1397,897,Claim_4948,Claim_6054,supports
1398,424,Claim_2724,Claim_5023,supports
1399,869,Claim_4299,Claim_5607,requires
1400,755,Claim_2966,Claim_8741,requires
1401,763,Claim_66,Claim_5841,supports
1402,989,Claim_4260,Claim_8532,requires
1403,701,Claim_2617,Claim_6026,extends
1404,422,Claim_1075,Claim_7509,supports
1405,342,Claim_1055,Claim_9247,extends
1406,173,Claim_4181,Claim_5880,requires
1407,894,Claim_3576,Claim_7761,supports
1408,500,Claim_4008,Claim_6646,supports
1409,212,Claim_684,Claim_8776,contradicts
1410,584,Claim_2016,Claim_5948,extends
1411,334,Claim_1128,Claim_9006,requires
1412,820,Claim_1494,Claim_7824,contradicts
1413,632,Claim_2024,Claim_9030,requires
1414,676,Claim_3031,Claim_5513,supports
1415,883,Claim_4249,Claim_6045,contradicts
1416,448,Claim_3473,Claim_7766,supports
1417,393,Claim_1758,Claim_9884,supports
1418,467,Claim_1389,Claim_8841,supports
1419,786,Claim_2702,Claim_7064,extends
1420,424,Claim_1411,Claim_9383,supports
1421,890,Claim_1600,Claim_7354,supports
1422,240,Claim_2735,Claim_5193,extends
1423,207,Claim_2321,Claim_8296,supports
1424,731,Claim_3879,Claim_7550,requires
1425,866,Claim_4138,Claim_8613,contradicts
1426,457,Claim_2471,Claim_7423,requires
1427,717,Claim_2583,Claim_7496,contradicts
1428,552,Claim_1167,Claim_5942,requires
1429,223,Claim_4569,Claim_6450,supports
1430,777,Claim_1042,Claim_7703,contradicts
1431,523,Claim_4451,Claim_9011,requires
1432,287,Claim_328,Claim_7879,supports
1433,224,Claim_534,Claim_7789,supports
1434,213,Claim_2543,Claim_8107,contradicts
1435,56,Claim_4469,Claim_8407,contradicts
1436,710,Claim_3426,Claim_9610,requires
1437,707,Claim_1796,Claim_9469,requires
1438,809,Claim_2184,Claim_7402,requires
1439,906,Claim_4031,Claim_5641,extends
1440,316,Claim_711,Claim_6355,contradicts
1441,763,Claim_1953,Claim_9249,extends
1442,270,Claim_715,Claim_5209,requires
1443,378,Claim_3758,Claim_6109,requires
1444,432,Claim_3133,Claim_8004,requires
1445,783,Claim_1287,Claim_5350,requires
1446,838,Claim_4087,Claim_5404,extends
1447,914,Claim_4972,Claim_6910,extends
1448,385,Claim_3610,Claim_8990,requires
1449,263,Claim_2551,Claim_5778,supports
1450,884,Claim_4577,Claim_7064,extends
1451,600,Claim_3844,Claim_6000,supports
1452,533,Claim_1524,Claim_5451,supports
1453,224,Claim_2256,Claim_5289,extends
1454,344,Claim_4188,Claim_6501,requires
1455,754,Claim_929,Claim_8979,extends
1456,704,Claim_1108,Claim_5435,extends
1457,82,Claim_89,Claim_8582,requires
1458,405,Claim_2306,Claim_8569,contradicts
1459,99,Claim_4109,Claim_7186,requires
1460,521,Claim_4164,Claim_9083,requires
1461,539,Claim_4499,Claim_9195,contradicts
1462,359,Claim_4101,Claim_9028,contradicts
1463,477,Claim_4760,Claim_8909,supports
1464,102,Claim_2395,Claim_9906,supports
1465,470,Claim_4929,Claim_7407,requires
1466,69,Claim_444,Claim_8077,extends
1467,820,Claim_1846,Claim_9679,contradicts
1468,99,Claim_170,Claim_9415,extends
1469,972,Claim_1089,Claim_9041,requires
1470,402,Claim_4262,Claim_8487,contradicts
1471,150,Claim_146,Claim_5172,extends
1472,192,Claim_3157,Claim_7712,supports
1473,657,Claim_1871,Claim_5408,contradicts
1474,938,Claim_1146,Claim_7143,supports
1475,99,Claim_2233,Claim_6380,supports
1476,752,Claim_3629,Claim_8335,contradicts
1477,865,Claim_780,Claim_6827,extends
1478,346,Claim_1457,Claim_9611,contradicts
1479,615,Claim_3061,Claim_8903,requires
1480,55,Claim_2038,Claim_9668,requires
1481,884,Claim_579,Claim_5249,contradicts
1482,806,Claim_4647,Claim_6349,requires
1483,56,Claim_2466,Claim_7600,extends
1484,535,Claim_3475,Claim_9447,requires
1485,408,Claim_573,Claim_6176,requires
1486,422,Claim_4022,Claim_8087,extends
1487,117,Claim_1607,Claim_7747,contradicts
1488,647,Claim_2629,Claim_8310,supports
1489,288,Claim_1857,Claim_5988,contradicts
1490,759,Claim_1617,Claim_9196,extends
1491,701,Claim_2492,Claim_9576,contradicts
1492,251,Claim_544,Claim_6461,supports
1493,33,Claim_4259,Claim_7718,supports
1494,320,Claim_392,Claim_5242,extends
1495,287,Claim_852,Claim_8696,supports
1496,221,Claim_3314,Claim_7061,extends
1497,906,Claim_1996,Claim_9022,extends
1498,223,Claim_636,Claim_6676,contradicts
1499,837,Claim_1222,Claim_7551,supports
1500,300,Claim_3604,Claim_6016,requires
1501,893,Claim_3224,Claim_6331,supports
1502,778,Claim_3935,Claim_8843,contradicts
1503,746,Claim_1156,Claim_9995,extends
1504,101,Claim_288,Claim_5849,requires
1505,140,Claim_4062,Claim_7192,extends
1506,83,Claim_2791,Claim_5712,requires
1507,786,Claim_2762,Claim_5163,requires
1508,701,Claim_4649,Claim_8456,extends
1509,83,Claim_1843,Claim_6178,contradicts
1510,704,Claim_495,Claim_7249,requires
1511,837,Claim_658,Claim_8439,contradicts
1512,95,Claim_5000,Claim_8248,requires
1513,176,Claim_3944,Claim_5753,contradicts
1514,360,Claim_3967,Claim_5423,requires
1515,325,Claim_4353,Claim_8552,requires
1516,167,Claim_1755,Claim_8619,contradicts
1517,714,Claim_3675,Claim_8789,supports
1518,693,Claim_3794,Claim_6008,extends
1519,68,Claim_4713,Claim_9840,extends
1520,875,Claim_4957,Claim_5708,requires
1521,389,Claim_3919,Claim_5009,requires
1522,653,Claim_93,Claim_5012,extends
1523,176,Claim_3593,Claim_9731,requires
1524,794,Claim_1318,Claim_7267,contradicts
1525,345,Claim_1500,Claim_8625,contradicts
1526,972,Claim_1606,Claim_5001,supports
1527,225,Claim_4968,Claim_9466,requires
1528,513,Claim_328,Claim_8442,contradicts
1529,434,Claim_2790,Claim_9621,contradicts
1530,756,Claim_4890,Claim_5719,requires
1531,556,Claim_2491,Claim_9924,requires
1532,714,Claim_2227,Claim_9934,extends
1533,716,Claim_1462,Claim_5064,extends
1534,740,Claim_4763,Claim_6157,extends
1535,388,Claim_4530,Claim_8299,requires
1536,27,Claim_1696,Claim_8854,contradicts
1537,382,Claim_4024,Claim_9353,contradicts
1538,805,Claim_2351,Claim_7685,requires
1539,723,Claim_3167,Claim_7657,extends
1540,5,Claim_4752,Claim_6175,contradicts
1541,766,Claim_3429,Claim_7359,extends
1542,19,Claim_4140,Claim_5915,extends
1543,133,Claim_1230,Claim_6420,contradicts
1544,472,Claim_3037,Claim_5157,contradicts
1545,78,Claim_1132,Claim_6341,requires
1546,403,Claim_2507,Claim_6955,contradicts
1547,749,Claim_25,Claim_9686,contradicts
1548,859,Claim_2583,Claim_8030,requires
1549,238,Claim_804,Claim_7347,extends
1550,676,Claim_3473,Claim_8457,extends
1551,149,Claim_2075,Claim_9025,requires
1552,439,Claim_20,Claim_6651,extends
1553,825,Claim_4115,Claim_5487,requires
1554,985,Claim_576,Claim_5499,supports
1555,148,Claim_2090,Claim_7590,requires
1556,280,Claim_928,Claim_8767,extends
1557,613,Claim_4940,Claim_8188,requires
1558,618,Claim_2004,Claim_6834,extends
1559,252,Claim_4141,Claim_6604,extends
1560,540,Claim_3655,Claim_8520,extends
1561,565,Claim_3265,Claim_9277,extends
1562,354,Claim_4201,Claim_6006,requires
1563,216,Claim_4566,Claim_8553,supports
1564,933,Claim_3104,Claim_7856,extends
1565,761,Claim_1164,Claim_7044,contradicts
1566,39,Claim_4024,Claim_9942,extends
1567,492,Claim_4452,Claim_9019,extends
1568,751,Claim_2949,Claim_6091,supports
1569,594,Claim_4945,Claim_9283,supports
1570,386,Claim_4231,Claim_7095,requires
1571,32,Claim_1614,Claim_6709,contradicts
1572,181,Claim_4869,Claim_7875,supports
1573,555,Claim_3233,Claim_8799,extends
1574,737,Claim_1264,Claim_8346,requires
1575,190,Claim_4380,Claim_5723,supports
1576,461,Claim_3311,Claim_8608,requires
1577,759,Claim_3640,Claim_9410,requires
1578,985,Claim_3631,Claim_6876,requires
1579,78,Claim_4365,Claim_5554,supports
1580,368,Claim_4721,Claim_8587,contradicts
1581,930,Claim_3525,Claim_9108,extends
1582,223,Claim_271,Claim_7962,extends
1583,709,Claim_3981,Claim_7299,supports
1584,685,Claim_3478,Claim_6293,contradicts
1585,144,Claim_3178,Claim_5962,supports
1586,727,Claim_1929,Claim_6980,extends
1587,287,Claim_4556,Claim_8869,requires
1588,193,Claim_3192,Claim_7869,supports
1589,541,Claim_4396,Claim_7243,supports
1590,629,Claim_4396,Claim_8350,requires
1591,84,Claim_1733,Claim_6157,contradicts
1592,22,Claim_3279,Claim_6952,contradicts
1593,996,Claim_3872,Claim_6495,contradicts
1594,479,Claim_3302,Claim_6671,contradicts
1595,488,Claim_1208,Claim_8251,contradicts
1596,36,Claim_93,Claim_8810,extends
1597,567,Claim_2450,Claim_6857,contradicts
1598,538,Claim_68,Claim_5222,requires
1599,445,Claim_4657,Claim_6320,contradicts
1600,661,Claim_2565,Claim_5135,contradicts
1601,67,Claim_2190,Claim_5236,contradicts
1602,516,Claim_3828,Claim_6831,contradicts
1603,739,Claim_4976,Claim_8996,contradicts
1604,280,Claim_1849,Claim_7352,contradicts
1605,241,Claim_3127,Claim_7406,requires
1606,103,Claim_504,Claim_8993,requires
1607,739,Claim_4702,Claim_9958,requires
1608,468,Claim_1167,Claim_6225,extends
1609,145,Claim_3517,Claim_7519,requires
1610,748,Claim_693,Claim_7653,extends
1611,243,Claim_280,Claim_5086,extends
1612,509,Claim_92,Claim_6113,requires
1613,794,Claim_2977,Claim_5491,requires
1614,863,Claim_3437,Claim_8854,requires
1615,711,Claim_4613,Claim_6993,supports
1616,919,Claim_2615,Claim_5887,contradicts
1617,367,Claim_1969,Claim_9540,requires
1618,665,Claim_4869,Claim_5081,supports
1619,953,Claim_3563,Claim_9225,supports
1620,159,Claim_308,Claim_9080,contradicts
1621,894,Claim_53,Claim_5448,supports
1622,413,Claim_663,Claim_7851,contradicts
1623,543,Claim_2838,Claim_9657,extends
1624,888,Claim_4796,Claim_6285,extends
1625,888,Claim_2117,Claim_7099,contradicts
1626,365,Claim_3573,Claim_7775,extends
1627,218,Claim_1487,Claim_6042,supports
1628,311,Claim_4392,Claim_7533,contradicts
1629,786,Claim_688,Claim_6553,contradicts
1630,672,Claim_700,Claim_8664,requires
1631,578,Claim_4913,Claim_6631,extends
1632,961,Claim_425,Claim_6954,supports
1633,325,Claim_3555,Claim_9783,contradicts
1634,602,Claim_341,Claim_8946,supports
1635,358,Claim_3567,Claim_9897,contradicts
1636,726,Claim_534,Claim_5107,requires
1637,842,Claim_1710,Claim_8369,supports
1638,667,Claim_522,Claim_6149,requires
1639,299,Claim_337,Claim_9117,supports
1640,66,Claim_3715,Claim_6563,supports
1641,704,Claim_3079,Claim_9735,extends
1642,853,Claim_4345,Claim_6191,supports
1643,283,Claim_2573,Claim_6085,requires
1644,911,Claim_4256,Claim_9776,requires
1645,139,Claim_4140,Claim_9721,extends
1646,8,Claim_1533,Claim_9527,contradicts
1647,58,Claim_2955,Claim_6184,supports
1648,515,Claim_2943,Claim_5388,contradicts
1649,393,Claim_428,Claim_9585,extends
1650,762,Claim_876,Claim_9678,supports
1651,154,Claim_3346,Claim_5438,contradicts
1652,719,Claim_4476,Claim_7900,requires
1653,334,Claim_2159,Claim_9519,supports
1654,562,Claim_2227,Claim_7232,supports
1655,609,Claim_1981,Claim_9454,requires
1656,362,Claim_2522,Claim_8761,supports
1657,638,Claim_1530,Claim_9093,supports
1658,704,Claim_3054,Claim_7077,requires
1659,314,Claim_4338,Claim_8867,supports
1660,345,Claim_3270,Claim_8118,extends
1661,231,Claim_225,Claim_5388,contradicts
1662,402,Claim_56,Claim_9788,contradicts
1663,279,Claim_3206,Claim_5886,contradicts
1664,11,Claim_798,Claim_6135,extends
1665,939,Claim_2741,Claim_5432,requires
1666,405,Claim_3072,Claim_8082,requires
1667,857,Claim_453,Claim_7950,supports
1668,358,Claim_171,Claim_9189,contradicts
1669,660,Claim_3053,Claim_8751,requires
1670,338,Claim_3971,Claim_9406,extends
1671,846,Claim_3902,Claim_9694,extends
1672,598,Claim_789,Claim_9931,contradicts
1673,500,Claim_2184,Claim_6850,requires
1674,156,Claim_4645,Claim_9863,supports
1675,722,Claim_1563,Claim_7668,extends
1676,85,Claim_4641,Claim_8176,supports
1677,607,Claim_1022,Claim_5221,extends
1678,467,Claim_3462,Claim_7229,requires
1679,73,Claim_2528,Claim_6535,contradicts
1680,692,Claim_1867,Claim_6380,supports
1681,104,Claim_609,Claim_9759,supports
1682,134,Claim_3579,Claim_8413,extends
1683,241,Claim_3973,Claim_8687,extends
1684,648,Claim_4524,Claim_5894,extends
1685,972,Claim_2043,Claim_5061,extends
1686,101,Claim_2156,Claim_8031,extends
1687,256,Claim_4021,Claim_9375,supports
1688,213,Claim_2529,Claim_8162,extends
1689,820,Claim_1607,Claim_6481,requires
1690,271,Claim_1257,Claim_7986,requires
1691,328,Claim_3305,Claim_9526,requires
1692,424,Claim_4354,Claim_5280,contradicts
1693,943,Claim_4537,Claim_5334,supports
1694,51,Claim_2952,Claim_9557,contradicts
1695,943,Claim_1764,Claim_9461,supports
1696,336,Claim_3844,Claim_8052,supports
1697,935,Claim_759,Claim_7573,contradicts
1698,227,Claim_4453,Claim_7729,requires
1699,554,Claim_873,Claim_9587,supports
1700,985,Claim_3940,Claim_8720,contradicts
1701,635,Claim_874,Claim_7311,supports
1702,356,Claim_936,Claim_7417,contradicts
1703,438,Claim_3329,Claim_5760,contradicts
1704,259,Claim_906,Claim_8721,supports
1705,37,Claim_31,Claim_8332,contradicts
1706,425,Claim_1160,Claim_8241,requires
1707,439,Claim_4394,Claim_9533,contradicts
1708,298,Claim_2570,Claim_7725,extends
1709,796,Claim_3269,Claim_6801,requires
1710,954,Claim_4066,Claim_8487,requires
1711,370,Claim_4952,Claim_7886,supports
1712,173,Claim_1873,Claim_7258,contradicts
1713,945,Claim_1088,Claim_6909,supports
1714,855,Claim_3506,Claim_6483,extends
1715,391,Claim_3515,Claim_7207,contradicts
1716,629,Claim_883,Claim_9314,requires
1717,100,Claim_2557,Claim_8154,extends
1718,562,Claim_4234,Claim_6915,requires
1719,224,Claim_2746,Claim_9404,supports
1720,676,Claim_3065,Claim_6693,extends
1721,89,Claim_2956,Claim_5673,extends
1722,80,Claim_1614,Claim_7831,requires
1723,117,Claim_896,Claim_8640,supports
1724,168,Claim_3975,Claim_9152,contradicts
1725,487,Claim_1538,Claim_7434,contradicts
1726,468,Claim_4733,Claim_6569,requires
1727,175,Claim_1440,Claim_6857,supports
1728,495,Claim_3116,Claim_5624,requires
1729,571,Claim_1315,Claim_6394,contradicts
1730,535,Claim_4476,Claim_7795,contradicts
1731,678,Claim_1615,Claim_5985,extends
1732,650,Claim_2574,Claim_9060,contradicts
1733,16,Claim_4324,Claim_8666,contradicts
1734,458,Claim_2244,Claim_5227,requires
1735,200,Claim_4998,Claim_8905,extends
1736,589,Claim_3440,Claim_5855,requires
1737,356,Claim_3337,Claim_7798,requires
1738,497,Claim_4832,Claim_9684,supports
1739,395,Claim_1022,Claim_9152,extends
1740,759,Claim_2369,Claim_7151,extends
1741,337,Claim_1019,Claim_5708,supports
1742,612,Claim_2591,Claim_7136,contradicts
1743,321,Claim_639,Claim_9793,extends
1744,297,Claim_856,Claim_8024,extends
1745,527,Claim_3539,Claim_6941,contradicts
1746,561,Claim_2058,Claim_5050,supports
1747,986,Claim_3490,Claim_5714,requires
1748,50,Claim_3119,Claim_7064,supports
1749,312,Claim_2507,Claim_7666,extends
1750,252,Claim_4033,Claim_7864,extends
1751,21,Claim_790,Claim_7945,requires
1752,628,Claim_784,Claim_7262,requires
1753,964,Claim_895,Claim_8110,contradicts
1754,79,Claim_2873,Claim_8884,extends
1755,193,Claim_3893,Claim_8486,contradicts
1756,8,Claim_727,Claim_6652,contradicts
1757,74,Claim_4026,Claim_9152,supports
1758,16,Claim_48,Claim_8990,supports
1759,588,Claim_3067,Claim_8948,supports
1760,673,Claim_2451,Claim_7825,supports
1761,320,Claim_4775,Claim_7937,supports
1762,287,Claim_4772,Claim_7943,contradicts
1763,545,Claim_1552,Claim_9446,requires
1764,879,Claim_1743,Claim_8143,supports
1765,979,Claim_3826,Claim_6433,requires
1766,437,Claim_639,Claim_9240,supports
1767,548,Claim_2108,Claim_6977,supports
1768,392,Claim_4431,Claim_7548,extends
1769,879,Claim_3838,Claim_6392,extends
1770,668,Claim_191,Claim_9871,supports
1771,467,Claim_144,Claim_7554,requires
1772,283,Claim_2055,Claim_7789,supports
1773,242,Claim_180,Claim_5057,requires
1774,688,Claim_22,Claim_7144,contradicts
1775,731,Claim_1019,Claim_9999,supports
1776,524,Claim_686,Claim_9205,requires
1777,237,Claim_1729,Claim_5433,supports
1778,182,Claim_4039,Claim_8094,extends
1779,732,Claim_1137,Claim_8744,extends
1780,171,Claim_1694,Claim_9066,extends
1781,853,Claim_3496,Claim_7655,supports
1782,269,Claim_1701,Claim_6198,requires
1783,912,Claim_368,Claim_7720,supports
1784,267,Claim_3804,Claim_6916,contradicts
1785,216,Claim_2682,Claim_6154,extends
1786,429,Claim_2999,Claim_7132,extends
1787,54,Claim_2818,Claim_6714,requires
1788,910,Claim_1556,Claim_7501,contradicts
1789,99,Claim_1596,Claim_7841,requires
1790,304,Claim_1189,Claim_8448,supports
1791,649,Claim_3112,Claim_5508,supports
1792,625,Claim_4602,Claim_8756,extends
1793,479,Claim_2092,Claim_5091,contradicts
1794,92,Claim_2117,Claim_6986,supports
1795,939,Claim_3169,Claim_7384,supports
1796,811,Claim_565,Claim_9981,supports
1797,719,Claim_1640,Claim_8558,contradicts
1798,430,Claim_2544,Claim_5405,extends
1799,715,Claim_2955,Claim_7364,extends
1800,439,Claim_334,Claim_5346,requires
1801,131,Claim_4424,Claim_9712,extends
1802,172,Claim_1552,Claim_9266,contradicts
1803,209,Claim_2950,Claim_8789,extends
1804,551,Claim_4890,Claim_7615,contradicts
1805,377,Claim_4607,Claim_9631,extends
1806,160,Claim_2671,Claim_5523,requires
1807,286,Claim_3983,Claim_7639,extends
1808,611,Claim_2219,Claim_8648,requires
1809,364,Claim_3262,Claim_8001,contradicts
1810,105,Claim_1331,Claim_9219,contradicts
1811,447,Claim_1654,Claim_9392,extends
1812,439,Claim_4018,Claim_8342,requires
1813,356,Claim_3720,Claim_5478,extends
1814,83,Claim_27,Claim_5642,extends
1815,131,Claim_585,Claim_7011,extends
1816,660,Claim_4226,Claim_9039,contradicts
1817,805,Claim_1723,Claim_7145,extends
1818,76,Claim_2469,Claim_7354,extends
1819,845,Claim_2751,Claim_7364,contradicts
1820,773,Claim_3720,Claim_7364,extends
1821,634,Claim_3482,Claim_9263,extends
1822,576,Claim_1042,Claim_7966,extends
1823,381,Claim_2346,Claim_6763,supports
1824,639,Claim_1576,Claim_7799,extends
1825,955,Claim_2783,Claim_6417,supports
1826,361,Claim_518,Claim_9016,extends
1827,697,Claim_2348,Claim_8112,requires
1828,969,Claim_175,Claim_8544,extends
1829,996,Claim_2096,Claim_8853,supports
1830,986,Claim_2933,Claim_8898,contradicts
1831,426,Claim_864,Claim_5141,supports
1832,681,Claim_630,Claim_5319,extends
1833,839,Claim_166,Claim_6330,extends
1834,912,Claim_841,Claim_6146,extends
1835,597,Claim_2771,Claim_7977,supports
1836,184,Claim_791,Claim_8421,extends
1837,140,Claim_1565,Claim_6256,contradicts
1838,934,Claim_2125,Claim_5809,contradicts
1839,1000,Claim_1037,Claim_6346,requires
1840,839,Claim_1890,Claim_6091,requires
1841,762,Claim_1046,Claim_5933,contradicts
1842,271,Claim_2617,Claim_6663,requires
1843,109,Claim_2754,Claim_5298,contradicts
1844,330,Claim_1022,Claim_8218,requires
1845,557,Claim_3610,Claim_9045,supports
1846,785,Claim_643,Claim_6022,contradicts
1847,780,Claim_4961,Claim_5823,extends
1848,183,Claim_3463,Claim_9397,contradicts
1849,191,Claim_1604,Claim_6433,requires
1850,195,Claim_2767,Claim_7911,contradicts
1851,425,Claim_333,Claim_6701,extends
1852,735,Claim_3170,Claim_9610,extends
1853,89,Claim_288,Claim_7796,requires
1854,85,Claim_4650,Claim_8728,extends
1855,181,Claim_1641,Claim_9491,supports
1856,363,Claim_2403,Claim_7792,contradicts
1857,141,Claim_3720,Claim_9581,requires
1858,448,Claim_1325,Claim_8121,supports
1859,901,Claim_1493,Claim_6764,contradicts
1860,440,Claim_2329,Claim_5180,extends
1861,15,Claim_4376,Claim_8552,supports
1862,615,Claim_3057,Claim_5102,requires
1863,713,Claim_4594,Claim_8577,requires
1864,961,Claim_4662,Claim_8212,extends
1865,684,Claim_4298,Claim_5887,supports
1866,909,Claim_4655,Claim_7379,requires
1867,280,Claim_3185,Claim_5965,extends
1868,241,Claim_684,Claim_9904,supports
1869,37,Claim_1164,Claim_7369,supports
1870,371,Claim_2760,Claim_5927,requires
1871,869,Claim_2678,Claim_9258,requires
1872,928,Claim_1784,Claim_8712,extends
1873,342,Claim_1675,Claim_6661,extends
1874,901,Claim_3880,Claim_5281,extends
1875,517,Claim_4859,Claim_9953,requires
1876,419,Claim_3560,Claim_9110,requires
1877,829,Claim_4367,Claim_8023,contradicts
1878,218,Claim_571,Claim_5729,requires
1879,166,Claim_550,Claim_5487,requires
1880,364,Claim_691,Claim_7497,contradicts
1881,863,Claim_3782,Claim_6694,requires
1882,752,Claim_2980,Claim_7378,extends
1883,81,Claim_150,Claim_7785,contradicts
1884,450,Claim_4058,Claim_5544,supports
1885,955,Claim_1679,Claim_5451,extends
1886,473,Claim_2708,Claim_9697,requires
1887,43,Claim_4565,Claim_9472,contradicts
1888,562,Claim_3138,Claim_9996,requires
1889,623,Claim_1549,Claim_7718,contradicts
1890,209,Claim_2096,Claim_6320,extends
1891,103,Claim_2145,Claim_9648,contradicts
1892,788,Claim_2732,Claim_6369,supports
1893,173,Claim_2832,Claim_9491,requires
1894,47,Claim_3476,Claim_6139,supports
1895,775,Claim_4196,Claim_5881,supports
1896,699,Claim_2233,Claim_5392,supports
1897,325,Claim_1017,Claim_7474,supports
1898,299,Claim_18,Claim_7935,supports
1899,572,Claim_2857,Claim_5117,supports
1900,721,Claim_1984,Claim_7182,requires
1901,645,Claim_2235,Claim_6324,requires
1902,931,Claim_1796,Claim_8397,contradicts
1903,74,Claim_1497,Claim_6408,requires
1904,311,Claim_3705,Claim_6112,contradicts
1905,709,Claim_2187,Claim_6796,extends
1906,293,Claim_2790,Claim_6736,requires
1907,14,Claim_2370,Claim_6037,contradicts
1908,27,Claim_4399,Claim_5686,requires
1909,290,Claim_2265,Claim_6133,contradicts
1910,689,Claim_1944,Claim_9680,requires
1911,541,Claim_2765,Claim_6522,requires
1912,813,Claim_3544,Claim_9122,extends
1913,20,Claim_4657,Claim_5802,supports
1914,170,Claim_1249,Claim_7513,requires
1915,400,Claim_1008,Claim_7128,extends
1916,799,Claim_4399,Claim_5321,requires
1917,2,Claim_1323,Claim_5066,requires
1918,602,Claim_126,Claim_9976,requires
1919,691,Claim_2023,Claim_7933,supports
1920,851,Claim_2607,Claim_5635,supports
1921,481,Claim_2799,Claim_6747,extends
1922,121,Claim_3604,Claim_5450,extends
1923,687,Claim_2870,Claim_6670,extends
1924,511,Claim_4904,Claim_8883,supports
1925,545,Claim_3189,Claim_5422,contradicts
1926,920,Claim_1931,Claim_8832,requires
1927,944,Claim_2832,Claim_9509,requires
1928,185,Claim_3013,Claim_6625,requires
1929,89,Claim_4034,Claim_6134,supports
1930,702,Claim_941,Claim_7649,extends
1931,246,Claim_1861,Claim_5204,supports
1932,205,Claim_1527,Claim_7758,requires
1933,590,Claim_3406,Claim_7226,requires
1934,782,Claim_2060,Claim_5551,extends
1935,947,Claim_1933,Claim_5574,supports
1936,366,Claim_750,Claim_9873,requires
1937,516,Claim_1858,Claim_9999,contradicts
1938,553,Claim_2467,Claim_6294,extends
1939,423,Claim_3542,Claim_6618,supports
1940,377,Claim_2480,Claim_6739,supports
1941,608,Claim_241,Claim_6691,contradicts
1942,709,Claim_4657,Claim_5963,extends
1943,78,Claim_2915,Claim_8121,contradicts
1944,201,Claim_3107,Claim_8540,requires
1945,91,Claim_1698,Claim_8285,contradicts
1946,429,Claim_1604,Claim_7693,supports
1947,765,Claim_2470,Claim_7661,extends
1948,189,Claim_4220,Claim_6112,extends
1949,143,Claim_2664,Claim_6773,contradicts
1950,524,Claim_2630,Claim_6532,requires
1951,781,Claim_4655,Claim_6735,contradicts
1952,611,Claim_3329,Claim_7911,requires
1953,468,Claim_2583,Claim_9504,extends
1954,657,Claim_1813,Claim_7839,extends
1955,123,Claim_4977,Claim_9065,supports
1956,700,Claim_3175,Claim_7411,supports
1957,978,Claim_3549,Claim_7363,supports
1958,148,Claim_1608,Claim_5626,contradicts
1959,288,Claim_336,Claim_6275,contradicts
1960,268,Claim_3771,Claim_9121,extends
1961,9,Claim_3708,Claim_7737,supports
1962,110,Claim_3276,Claim_6613,extends
1963,510,Claim_172,Claim_6553,contradicts
1964,585,Claim_943,Claim_7071,supports
1965,887,Claim_136,Claim_7837,extends
1966,390,Claim_4958,Claim_8252,extends
1967,841,Claim_3387,Claim_7438,extends
1968,476,Claim_1252,Claim_5608,extends
1969,934,Claim_3328,Claim_7143,contradicts
1970,964,Claim_2334,Claim_6661,requires
1971,499,Claim_3426,Claim_9176,requires
1972,626,Claim_3552,Claim_8923,contradicts
1973,400,Claim_3927,Claim_6524,requires
1974,611,Claim_4210,Claim_8346,extends
1975,5,Claim_730,Claim_6905,extends
1976,226,Claim_1087,Claim_9000,extends
1977,832,Claim_776,Claim_8705,supports
1978,176,Claim_3417,Claim_8965,supports
1979,618,Claim_4643,Claim_8153,supports
1980,304,Claim_4940,Claim_7320,supports
1981,878,Claim_4425,Claim_7883,supports
1982,316,Claim_3766,Claim_7906,requires
1983,974,Claim_1010,Claim_8407,supports
1984,816,Claim_1711,Claim_9463,contradicts
1985,598,Claim_2673,Claim_6231,requires
1986,30,Claim_3431,Claim_9223,extends
1987,861,Claim_1292,Claim_9111,requires
1988,580,Claim_2568,Claim_8310,supports
1989,315,Claim_694,Claim_5089,requires
1990,392,Claim_573,Claim_8020,extends
1991,636,Claim_1557,Claim_6295,contradicts
1992,977,Claim_3702,Claim_9324,supports
1993,933,Claim_4483,Claim_9135,contradicts
1994,816,Claim_355,Claim_8470,supports
1995,196,Claim_450,Claim_6824,contradicts
1996,754,Claim_3954,Claim_5584,supports
1997,189,Claim_404,Claim_6125,requires
1998,218,Claim_201,Claim_6139,extends
1999,895,Claim_4327,Claim_7971,contradicts
2000,720,Claim_798,Claim_6142,extends
2001,976,Claim_289,Claim_8807,extends
2002,151,Claim_1614,Claim_5375,extends
2003,249,Claim_3045,Claim_9534,extends
2004,228,Claim_1838,Claim_9722,contradicts
2005,70,Claim_865,Claim_5983,extends
2006,642,Claim_4773,Claim_9073,requires
2007,942,Claim_1996,Claim_9433,requires
2008,617,Claim_1289,Claim_8597,requires
2009,400,Claim_3585,Claim_9371,extends
2010,252,Claim_3208,Claim_5063,contradicts
2011,187,Claim_1067,Claim_9860,requires
2012,830,Claim_3344,Claim_7696,supports
2013,312,Claim_2095,Claim_7132,requires
2014,347,Claim_3765,Claim_7219,extends
2015,25,Claim_3301,Claim_6272,supports
2016,392,Claim_4325,Claim_5530,contradicts
2017,693,Claim_4564,Claim_7448,supports
2018,602,Claim_4144,Claim_8597,extends
2019,52,Claim_1419,Claim_9835,supports
2020,65,Claim_1708,Claim_5083,supports
2021,531,Claim_2226,Claim_6947,extends
2022,600,Claim_981,Claim_7373,supports
2023,594,Claim_4504,Claim_5952,supports
2024,718,Claim_3589,Claim_9841,requires
2025,256,Claim_1598,Claim_5174,contradicts
2026,2,Claim_3724,Claim_7291,contradicts
2027,55,Claim_2313,Claim_7318,extends
2028,868,Claim_1400,Claim_8613,supports
2029,846,Claim_4839,Claim_6361,supports
2030,146,Claim_4261,Claim_7302,contradicts
2031,781,Claim_914,Claim_8354,supports
2032,691,Claim_3095,Claim_9849,extends
2033,701,Claim_3347,Claim_6466,contradicts
2034,851,Claim_477,Claim_9257,contradicts
2035,885,Claim_940,Claim_8505,extends
2036,136,Claim_1971,Claim_9145,supports
2037,201,Claim_4015,Claim_5115,contradicts
2038,495,Claim_2411,Claim_5627,supports
2039,249,Claim_3899,Claim_8367,extends
2040,180,Claim_3395,Claim_7742,contradicts
2041,126,Claim_2674,Claim_6054,contradicts
2042,954,Claim_4376,Claim_6724,contradicts
2043,86,Claim_3536,Claim_6920,contradicts
2044,505,Claim_4236,Claim_5601,supports
2045,422,Claim_2318,Claim_7278,requires
2046,421,Claim_4100,Claim_7251,requires
2047,109,Claim_1558,Claim_6398,supports
2048,812,Claim_824,Claim_5483,extends
2049,853,Claim_4948,Claim_5828,contradicts
2050,534,Claim_2793,Claim_5990,supports
2051,565,Claim_3012,Claim_9307,supports
2052,938,Claim_990,Claim_5436,supports
2053,293,Claim_3146,Claim_5374,extends
2054,196,Claim_3037,Claim_7048,contradicts
2055,650,Claim_4851,Claim_8254,extends
2056,523,Claim_4852,Claim_5121,supports
2057,804,Claim_2218,Claim_5395,supports
2058,870,Claim_1152,Claim_6986,contradicts
2059,440,Claim_1867,Claim_5669,requires
2060,508,Claim_3134,Claim_8238,supports
2061,147,Claim_3711,Claim_5779,requires
2062,575,Claim_4777,Claim_6476,requires
2063,542,Claim_4545,Claim_9555,contradicts
2064,892,Claim_3839,Claim_9200,requires
2065,982,Claim_735,Claim_9467,supports
2066,875,Claim_1629,Claim_9357,extends
2067,315,Claim_4085,Claim_8635,supports
2068,357,Claim_727,Claim_5104,contradicts
2069,486,Claim_1906,Claim_5014,supports
2070,190,Claim_4237,Claim_6349,supports
2071,221,Claim_932,Claim_5645,contradicts
2072,859,Claim_4188,Claim_6415,contradicts
2073,645,Claim_757,Claim_7465,extends
2074,22,Claim_2245,Claim_7422,contradicts
2075,391,Claim_4646,Claim_8805,contradicts
2076,151,Claim_2685,Claim_9609,requires
2077,227,Claim_2461,Claim_9749,supports
2078,779,Claim_175,Claim_5750,requires
2079,430,Claim_4309,Claim_9990,extends
2080,253,Claim_2268,Claim_7947,supports
2081,63,Claim_2117,Claim_5852,contradicts
2082,92,Claim_710,Claim_6623,supports
2083,220,Claim_216,Claim_8632,requires
2084,880,Claim_3197,Claim_5578,requires
2085,5,Claim_3172,Claim_5871,requires
2086,702,Claim_3293,Claim_9558,contradicts
2087,876,Claim_3390,Claim_7547,extends
2088,816,Claim_254,Claim_9910,requires
2089,130,Claim_4350,Claim_7536,supports
2090,525,Claim_866,Claim_9380,requires
2091,588,Claim_3222,Claim_9951,extends
2092,232,Claim_2301,Claim_7085,contradicts
2093,58,Claim_2676,Claim_8031,requires
2094,146,Claim_2533,Claim_9084,requires
2095,176,Claim_680,Claim_6823,requires
2096,874,Claim_1606,Claim_8308,extends
2097,27,Claim_4776,Claim_5610,requires
2098,8,Claim_2233,Claim_9786,contradicts
2099,975,Claim_898,Claim_8909,extends
2100,885,Claim_1587,Claim_5560,supports
2101,65,Claim_3596,Claim_5458,requires
2102,434,Claim_4318,Claim_8080,extends
2103,838,Claim_3588,Claim_6100,supports
2104,715,Claim_4470,Claim_7974,extends
2105,863,Claim_2833,Claim_9208,contradicts
2106,745,Claim_418,Claim_7497,requires
2107,41,Claim_3000,Claim_8741,supports
2108,847,Claim_1302,Claim_8413,contradicts
2109,398,Claim_2839,Claim_8147,contradicts
2110,104,Claim_3510,Claim_7585,requires
2111,400,Claim_3438,Claim_8749,supports
2112,344,Claim_3756,Claim_5919,supports
2113,842,Claim_974,Claim_6150,supports
2114,960,Claim_4049,Claim_5148,supports
2115,535,Claim_145,Claim_7766,extends
2116,784,Claim_3009,Claim_9667,requires
2117,503,Claim_4831,Claim_6522,requires
2118,187,Claim_2962,Claim_7778,extends
2119,354,Claim_3772,Claim_8450,supports
2120,358,Claim_232,Claim_6947,extends
2121,356,Claim_4976,Claim_9205,contradicts
2122,549,Claim_387,Claim_9225,requires
2123,68,Claim_4129,Claim_8532,extends
2124,770,Claim_83,Claim_7072,extends
2125,287,Claim_1189,Claim_6320,requires
2126,554,Claim_3061,Claim_6777,extends
2127,847,Claim_1015,Claim_5028,supports
2128,730,Claim_1970,Claim_6795,extends
2129,10,Claim_4630,Claim_5113,contradicts
2130,8,Claim_389,Claim_7026,requires
2131,955,Claim_3444,Claim_7824,contradicts
2132,854,Claim_4647,Claim_5131,supports
2133,914,Claim_2491,Claim_5348,contradicts
2134,444,Claim_2727,Claim_5004,extends
2135,855,Claim_2884,Claim_8688,requires
2136,39,Claim_4898,Claim_5381,contradicts
2137,626,Claim_462,Claim_6172,requires
2138,754,Claim_4931,Claim_9618,supports
2139,278,Claim_3203,Claim_6581,requires
2140,620,Claim_558,Claim_9874,supports
2141,529,Claim_1581,Claim_9274,requires
2142,903,Claim_2185,Claim_9347,extends
2143,390,Claim_1091,Claim_8347,requires
2144,82,Claim_3384,Claim_6589,requires
2145,977,Claim_3647,Claim_8892,supports
2146,467,Claim_3750,Claim_7608,extends
2147,613,Claim_3368,Claim_9674,contradicts
2148,956,Claim_1474,Claim_8152,supports
2149,367,Claim_2229,Claim_9426,requires
2150,948,Claim_4423,Claim_9459,supports
2151,688,Claim_2170,Claim_5789,extends
2152,265,Claim_2687,Claim_6343,requires
2153,771,Claim_3870,Claim_5291,contradicts
2154,40,Claim_4369,Claim_8871,contradicts
2155,955,Claim_2769,Claim_5336,contradicts
2156,441,Claim_1336,Claim_7176,contradicts
2157,863,Claim_4377,Claim_5659,requires
2158,453,Claim_4232,Claim_9848,contradicts
2159,885,Claim_205,Claim_5831,extends
2160,909,Claim_4703,Claim_5925,extends
2161,539,Claim_3779,Claim_5510,requires
2162,944,Claim_2281,Claim_5662,contradicts
2163,897,Claim_1379,Claim_5180,supports
2164,247,Claim_2265,Claim_9407,contradicts
2165,217,Claim_4523,Claim_6430,supports
2166,959,Claim_2545,Claim_5137,contradicts
2167,400,Claim_1450,Claim_7556,requires
2168,546,Claim_3584,Claim_6606,contradicts
2169,861,Claim_3605,Claim_6516,extends
2170,421,Claim_1332,Claim_8945,extends
2171,239,Claim_389,Claim_9109,supports
2172,248,Claim_2506,Claim_7610,contradicts
2173,318,Claim_3251,Claim_9097,contradicts
2174,823,Claim_2040,Claim_6464,supports
2175,1000,Claim_345,Claim_9865,contradicts
2176,304,Claim_4926,Claim_8171,requires
2177,105,Claim_3991,Claim_8773,extends
2178,59,Claim_3869,Claim_9639,supports
2179,587,Claim_623,Claim_9679,contradicts
2180,407,Claim_3653,Claim_8436,supports
2181,477,Claim_158,Claim_9889,contradicts
2182,121,Claim_760,Claim_5325,extends
2183,732,Claim_2877,Claim_8310,extends
2184,327,Claim_3953,Claim_8260,extends
2185,71,Claim_465,Claim_9875,supports
2186,146,Claim_4315,Claim_5212,contradicts
2187,465,Claim_4837,Claim_7814,contradicts
2188,24,Claim_197,Claim_5449,contradicts
2189,305,Claim_2247,Claim_5604,contradicts
2190,437,Claim_3132,Claim_6952,supports
2191,968,Claim_3067,Claim_8677,extends
2192,509,Claim_3056,Claim_8554,extends
2193,822,Claim_1536,Claim_5179,extends
2194,117,Claim_3695,Claim_7616,extends
2195,843,Claim_4599,Claim_6738,supports
2196,329,Claim_1589,Claim_8765,supports
2197,121,Claim_1859,Claim_8917,requires
2198,720,Claim_237,Claim_8739,extends
2199,5,Claim_1774,Claim_6251,contradicts
2200,532,Claim_4980,Claim_6584,extends
2201,233,Claim_3814,Claim_8946,contradicts
2202,431,Claim_4027,Claim_8899,contradicts
2203,958,Claim_3080,Claim_8179,contradicts
2204,210,Claim_1526,Claim_7272,supports
2205,991,Claim_2405,Claim_9140,contradicts
2206,160,Claim_3429,Claim_9601,supports
2207,909,Claim_3988,Claim_8616,contradicts
2208,488,Claim_2342,Claim_8582,contradicts
2209,543,Claim_2776,Claim_8597,contradicts
2210,404,Claim_2452,Claim_8004,supports
2211,795,Claim_4766,Claim_6471,contradicts
2212,141,Claim_3674,Claim_9652,extends
2213,272,Claim_3162,Claim_9409,extends
2214,868,Claim_4584,Claim_7976,supports
2215,409,Claim_2834,Claim_6183,extends
2216,684,Claim_4272,Claim_9019,extends
2217,335,Claim_884,Claim_5709,requires
2218,493,Claim_4345,Claim_8222,extends
2219,266,Claim_557,Claim_7243,contradicts
2220,574,Claim_3920,Claim_8975,requires
2221,308,Claim_3645,Claim_8339,extends
2222,599,Claim_3652,Claim_5634,supports
2223,198,Claim_552,Claim_9292,requires
2224,874,Claim_1467,Claim_9074,requires
2225,895,Claim_4658,Claim_8426,supports
2226,896,Claim_3358,Claim_9419,requires
2227,449,Claim_2317,Claim_6432,supports
2228,339,Claim_250,Claim_7658,requires
2229,548,Claim_2426,Claim_8305,extends
2230,148,Claim_571,Claim_8320,extends
2231,269,Claim_3334,Claim_7708,supports
2232,545,Claim_3316,Claim_7605,supports
2233,355,Claim_1907,Claim_5704,extends
2234,66,Claim_2401,Claim_5588,extends
2235,730,Claim_4271,Claim_6027,requires
2236,639,Claim_385,Claim_9356,requires
2237,677,Claim_4170,Claim_8500,contradicts
2238,807,Claim_886,Claim_7077,requires
2239,859,Claim_3358,Claim_5435,supports
2240,507,Claim_116,Claim_7867,extends
2241,629,Claim_3398,Claim_8794,supports
2242,110,Claim_2743,Claim_8028,extends
2243,189,Claim_3176,Claim_7526,supports
2244,756,Claim_1096,Claim_7155,requires
2245,980,Claim_3065,Claim_7744,extends
2246,705,Claim_4925,Claim_7960,requires
2247,575,Claim_3706,Claim_6603,contradicts
2248,118,Claim_3108,Claim_9449,extends
2249,143,Claim_47,Claim_6474,extends
2250,818,Claim_3794,Claim_6019,supports
2251,220,Claim_662,Claim_9100,supports
2252,62,Claim_1173,Claim_5674,contradicts
2253,616,Claim_4251,Claim_5422,supports
2254,738,Claim_4372,Claim_7081,requires
2255,998,Claim_2581,Claim_7727,contradicts
2256,458,Claim_3981,Claim_7021,contradicts
2257,704,Claim_1775,Claim_6227,extends
2258,235,Claim_4968,Claim_5560,extends
2259,131,Claim_544,Claim_9504,extends
2260,426,Claim_3197,Claim_9753,contradicts
2261,639,Claim_4240,Claim_7040,contradicts
2262,602,Claim_4203,Claim_5082,contradicts
2263,400,Claim_4919,Claim_9227,requires
2264,212,Claim_1133,Claim_9732,requires
2265,914,Claim_2586,Claim_9182,contradicts
2266,776,Claim_2744,Claim_8498,extends
2267,486,Claim_877,Claim_6553,requires
2268,55,Claim_1177,Claim_7126,contradicts
2269,402,Claim_4999,Claim_9303,contradicts
2270,357,Claim_4620,Claim_9439,supports
2271,617,Claim_503,Claim_8110,requires
2272,953,Claim_231,Claim_9700,contradicts
2273,479,Claim_4297,Claim_6626,supports
2274,836,Claim_3414,Claim_6205,requires
2275,298,Claim_3322,Claim_7717,requires
2276,182,Claim_2193,Claim_7195,contradicts
2277,399,Claim_1987,Claim_5673,extends
2278,746,Claim_4342,Claim_7295,extends
2279,704,Claim_352,Claim_9745,extends
2280,470,Claim_2505,Claim_9800,extends
2281,702,Claim_4646,Claim_5363,supports
2282,702,Claim_656,Claim_6174,extends
2283,39,Claim_1489,Claim_5607,contradicts
2284,672,Claim_790,Claim_6135,contradicts
2285,81,Claim_1723,Claim_8140,contradicts
2286,33,Claim_2660,Claim_7382,supports
2287,733,Claim_3177,Claim_7720,extends
2288,236,Claim_4003,Claim_5065,supports
2289,785,Claim_4403,Claim_8703,requires
2290,488,Claim_3046,Claim_5634,supports
2291,769,Claim_379,Claim_6685,extends
2292,163,Claim_3531,Claim_5218,requires
2293,248,Claim_2351,Claim_8804,contradicts
2294,246,Claim_1317,Claim_8492,requires
2295,979,Claim_2102,Claim_9358,contradicts
2296,433,Claim_2230,Claim_6796,supports
2297,796,Claim_507,Claim_6711,extends
2298,224,Claim_1901,Claim_9463,contradicts
2299,831,Claim_2110,Claim_6989,requires
2300,733,Claim_3561,Claim_8942,extends
2301,57,Claim_2913,Claim_9490,contradicts
2302,551,Claim_1426,Claim_5633,requires
2303,907,Claim_2275,Claim_7796,requires
2304,559,Claim_1217,Claim_6136,contradicts
2305,211,Claim_764,Claim_6116,supports
2306,153,Claim_2915,Claim_7996,extends
2307,754,Claim_1380,Claim_6688,supports
2308,489,Claim_4452,Claim_5979,contradicts
2309,114,Claim_1046,Claim_7703,requires
2310,22,Claim_3380,Claim_8691,supports
2311,469,Claim_4082,Claim_6528,contradicts
2312,260,Claim_2815,Claim_7462,requires
2313,334,Claim_4936,Claim_8589,supports
2314,106,Claim_1889,Claim_5903,contradicts
2315,828,Claim_3402,Claim_9313,requires
2316,216,Claim_960,Claim_5340,extends
2317,306,Claim_1289,Claim_8172,contradicts
2318,325,Claim_4927,Claim_8517,extends
2319,586,Claim_2292,Claim_8502,contradicts
2320,381,Claim_4207,Claim_6751,supports
2321,827,Claim_103,Claim_9691,supports
2322,197,Claim_2837,Claim_9545,contradicts
2323,516,Claim_3902,Claim_6108,requires
2324,195,Claim_1536,Claim_8880,contradicts
2325,36,Claim_1535,Claim_9022,supports
2326,621,Claim_1267,Claim_8186,contradicts
2327,189,Claim_905,Claim_5055,extends
2328,241,Claim_4504,Claim_8596,extends
2329,952,Claim_4230,Claim_9484,supports
2330,501,Claim_2044,Claim_8562,requires
2331,957,Claim_2520,Claim_9663,requires
2332,43,Claim_3103,Claim_7564,supports
2333,746,Claim_959,Claim_9614,requires
2334,679,Claim_2189,Claim_6808,extends
2335,354,Claim_3392,Claim_6176,extends
2336,596,Claim_2731,Claim_5219,extends
2337,75,Claim_634,Claim_5990,requires
2338,6,Claim_362,Claim_5034,supports
2339,551,Claim_1147,Claim_6465,extends
2340,57,Claim_2941,Claim_6932,extends
2341,768,Claim_1367,Claim_5349,extends
2342,590,Claim_2944,Claim_8142,supports
2343,542,Claim_4680,Claim_9329,supports
2344,299,Claim_3479,Claim_8138,supports
2345,870,Claim_3662,Claim_5955,supports
2346,886,Claim_755,Claim_7343,requires
2347,885,Claim_4396,Claim_6486,contradicts
2348,829,Claim_3816,Claim_7888,supports
2349,788,Claim_998,Claim_8991,extends
2350,582,Claim_361,Claim_8213,requires
2351,332,Claim_478,Claim_8301,contradicts
2352,474,Claim_3520,Claim_5318,extends
2353,477,Claim_1613,Claim_5993,requires
2354,21,Claim_1955,Claim_7854,supports
2355,158,Claim_2502,Claim_7788,supports
2356,404,Claim_1633,Claim_6038,requires
2357,804,Claim_499,Claim_7863,extends
2358,865,Claim_2256,Claim_5722,requires
2359,624,Claim_2107,Claim_7572,requires
2360,919,Claim_2456,Claim_8126,requires
2361,388,Claim_3825,Claim_8249,contradicts
2362,422,Claim_984,Claim_7278,extends
2363,732,Claim_4138,Claim_7499,supports
2364,18,Claim_42,Claim_5111,supports
2365,217,Claim_3634,Claim_7156,extends
2366,459,Claim_4183,Claim_7222,requires
2367,750,Claim_800,Claim_5142,requires
2368,247,Claim_4159,Claim_6461,extends
2369,982,Claim_1479,Claim_6207,contradicts
2370,868,Claim_4442,Claim_6827,extends
2371,493,Claim_3503,Claim_6348,extends
2372,892,Claim_1713,Claim_6928,contradicts
2373,338,Claim_364,Claim_5948,contradicts
2374,283,Claim_972,Claim_8857,requires
2375,415,Claim_3024,Claim_8784,requires
2376,835,Claim_3581,Claim_5644,supports
2377,716,Claim_414,Claim_5293,supports
2378,909,Claim_2880,Claim_9903,supports
2379,873,Claim_1005,Claim_9340,requires
2380,167,Claim_2197,Claim_9093,extends
2381,639,Claim_1764,Claim_6689,contradicts
2382,521,Claim_4735,Claim_5699,contradicts
2383,58,Claim_1052,Claim_8234,requires
2384,987,Claim_1846,Claim_5707,contradicts
2385,994,Claim_2848,Claim_7876,supports
2386,665,Claim_155,Claim_9124,requires
2387,380,Claim_4082,Claim_7773,requires
2388,337,Claim_808,Claim_6737,supports
2389,522,Claim_1830,Claim_9519,extends
2390,961,Claim_1578,Claim_9024,supports
2391,682,Claim_4404,Claim_7301,contradicts
2392,263,Claim_3180,Claim_9391,contradicts
2393,17,Claim_864,Claim_6623,supports
2394,251,Claim_4150,Claim_8006,contradicts
2395,874,Claim_895,Claim_9499,contradicts
2396,182,Claim_1850,Claim_6318,requires
2397,758,Claim_2293,Claim_7648,requires
2398,48,Claim_539,Claim_8850,requires
2399,256,Claim_1873,Claim_8991,supports
2400,69,Claim_387,Claim_8459,contradicts
2401,198,Claim_3291,Claim_5363,contradicts
2402,302,Claim_4629,Claim_8985,supports
2403,189,Claim_3875,Claim_9732,extends
2404,81,Claim_312,Claim_9375,extends
2405,900,Claim_3180,Claim_6352,requires
2406,480,Claim_2569,Claim_8428,supports
2407,445,Claim_181,Claim_7464,supports
2408,518,Claim_3553,Claim_8181,supports
2409,626,Claim_2945,Claim_8148,requires
2410,885,Claim_822,Claim_5696,extends
2411,564,Claim_4729,Claim_6063,supports
2412,724,Claim_143,Claim_8939,contradicts
2413,515,Claim_3529,Claim_7493,extends
2414,370,Claim_4605,Claim_6946,supports
2415,600,Claim_4040,Claim_7636,extends
2416,203,Claim_3092,Claim_6624,supports
2417,981,Claim_2146,Claim_9738,extends
2418,514,Claim_4848,Claim_8343,supports
2419,529,Claim_3312,Claim_5984,requires
2420,328,Claim_3234,Claim_9469,requires
2421,224,Claim_2051,Claim_7599,contradicts
2422,818,Claim_4846,Claim_8130,contradicts
2423,684,Claim_1390,Claim_6414,supports
2424,427,Claim_4652,Claim_9698,extends
2425,347,Claim_2811,Claim_9332,extends
2426,56,Claim_89,Claim_6624,contradicts
2427,548,Claim_484,Claim_9521,requires
2428,378,Claim_3324,Claim_7013,contradicts
2429,763,Claim_2375,Claim_5794,supports
2430,520,Claim_4242,Claim_7851,extends
2431,298,Claim_4568,Claim_9476,extends
2432,944,Claim_700,Claim_9981,extends
2433,452,Claim_1341,Claim_8710,requires
2434,519,Claim_1718,Claim_7364,supports
2435,509,Claim_4776,Claim_6540,extends
2436,963,Claim_4112,Claim_5648,supports
2437,396,Claim_3882,Claim_5705,requires
2438,463,Claim_769,Claim_5977,supports
2439,232,Claim_2331,Claim_5357,extends
2440,55,Claim_4026,Claim_6793,requires
2441,68,Claim_4081,Claim_7547,contradicts
2442,466,Claim_2144,Claim_5865,requires
2443,642,Claim_544,Claim_9113,contradicts
2444,655,Claim_4330,Claim_5048,supports
2445,812,Claim_510,Claim_5232,supports
2446,898,Claim_740,Claim_6866,extends
2447,61,Claim_1381,Claim_5963,contradicts
2448,845,Claim_4486,Claim_9824,supports
2449,262,Claim_66,Claim_5653,supports
2450,745,Claim_2026,Claim_9676,extends
2451,112,Claim_2911,Claim_9576,supports
2452,595,Claim_1229,Claim_8819,requires
2453,962,Claim_1207,Claim_7184,contradicts
2454,256,Claim_3673,Claim_8445,contradicts
2455,331,Claim_3092,Claim_5619,contradicts
2456,437,Claim_4595,Claim_9698,supports
2457,383,Claim_4468,Claim_6607,extends
2458,934,Claim_3254,Claim_7690,requires
2459,317,Claim_3993,Claim_5365,supports
2460,299,Claim_4222,Claim_8780,supports
2461,618,Claim_1517,Claim_9989,supports
2462,887,Claim_4186,Claim_6837,extends
2463,966,Claim_4278,Claim_6076,requires
2464,356,Claim_3458,Claim_5994,requires
2465,548,Claim_4757,Claim_8102,supports
2466,139,Claim_3089,Claim_8303,requires
2467,700,Claim_4754,Claim_5969,requires
2468,748,Claim_4703,Claim_9642,extends
2469,747,Claim_3749,Claim_8712,supports
2470,692,Claim_4116,Claim_8477,requires
2471,364,Claim_3736,Claim_7429,requires
2472,381,Claim_4892,Claim_8686,requires
2473,680,Claim_2620,Claim_9919,requires
2474,503,Claim_3553,Claim_8952,extends
2475,709,Claim_4154,Claim_5129,supports
2476,925,Claim_3788,Claim_7606,supports
2477,750,Claim_3371,Claim_9297,extends
2478,197,Claim_2034,Claim_8891,extends
2479,858,Claim_1835,Claim_9637,extends
2480,286,Claim_3831,Claim_7315,supports
2481,949,Claim_1440,Claim_8556,requires
2482,576,Claim_4097,Claim_8313,contradicts
2483,460,Claim_428,Claim_8660,extends
2484,661,Claim_4462,Claim_8016,contradicts
2485,861,Claim_3299,Claim_5025,contradicts
2486,160,Claim_667,Claim_8768,extends
2487,139,Claim_547,Claim_7037,extends
2488,4,Claim_2722,Claim_9211,requires
2489,697,Claim_4592,Claim_9783,extends
2490,819,Claim_4161,Claim_9304,supports
2491,169,Claim_1282,Claim_9821,contradicts
2492,342,Claim_4096,Claim_8264,extends
2493,57,Claim_4195,Claim_9282,extends
2494,511,Claim_262,Claim_8594,supports
2495,853,Claim_4926,Claim_5084,requires
2496,131,Claim_1544,Claim_5681,contradicts
2497,759,Claim_2311,Claim_6842,contradicts
2498,301,Claim_646,Claim_9612,requires
2499,318,Claim_3721,Claim_5026,contradicts
2500,555,Claim_3253,Claim_8998,supports
2501,115,Claim_3604,Claim_6298,contradicts
2502,625,Claim_4329,Claim_7591,requires
2503,246,Claim_2098,Claim_6656,requires
2504,383,Claim_386,Claim_7054,supports
2505,428,Claim_1158,Claim_8210,requires
2506,183,Claim_2180,Claim_5089,requires
2507,168,Claim_4585,Claim_9035,supports
2508,86,Claim_2021,Claim_6169,supports
2509,382,Claim_3262,Claim_8473,requires
2510,64,Claim_517,Claim_5628,requires
2511,122,Claim_3808,Claim_5911,supports
2512,275,Claim_2733,Claim_9999,extends
2513,734,Claim_370,Claim_8903,supports
2514,932,Claim_4225,Claim_9983,supports
2515,154,Claim_1413,Claim_5646,extends
2516,108,Claim_4549,Claim_9773,requires
2517,34,Claim_2566,Claim_5287,extends
2518,941,Claim_2560,Claim_8153,supports
2519,889,Claim_737,Claim_8881,extends
2520,303,Claim_737,Claim_8953,contradicts
2521,934,Claim_721,Claim_7285,requires
2522,856,Claim_2830,Claim_7984,contradicts
2523,336,Claim_704,Claim_6502,extends
2524,881,Claim_1692,Claim_7788,contradicts
2525,602,Claim_615,Claim_8400,contradicts
2526,764,Claim_714,Claim_7859,requires
2527,416,Claim_1585,Claim_5193,extends
2528,392,Claim_1637,Claim_6907,requires
2529,733,Claim_2521,Claim_9170,requires
2530,341,Claim_157,Claim_5447,requires
2531,960,Claim_2414,Claim_7146,extends
2532,334,Claim_1470,Claim_7598,supports
2533,66,Claim_4643,Claim_5718,requires
2534,375,Claim_1893,Claim_8258,contradicts
2535,473,Claim_162,Claim_8219,requires
2536,629,Claim_3499,Claim_8932,requires
2537,520,Claim_812,Claim_6704,contradicts
2538,67,Claim_2531,Claim_7804,extends
2539,281,Claim_2257,Claim_9486,requires
2540,282,Claim_4784,Claim_5532,contradicts
2541,222,Claim_2836,Claim_5201,supports
2542,685,Claim_2175,Claim_6609,contradicts
2543,753,Claim_622,Claim_9266,contradicts
2544,41,Claim_3102,Claim_6710,extends
2545,616,Claim_2110,Claim_8310,contradicts
2546,101,Claim_1675,Claim_6187,requires
2547,88,Claim_403,Claim_5283,contradicts
2548,634,Claim_4775,Claim_5850,extends
2549,440,Claim_2296,Claim_6930,contradicts
2550,775,Claim_3868,Claim_5212,supports
2551,590,Claim_1297,Claim_5141,contradicts
2552,50,Claim_4962,Claim_5779,requires
2553,880,Claim_1731,Claim_6959,extends
2554,675,Claim_1998,Claim_8204,extends
2555,326,Claim_4773,Claim_6803,extends
2556,893,Claim_4526,Claim_8511,contradicts
2557,502,Claim_981,Claim_5911,extends
2558,726,Claim_2401,Claim_9702,supports
2559,144,Claim_4185,Claim_6736,supports
2560,906,Claim_218,Claim_8503,extends
2561,892,Claim_1958,Claim_9359,supports
2562,525,Claim_1736,Claim_6393,contradicts
2563,373,Claim_950,Claim_8396,requires
2564,585,Claim_732,Claim_9044,requires
2565,410,Claim_1003,Claim_9695,requires
2566,9,Claim_4026,Claim_5700,supports
2567,484,Claim_1153,Claim_6224,extends
2568,234,Claim_2673,Claim_9629,supports
2569,255,Claim_1717,Claim_7961,extends
2570,85,Claim_3059,Claim_7026,contradicts
2571,443,Claim_1373,Claim_9452,requires
2572,737,Claim_1125,Claim_7549,contradicts
2573,715,Claim_181,Claim_7234,supports
2574,589,Claim_2079,Claim_5849,contradicts
2575,813,Claim_3657,Claim_9067,supports
2576,775,Claim_3516,Claim_9511,extends
2577,545,Claim_4997,Claim_9410,extends
2578,80,Claim_4393,Claim_6054,contradicts
2579,293,Claim_3164,Claim_9485,extends
2580,833,Claim_793,Claim_8279,extends
2581,385,Claim_1067,Claim_9898,requires
2582,5,Claim_1737,Claim_9286,requires
2583,874,Claim_2334,Claim_8598,extends
2584,145,Claim_1331,Claim_6784,extends
2585,981,Claim_1132,Claim_7067,extends
2586,877,Claim_3546,Claim_6639,requires
2587,892,Claim_4557,Claim_6760,requires
2588,525,Claim_644,Claim_6299,contradicts
2589,258,Claim_853,Claim_7406,contradicts
2590,140,Claim_4272,Claim_8975,contradicts
2591,489,Claim_2845,Claim_5061,contradicts
2592,265,Claim_3815,Claim_7319,supports
2593,454,Claim_3476,Claim_7558,extends
2594,280,Claim_2203,Claim_5639,supports
2595,353,Claim_3754,Claim_9803,contradicts
2596,684,Claim_276,Claim_8168,contradicts
2597,187,Claim_2866,Claim_6778,extends
2598,593,Claim_2022,Claim_6051,contradicts
2599,307,Claim_2201,Claim_9405,extends
2600,285,Claim_3066,Claim_5973,contradicts
2601,327,Claim_43,Claim_9507,requires
2602,495,Claim_2607,Claim_7162,requires
2603,140,Claim_4455,Claim_5991,contradicts
2604,685,Claim_3691,Claim_5227,requires
2605,434,Claim_1458,Claim_7837,supports
2606,107,Claim_3513,Claim_6420,extends
2607,27,Claim_2464,Claim_6599,requires
2608,455,Claim_1024,Claim_7123,contradicts
2609,562,Claim_3899,Claim_6352,contradicts
2610,531,Claim_2051,Claim_9788,extends
2611,440,Claim_960,Claim_7855,extends
2612,948,Claim_4251,Claim_6948,supports
2613,331,Claim_3482,Claim_9502,extends
2614,746,Claim_421,Claim_9585,supports
2615,521,Claim_1439,Claim_5175,requires
2616,657,Claim_4115,Claim_5036,extends
2617,176,Claim_295,Claim_9754,extends
2618,365,Claim_1450,Claim_5943,supports
2619,663,Claim_4861,Claim_7243,extends
2620,201,Claim_2831,Claim_7124,requires
2621,579,Claim_672,Claim_6734,supports
2622,748,Claim_1285,Claim_9014,extends
2623,602,Claim_4754,Claim_5093,extends
2624,323,Claim_712,Claim_5187,supports
2625,815,Claim_1375,Claim_6388,requires
2626,613,Claim_4600,Claim_6116,contradicts
2627,858,Claim_3798,Claim_9688,extends
2628,341,Claim_2054,Claim_6735,extends
2629,442,Claim_279,Claim_6901,extends
2630,861,Claim_1399,Claim_7455,supports
2631,565,Claim_37,Claim_8833,requires
2632,658,Claim_264,Claim_5103,extends
2633,493,Claim_4376,Claim_5853,requires
2634,109,Claim_2844,Claim_5404,requires
2635,556,Claim_2686,Claim_6216,contradicts
2636,391,Claim_111,Claim_9148,contradicts
2637,842,Claim_4718,Claim_6325,supports
2638,555,Claim_2676,Claim_5960,contradicts
2639,87,Claim_1531,Claim_6150,requires
2640,939,Claim_3140,Claim_5373,supports
2641,987,Claim_4691,Claim_9780,requires
2642,990,Claim_2374,Claim_9734,contradicts
2643,941,Claim_898,Claim_5843,requires
2644,113,Claim_3058,Claim_9774,supports
2645,241,Claim_3324,Claim_7423,requires
2646,255,Claim_3861,Claim_6031,contradicts
2647,629,Claim_176,Claim_5866,extends
2648,324,Claim_4934,Claim_9718,requires
2649,519,Claim_2288,Claim_9270,extends
2650,276,Claim_1879,Claim_6109,requires
2651,554,Claim_3493,Claim_9017,supports
2652,344,Claim_2558,Claim_6509,contradicts
2653,690,Claim_4874,Claim_7655,requires
2654,84,Claim_4764,Claim_7475,requires
2655,688,Claim_4069,Claim_5423,supports
2656,479,Claim_724,Claim_9917,supports
2657,760,Claim_386,Claim_6903,contradicts
2658,194,Claim_1794,Claim_8291,extends
2659,925,Claim_2862,Claim_6217,supports
2660,641,Claim_3852,Claim_6471,extends
2661,273,Claim_91,Claim_7773,supports
2662,382,Claim_2626,Claim_9367,requires
2663,431,Claim_2029,Claim_5903,contradicts
2664,683,Claim_1813,Claim_9440,requires
2665,58,Claim_3076,Claim_5901,supports
2666,352,Claim_2490,Claim_6195,supports
2667,116,Claim_4276,Claim_9098,contradicts
2668,627,Claim_2104,Claim_9894,supports
2669,639,Claim_1212,Claim_8166,contradicts
2670,688,Claim_4757,Claim_7751,supports
2671,488,Claim_1682,Claim_6907,requires
2672,670,Claim_3195,Claim_8466,contradicts
2673,562,Claim_983,Claim_7283,extends
2674,91,Claim_1786,Claim_8691,contradicts
2675,24,Claim_6,Claim_5761,supports
2676,912,Claim_960,Claim_5881,supports
2677,919,Claim_3358,Claim_7032,extends
2678,186,Claim_2243,Claim_7224,extends
2679,163,Claim_3150,Claim_7846,contradicts
2680,989,Claim_4658,Claim_7575,supports
2681,683,Claim_4210,Claim_9980,supports
2682,658,Claim_4746,Claim_8991,contradicts
2683,880,Claim_2669,Claim_5533,requires
2684,613,Claim_924,Claim_7838,contradicts
2685,894,Claim_1954,Claim_8283,supports
2686,914,Claim_1750,Claim_7210,contradicts
2687,617,Claim_2102,Claim_9374,extends
2688,30,Claim_2324,Claim_7235,supports
2689,538,Claim_383,Claim_9984,supports
2690,35,Claim_48,Claim_8412,contradicts
2691,411,Claim_4432,Claim_5766,extends
2692,193,Claim_1562,Claim_5703,requires
2693,482,Claim_4826,Claim_6380,requires
2694,819,Claim_3153,Claim_7360,supports
2695,781,Claim_1947,Claim_5395,requires
2696,356,Claim_24,Claim_7759,supports
2697,672,Claim_3528,Claim_7279,supports
2698,529,Claim_945,Claim_5494,requires
2699,459,Claim_904,Claim_5471,supports
2700,453,Claim_3079,Claim_8028,supports
2701,19,Claim_2671,Claim_9959,extends
2702,850,Claim_209,Claim_9427,requires
2703,337,Claim_1763,Claim_9087,contradicts
2704,594,Claim_2225,Claim_7899,contradicts
2705,730,Claim_4367,Claim_6604,extends
2706,88,Claim_4303,Claim_7985,requires
2707,395,Claim_2722,Claim_7098,extends
2708,262,Claim_3787,Claim_9179,supports
2709,813,Claim_1211,Claim_8362,supports
2710,8,Claim_3842,Claim_9571,requires
2711,722,Claim_1953,Claim_6441,supports
2712,83,Claim_4901,Claim_8804,supports
2713,644,Claim_1786,Claim_5188,requires
2714,643,Claim_4303,Claim_5989,requires
2715,757,Claim_3472,Claim_6054,extends
2716,988,Claim_1416,Claim_7680,contradicts
2717,940,Claim_4351,Claim_9459,supports
2718,87,Claim_953,Claim_6356,requires
2719,475,Claim_3430,Claim_5807,contradicts
2720,872,Claim_782,Claim_9469,supports
2721,461,Claim_4120,Claim_7180,contradicts
2722,130,Claim_2157,Claim_8187,requires
2723,446,Claim_160,Claim_5501,contradicts
2724,891,Claim_1139,Claim_7828,requires
2725,903,Claim_3370,Claim_7586,requires
2726,95,Claim_1505,Claim_7774,contradicts
2727,306,Claim_2868,Claim_9466,contradicts
2728,817,Claim_3609,Claim_9655,contradicts
2729,90,Claim_4875,Claim_8203,supports
2730,261,Claim_4700,Claim_5147,supports
2731,850,Claim_2168,Claim_5230,supports
2732,343,Claim_2487,Claim_7464,contradicts
2733,877,Claim_4682,Claim_8464,extends
2734,665,Claim_3065,Claim_6186,supports
2735,432,Claim_2862,Claim_7017,requires
2736,837,Claim_1779,Claim_9769,supports
2737,469,Claim_3308,Claim_8198,requires
2738,498,Claim_2922,Claim_6244,contradicts
2739,660,Claim_2438,Claim_6489,supports
2740,991,Claim_1972,Claim_5851,contradicts
2741,493,Claim_4827,Claim_9864,requires
2742,10,Claim_3313,Claim_7844,supports
2743,105,Claim_1073,Claim_7273,contradicts
2744,776,Claim_479,Claim_8874,requires
2745,564,Claim_1916,Claim_8569,extends
2746,336,Claim_350,Claim_8454,supports
2747,896,Claim_844,Claim_9660,extends
2748,150,Claim_3765,Claim_5982,requires
2749,426,Claim_1404,Claim_6691,extends
2750,367,Claim_1477,Claim_8437,supports
2751,87,Claim_3778,Claim_8666,extends
2752,880,Claim_3414,Claim_7813,contradicts
2753,518,Claim_552,Claim_6672,extends
2754,812,Claim_3561,Claim_5808,extends
2755,344,Claim_2130,Claim_6119,requires
2756,943,Claim_45,Claim_5674,extends
2757,219,Claim_1657,Claim_6087,supports
2758,53,Claim_1361,Claim_7657,extends
2759,45,Claim_2257,Claim_8270,requires
2760,752,Claim_2531,Claim_5140,requires
2761,97,Claim_4461,Claim_8050,extends
2762,239,Claim_928,Claim_5636,contradicts
2763,414,Claim_2417,Claim_9155,extends
2764,332,Claim_3398,Claim_6456,requires
2765,348,Claim_1584,Claim_5873,contradicts
2766,556,Claim_1940,Claim_6948,requires
2767,295,Claim_4610,Claim_6235,supports
2768,353,Claim_1230,Claim_9809,requires
2769,260,Claim_2981,Claim_9268,requires
2770,770,Claim_518,Claim_8099,requires
2771,199,Claim_1715,Claim_5387,extends
2772,136,Claim_1319,Claim_5788,requires
2773,777,Claim_4523,Claim_9207,supports
2774,478,Claim_26,Claim_5784,extends
2775,891,Claim_686,Claim_7740,contradicts
2776,502,Claim_2154,Claim_5718,extends
2777,971,Claim_3013,Claim_5823,extends
2778,107,Claim_4463,Claim_9475,extends
2779,986,Claim_1598,Claim_7379,supports
2780,876,Claim_639,Claim_8844,supports
2781,608,Claim_2492,Claim_7181,contradicts
2782,645,Claim_2996,Claim_8879,requires
2783,755,Claim_3181,Claim_9768,requires
2784,155,Claim_2817,Claim_6652,requires
2785,463,Claim_846,Claim_5840,requires
2786,126,Claim_1117,Claim_5354,extends
2787,313,Claim_3005,Claim_8929,contradicts
2788,126,Claim_3641,Claim_7792,requires
2789,353,Claim_1415,Claim_6706,supports
2790,49,Claim_1069,Claim_6515,contradicts
2791,183,Claim_1058,Claim_6893,requires
2792,94,Claim_3297,Claim_8155,contradicts
2793,234,Claim_1780,Claim_6578,contradicts
2794,939,Claim_693,Claim_9910,requires
2795,642,Claim_1310,Claim_5537,supports
2796,71,Claim_2595,Claim_6094,extends
2797,453,Claim_72,Claim_9739,extends
2798,743,Claim_456,Claim_8455,requires
2799,440,Claim_2103,Claim_6030,supports
2800,650,Claim_956,Claim_5766,requires
2801,943,Claim_2012,Claim_5616,supports
2802,80,Claim_329,Claim_5940,supports
2803,979,Claim_2150,Claim_8215,supports
2804,50,Claim_2717,Claim_6524,supports
2805,319,Claim_4796,Claim_7789,requires
2806,921,Claim_3421,Claim_9382,requires
2807,728,Claim_2838,Claim_5729,supports
2808,206,Claim_4492,Claim_9893,contradicts
2809,216,Claim_3869,Claim_6488,extends
2810,471,Claim_4337,Claim_6885,extends
2811,756,Claim_4919,Claim_5067,extends
2812,349,Claim_1757,Claim_6486,contradicts
2813,275,Claim_4332,Claim_9455,supports
2814,504,Claim_3353,Claim_9904,requires
2815,366,Claim_3791,Claim_8876,requires
2816,323,Claim_2555,Claim_6748,contradicts
2817,986,Claim_4884,Claim_6346,supports
2818,263,Claim_3471,Claim_6934,supports
2819,171,Claim_2421,Claim_7806,extends
2820,266,Claim_3716,Claim_7144,supports
2821,972,Claim_625,Claim_8328,supports
2822,745,Claim_4173,Claim_7174,requires
2823,558,Claim_988,Claim_9572,extends
2824,149,Claim_1339,Claim_6749,contradicts
2825,696,Claim_2221,Claim_9694,contradicts
2826,286,Claim_3720,Claim_7475,contradicts
2827,538,Claim_2909,Claim_8237,contradicts
2828,309,Claim_2692,Claim_5659,contradicts
2829,182,Claim_968,Claim_8015,requires
2830,144,Claim_4804,Claim_5763,contradicts
2831,136,Claim_3109,Claim_5455,requires
2832,66,Claim_1798,Claim_6663,supports
2833,277,Claim_1920,Claim_9384,extends
2834,452,Claim_3304,Claim_7308,requires
2835,119,Claim_1084,Claim_6734,contradicts
2836,331,Claim_2163,Claim_8006,extends
2837,918,Claim_2745,Claim_9679,supports
2838,857,Claim_1704,Claim_8617,extends
2839,859,Claim_86,Claim_8386,requires
2840,452,Claim_1784,Claim_5494,requires
2841,576,Claim_217,Claim_6976,extends
2842,262,Claim_3280,Claim_9582,requires
2843,165,Claim_417,Claim_8923,contradicts
2844,992,Claim_1738,Claim_9614,supports
2845,837,Claim_4911,Claim_5715,extends
2846,563,Claim_1296,Claim_9236,supports
2847,523,Claim_1727,Claim_7626,supports
2848,454,Claim_1936,Claim_9099,contradicts
2849,545,Claim_2637,Claim_7784,supports
2850,372,Claim_302,Claim_8205,supports
2851,355,Claim_770,Claim_5710,contradicts
2852,425,Claim_1091,Claim_8774,contradicts
2853,405,Claim_3334,Claim_6320,supports
2854,481,Claim_3217,Claim_6328,requires
2855,897,Claim_1452,Claim_7538,extends
2856,838,Claim_4141,Claim_6009,contradicts
2857,276,Claim_2971,Claim_8355,contradicts
2858,86,Claim_2200,Claim_9856,requires
2859,352,Claim_1668,Claim_5287,supports
2860,304,Claim_2127,Claim_8154,extends
2861,250,Claim_4458,Claim_7144,contradicts
2862,333,Claim_2326,Claim_7734,supports
2863,92,Claim_1025,Claim_6166,extends
2864,76,Claim_4270,Claim_9119,contradicts
2865,574,Claim_821,Claim_6676,supports
2866,132,Claim_440,Claim_7932,extends
2867,58,Claim_4536,Claim_9702,extends
2868,25,Claim_4636,Claim_6246,extends
2869,156,Claim_325,Claim_6352,contradicts
2870,899,Claim_566,Claim_9095,requires
2871,418,Claim_4851,Claim_8594,supports
2872,840,Claim_3309,Claim_9346,extends
2873,714,Claim_4486,Claim_6302,extends
2874,388,Claim_3349,Claim_8674,contradicts
2875,62,Claim_151,Claim_5059,requires
2876,500,Claim_1814,Claim_7685,contradicts
2877,595,Claim_3355,Claim_6518,contradicts
2878,682,Claim_4897,Claim_7868,supports
2879,749,Claim_945,Claim_6157,supports
2880,223,Claim_2984,Claim_7724,extends
2881,54,Claim_969,Claim_6326,contradicts
2882,228,Claim_2069,Claim_6627,requires
2883,747,Claim_2118,Claim_8186,requires
2884,596,Claim_1824,Claim_8810,supports
2885,437,Claim_3896,Claim_7690,requires
2886,306,Claim_2380,Claim_5188,extends
2887,645,Claim_708,Claim_7195,extends
2888,188,Claim_980,Claim_5607,contradicts
2889,932,Claim_2708,Claim_9046,extends
2890,20,Claim_2843,Claim_8072,contradicts
2891,233,Claim_1334,Claim_5826,requires
2892,830,Claim_4519,Claim_7658,contradicts
2893,325,Claim_7,Claim_6263,requires
2894,844,Claim_4881,Claim_7336,contradicts
2895,15,Claim_2889,Claim_9284,extends
2896,745,Claim_3210,Claim_5441,requires
2897,163,Claim_1219,Claim_9592,contradicts
2898,801,Claim_4737,Claim_9724,extends
2899,984,Claim_4752,Claim_6228,requires
2900,898,Claim_3180,Claim_9141,supports
2901,101,Claim_256,Claim_8277,contradicts
2902,964,Claim_1475,Claim_9344,contradicts
2903,292,Claim_2553,Claim_6603,supports
2904,322,Claim_1431,Claim_6732,requires
2905,106,Claim_2086,Claim_5784,requires
2906,849,Claim_1914,Claim_8647,supports
2907,472,Claim_1327,Claim_9069,contradicts
2908,723,Claim_1142,Claim_5240,supports
2909,896,Claim_2864,Claim_5434,extends
2910,666,Claim_2407,Claim_5039,requires
2911,584,Claim_1858,Claim_9933,requires
2912,486,Claim_4596,Claim_9200,supports
2913,49,Claim_2152,Claim_9161,contradicts
2914,600,Claim_822,Claim_7852,supports
2915,759,Claim_2940,Claim_7173,extends
2916,904,Claim_2425,Claim_9556,requires
2917,536,Claim_2315,Claim_5361,contradicts
2918,108,Claim_2518,Claim_9092,supports
2919,267,Claim_52,Claim_9197,requires
2920,500,Claim_4722,Claim_7862,supports
2921,332,Claim_3282,Claim_9997,extends
2922,138,Claim_4846,Claim_5940,extends
2923,468,Claim_4771,Claim_5278,supports
2924,408,Claim_4544,Claim_9289,contradicts
2925,691,Claim_113,Claim_7525,requires
2926,868,Claim_3308,Claim_6931,extends
2927,12,Claim_4767,Claim_7539,requires
2928,794,Claim_4886,Claim_5820,contradicts
2929,105,Claim_2576,Claim_9723,extends
2930,786,Claim_4107,Claim_7474,extends
2931,479,Claim_3114,Claim_9017,requires
2932,285,Claim_840,Claim_8551,contradicts
2933,248,Claim_3643,Claim_7294,requires
2934,753,Claim_3073,Claim_8611,contradicts
2935,848,Claim_3434,Claim_6688,requires
2936,104,Claim_3096,Claim_7430,extends
2937,407,Claim_558,Claim_5931,supports
2938,981,Claim_3317,Claim_9243,contradicts
2939,602,Claim_3044,Claim_6133,contradicts
2940,73,Claim_4049,Claim_5964,requires
2941,535,Claim_4047,Claim_7465,requires
2942,561,Claim_1343,Claim_7577,requires
2943,654,Claim_2032,Claim_7236,extends
2944,178,Claim_2660,Claim_5720,supports
2945,126,Claim_671,Claim_5222,extends
2946,674,Claim_4561,Claim_9288,extends
2947,711,Claim_961,Claim_7195,supports
2948,277,Claim_628,Claim_5437,supports
2949,92,Claim_1059,Claim_5373,supports
2950,663,Claim_3714,Claim_7503,requires
2951,265,Claim_4589,Claim_5764,contradicts
2952,704,Claim_3892,Claim_9659,requires
2953,99,Claim_4818,Claim_7246,extends
2954,194,Claim_4102,Claim_5463,extends
2955,757,Claim_555,Claim_6416,contradicts
2956,330,Claim_4416,Claim_6263,contradicts
2957,877,Claim_3915,Claim_5072,supports
2958,768,Claim_4081,Claim_5354,extends
2959,473,Claim_4239,Claim_7974,requires
2960,276,Claim_1582,Claim_8357,contradicts
2961,168,Claim_2704,Claim_7249,extends
2962,694,Claim_2537,Claim_8784,supports
2963,971,Claim_1411,Claim_8164,supports
2964,645,Claim_2609,Claim_7394,requires
2965,416,Claim_3575,Claim_9969,extends
2966,944,Claim_13,Claim_8964,extends
2967,586,Claim_3762,Claim_6222,extends
2968,803,Claim_1930,Claim_5952,requires
2969,1000,Claim_209,Claim_9168,requires
2970,965,Claim_1973,Claim_6705,contradicts
2971,774,Claim_2267,Claim_7871,extends
2972,597,Claim_3601,Claim_7949,supports
2973,563,Claim_1413,Claim_9666,supports
2974,705,Claim_1648,Claim_9208,contradicts
2975,399,Claim_4876,Claim_9110,supports
2976,980,Claim_1134,Claim_9564,contradicts
2977,286,Claim_16,Claim_6259,requires
2978,530,Claim_1640,Claim_8440,extends
2979,675,Claim_3101,Claim_9524,contradicts
2980,633,Claim_2426,Claim_5892,contradicts
2981,828,Claim_3751,Claim_9911,supports
2982,271,Claim_2346,Claim_8734,contradicts
2983,84,Claim_2837,Claim_6921,requires
2984,649,Claim_4962,Claim_6366,requires
2985,916,Claim_147,Claim_8534,supports
2986,918,Claim_4423,Claim_6059,extends
2987,700,Claim_4240,Claim_6201,supports
2988,981,Claim_134,Claim_5113,extends
2989,609,Claim_3872,Claim_9394,supports
2990,432,Claim_3947,Claim_9525,extends
2991,641,Claim_2197,Claim_8457,contradicts
2992,647,Claim_2569,Claim_6660,supports
2993,625,Claim_1208,Claim_6223,extends
2994,976,Claim_1393,Claim_5991,extends
2995,527,Claim_4486,Claim_5848,requires
2996,639,Claim_172,Claim_6678,contradicts
2997,840,Claim_4396,Claim_6779,extends
2998,735,Claim_1225,Claim_6865,extends
2999,507,Claim_1177,Claim_6848,contradicts
3000,266,Claim_1133,Claim_7195,supports
3001,921,Claim_3211,Claim_5475,extends
3002,570,Claim_4302,Claim_5668,contradicts
3003,776,Claim_4451,Claim_9786,contradicts
3004,555,Claim_1367,Claim_6345,extends
3005,703,Claim_1570,Claim_6040,extends
3006,515,Claim_2467,Claim_8482,requires
3007,123,Claim_4930,Claim_9782,requires
3008,84,Claim_372,Claim_9165,supports
3009,785,Claim_4170,Claim_8277,extends
3010,151,Claim_909,Claim_6966,extends
3011,457,Claim_2606,Claim_6463,supports
3012,798,Claim_2130,Claim_7825,contradicts
3013,846,Claim_2474,Claim_7109,requires
3014,135,Claim_1265,Claim_8917,supports
3015,732,Claim_421,Claim_7164,requires
3016,822,Claim_2158,Claim_7083,extends
3017,931,Claim_1435,Claim_7812,requires
3018,206,Claim_261,Claim_6789,requires
3019,260,Claim_4220,Claim_7988,supports
3020,538,Claim_1737,Claim_8588,contradicts
3021,867,Claim_1822,Claim_6189,supports
3022,770,Claim_428,Claim_8279,supports
3023,851,Claim_4512,Claim_7020,supports
3024,655,Claim_3725,Claim_8994,extends
3025,978,Claim_3562,Claim_8128,requires
3026,779,Claim_2978,Claim_9160,contradicts
3027,596,Claim_4251,Claim_8619,requires
3028,978,Claim_767,Claim_7599,requires
3029,861,Claim_1920,Claim_6854,extends
3030,341,Claim_1822,Claim_9109,extends
3031,511,Claim_4832,Claim_5306,extends
3032,253,Claim_4376,Claim_9851,contradicts
3033,801,Claim_459,Claim_7675,requires
3034,609,Claim_2372,Claim_8757,requires
3035,781,Claim_859,Claim_6383,requires
3036,962,Claim_4297,Claim_5982,extends
3037,761,Claim_360,Claim_8780,requires
3038,159,Claim_2293,Claim_9432,supports
3039,901,Claim_4706,Claim_7894,extends
3040,164,Claim_2148,Claim_6089,requires
3041,336,Claim_3496,Claim_5949,requires
3042,734,Claim_2011,Claim_8659,extends
3043,56,Claim_647,Claim_8899,supports
3044,66,Claim_921,Claim_8656,contradicts
3045,654,Claim_2705,Claim_7728,requires
3046,466,Claim_3766,Claim_7411,requires
3047,254,Claim_3018,Claim_5917,supports
3048,912,Claim_3430,Claim_8714,contradicts
3049,888,Claim_2434,Claim_7134,supports
3050,805,Claim_4022,Claim_6020,requires
3051,500,Claim_4028,Claim_9255,supports
3052,241,Claim_149,Claim_6358,contradicts
3053,770,Claim_4716,Claim_6111,extends
3054,691,Claim_16,Claim_5080,extends
3055,230,Claim_2480,Claim_5989,requires
3056,825,Claim_987,Claim_7623,contradicts
3057,809,Claim_150,Claim_6606,extends
3058,57,Claim_1883,Claim_9175,supports
3059,195,Claim_3025,Claim_7208,extends
3060,108,Claim_2043,Claim_8613,extends
3061,112,Claim_1238,Claim_9680,contradicts
3062,816,Claim_237,Claim_7217,supports
3063,790,Claim_4433,Claim_9085,contradicts
3064,579,Claim_4638,Claim_8789,extends
3065,142,Claim_1454,Claim_9779,extends
3066,896,Claim_3941,Claim_9303,supports
3067,637,Claim_4837,Claim_6174,extends
3068,904,Claim_4711,Claim_9420,requires
3069,216,Claim_4735,Claim_5772,supports
3070,430,Claim_1463,Claim_5256,contradicts
3071,975,Claim_3514,Claim_8769,requires
3072,933,Claim_1610,Claim_5331,extends
3073,556,Claim_521,Claim_8175,supports
3074,936,Claim_4682,Claim_7109,requires
3075,492,Claim_321,Claim_8832,requires
3076,716,Claim_4406,Claim_8334,contradicts
3077,280,Claim_2246,Claim_9806,supports
3078,123,Claim_4471,Claim_7876,supports
3079,44,Claim_867,Claim_7811,contradicts
3080,685,Claim_1364,Claim_8608,extends
3081,331,Claim_2739,Claim_8764,extends
3082,16,Claim_840,Claim_9130,supports
3083,539,Claim_4050,Claim_6111,contradicts
3084,516,Claim_2470,Claim_6438,extends
3085,17,Claim_1075,Claim_6322,requires
3086,950,Claim_1473,Claim_8972,contradicts
3087,163,Claim_940,Claim_7817,extends
3088,499,Claim_1206,Claim_6978,supports
3089,887,Claim_988,Claim_7183,extends
3090,295,Claim_556,Claim_8163,requires
3091,982,Claim_1916,Claim_9442,extends
3092,428,Claim_3785,Claim_8598,contradicts
3093,814,Claim_4774,Claim_8598,extends
3094,477,Claim_3611,Claim_8819,supports
3095,670,Claim_4685,Claim_9170,contradicts
3096,418,Claim_218,Claim_7888,extends
3097,720,Claim_2468,Claim_8229,contradicts
3098,654,Claim_3608,Claim_7347,supports
3099,629,Claim_3122,Claim_9410,extends
3100,266,Claim_4375,Claim_8578,requires
3101,97,Claim_3499,Claim_7379,requires
3102,808,Claim_1297,Claim_6031,supports
3103,782,Claim_4076,Claim_8935,extends
3104,399,Claim_160,Claim_7668,extends
3105,775,Claim_4891,Claim_5017,supports
3106,88,Claim_106,Claim_5192,supports
3107,494,Claim_3858,Claim_9428,extends
3108,997,Claim_958,Claim_9247,extends
3109,751,Claim_3348,Claim_6666,requires
3110,655,Claim_2050,Claim_5580,requires
3111,696,Claim_391,Claim_6703,extends
3112,191,Claim_2603,Claim_5464,supports
3113,640,Claim_1630,Claim_6892,extends
3114,165,Claim_3890,Claim_7116,contradicts
3115,895,Claim_3025,Claim_7172,contradicts
3116,744,Claim_2324,Claim_7320,requires
3117,970,Claim_1314,Claim_8635,requires
3118,727,Claim_4913,Claim_6432,contradicts
3119,290,Claim_3588,Claim_8766,supports
3120,467,Claim_2555,Claim_5195,requires
3121,948,Claim_3211,Claim_9572,requires
3122,461,Claim_4657,Claim_9734,contradicts
3123,129,Claim_48,Claim_8080,supports
3124,224,Claim_3870,Claim_8515,extends
3125,196,Claim_3709,Claim_8079,supports
3126,842,Claim_4595,Claim_6073,contradicts
3127,738,Claim_4957,Claim_6674,supports
3128,558,Claim_4034,Claim_9242,requires
3129,578,Claim_239,Claim_9917,supports
3130,182,Claim_4099,Claim_5629,extends
3131,970,Claim_676,Claim_6322,requires
3132,223,Claim_2590,Claim_9550,supports
3133,375,Claim_3559,Claim_8918,supports
3134,35,Claim_1418,Claim_8185,extends
3135,175,Claim_2660,Claim_5837,extends
3136,197,Claim_2597,Claim_8435,extends
3137,817,Claim_4158,Claim_7361,contradicts
3138,236,Claim_3992,Claim_6502,extends
3139,905,Claim_4097,Claim_7082,supports
3140,742,Claim_814,Claim_6375,contradicts
3141,908,Claim_1087,Claim_5479,supports
3142,272,Claim_2012,Claim_6526,supports
3143,577,Claim_570,Claim_9431,extends
3144,513,Claim_965,Claim_6258,contradicts
3145,494,Claim_3255,Claim_8432,requires
3146,934,Claim_3822,Claim_9204,extends
3147,27,Claim_1579,Claim_5799,requires
3148,174,Claim_4889,Claim_7184,supports
3149,630,Claim_4993,Claim_6770,requires
3150,359,Claim_659,Claim_6746,requires
3151,426,Claim_4384,Claim_7113,supports
3152,311,Claim_834,Claim_9879,requires
3153,507,Claim_4616,Claim_5817,contradicts
3154,833,Claim_2674,Claim_5560,extends
3155,3,Claim_4168,Claim_7227,requires
3156,359,Claim_2046,Claim_9202,contradicts
3157,94,Claim_4670,Claim_7150,supports
3158,383,Claim_3303,Claim_9421,contradicts
3159,772,Claim_2843,Claim_9768,extends
3160,711,Claim_2066,Claim_5447,supports
3161,49,Claim_3784,Claim_7979,extends
3162,562,Claim_3710,Claim_9984,requires
3163,169,Claim_1141,Claim_7783,requires
3164,805,Claim_2629,Claim_5388,extends
3165,932,Claim_1432,Claim_7756,extends
3166,916,Claim_964,Claim_6283,extends
3167,982,Claim_3891,Claim_6383,contradicts
3168,276,Claim_2339,Claim_9671,contradicts
3169,952,Claim_2580,Claim_5098,extends
3170,698,Claim_110,Claim_8711,contradicts
3171,559,Claim_1086,Claim_7706,contradicts
3172,801,Claim_3506,Claim_8846,requires
3173,153,Claim_1948,Claim_8074,requires
3174,683,Claim_3973,Claim_9262,extends
3175,578,Claim_90,Claim_8636,contradicts
3176,916,Claim_660,Claim_8336,extends
3177,557,Claim_37,Claim_8283,requires
3178,186,Claim_3313,Claim_8956,contradicts
3179,14,Claim_4988,Claim_9738,supports
3180,471,Claim_1710,Claim_8824,extends
3181,174,Claim_913,Claim_9093,requires
3182,281,Claim_4365,Claim_5124,extends
3183,410,Claim_565,Claim_7341,contradicts
3184,311,Claim_2055,Claim_5208,extends
3185,610,Claim_655,Claim_7967,requires
3186,341,Claim_159,Claim_7662,contradicts
3187,574,Claim_2464,Claim_5582,contradicts
3188,585,Claim_1472,Claim_6039,extends
3189,858,Claim_2688,Claim_8290,supports
3190,727,Claim_1096,Claim_6105,extends
3191,999,Claim_2921,Claim_5525,supports
3192,680,Claim_3995,Claim_7459,requires
3193,194,Claim_3404,Claim_6988,supports
3194,359,Claim_4415,Claim_7075,requires
3195,987,Claim_273,Claim_8888,supports
3196,677,Claim_2154,Claim_6875,contradicts
3197,687,Claim_860,Claim_8989,contradicts
3198,621,Claim_1569,Claim_5659,requires
3199,165,Claim_3458,Claim_5537,supports
3200,555,Claim_2153,Claim_7676,requires
3201,206,Claim_626,Claim_7056,requires
3202,699,Claim_4847,Claim_8253,supports
3203,785,Claim_1471,Claim_8456,contradicts
3204,52,Claim_4322,Claim_9387,requires
3205,369,Claim_2745,Claim_9143,contradicts
3206,200,Claim_3873,Claim_9837,requires
3207,552,Claim_4191,Claim_5667,requires
3208,729,Claim_3435,Claim_9219,supports
3209,639,Claim_3315,Claim_7704,supports
3210,108,Claim_4706,Claim_9499,requires
3211,293,Claim_2481,Claim_8890,extends
3212,811,Claim_1481,Claim_5685,requires
3213,656,Claim_3708,Claim_9169,contradicts
3214,301,Claim_2606,Claim_8780,contradicts
3215,917,Claim_3908,Claim_8786,supports
3216,407,Claim_325,Claim_9268,contradicts
3217,756,Claim_2780,Claim_9523,extends
3218,320,Claim_4427,Claim_8058,requires
3219,291,Claim_1898,Claim_6366,requires
3220,723,Claim_2992,Claim_7525,supports
3221,998,Claim_582,Claim_7636,requires
3222,373,Claim_1232,Claim_8874,requires
3223,53,Claim_692,Claim_7821,requires
3224,166,Claim_3193,Claim_8285,supports
3225,553,Claim_466,Claim_8011,extends
3226,462,Claim_4816,Claim_6225,supports
3227,47,Claim_4574,Claim_7669,contradicts
3228,408,Claim_1952,Claim_5836,requires
3229,737,Claim_2274,Claim_8352,supports
3230,410,Claim_3292,Claim_7532,extends
3231,883,Claim_1317,Claim_6956,requires
3232,343,Claim_2695,Claim_9414,extends
3233,528,Claim_4266,Claim_6652,extends
3234,233,Claim_729,Claim_7158,extends
3235,667,Claim_1268,Claim_7930,contradicts
3236,524,Claim_2660,Claim_9735,extends
3237,514,Claim_1425,Claim_5066,requires
3238,440,Claim_3562,Claim_7637,extends
3239,265,Claim_4096,Claim_8674,supports
3240,36,Claim_4649,Claim_5175,supports
3241,156,Claim_4399,Claim_5676,supports
3242,41,Claim_161,Claim_6682,extends
3243,766,Claim_3426,Claim_8271,requires
3244,870,Claim_738,Claim_8822,supports
3245,521,Claim_4190,Claim_8327,contradicts
3246,316,Claim_4755,Claim_5570,requires
3247,997,Claim_1177,Claim_9049,requires
3248,797,Claim_3392,Claim_7832,supports
3249,152,Claim_4989,Claim_7417,extends
3250,363,Claim_512,Claim_5697,extends
3251,137,Claim_4702,Claim_5954,contradicts
3252,980,Claim_1650,Claim_8019,extends
3253,468,Claim_2685,Claim_9797,extends
3254,1000,Claim_3942,Claim_5599,requires
3255,886,Claim_3237,Claim_8231,supports
3256,385,Claim_1370,Claim_7365,extends
3257,621,Claim_1556,Claim_6742,supports
3258,113,Claim_397,Claim_8887,supports
3259,119,Claim_3593,Claim_8777,contradicts
3260,316,Claim_3247,Claim_5162,extends
3261,304,Claim_4581,Claim_8075,contradicts
3262,589,Claim_960,Claim_8993,contradicts
3263,10,Claim_3734,Claim_9486,extends
3264,98,Claim_1082,Claim_6679,extends
3265,119,Claim_2613,Claim_6854,contradicts
3266,613,Claim_4086,Claim_8091,extends
3267,106,Claim_4015,Claim_7349,supports
3268,654,Claim_245,Claim_6813,requires
3269,357,Claim_857,Claim_7443,supports
3270,389,Claim_2296,Claim_9597,requires
3271,712,Claim_3150,Claim_9328,extends
3272,941,Claim_1554,Claim_9994,requires
3273,691,Claim_1579,Claim_6071,requires
3274,542,Claim_3221,Claim_5264,extends
3275,832,Claim_4307,Claim_7375,requires
3276,221,Claim_2948,Claim_8002,contradicts
3277,672,Claim_138,Claim_5558,extends
3278,68,Claim_4918,Claim_9643,supports
3279,269,Claim_4851,Claim_9831,contradicts
3280,133,Claim_2635,Claim_6568,contradicts
3281,591,Claim_2993,Claim_6939,supports
3282,86,Claim_4689,Claim_8176,contradicts
3283,279,Claim_4664,Claim_8998,supports
3284,345,Claim_2376,Claim_7099,contradicts
3285,695,Claim_4813,Claim_9650,supports
3286,267,Claim_2565,Claim_6211,supports
3287,5,Claim_1121,Claim_5308,extends
3288,517,Claim_4467,Claim_8903,supports
3289,647,Claim_3704,Claim_5597,extends
3290,858,Claim_3519,Claim_5182,contradicts
3291,966,Claim_1077,Claim_5547,extends
3292,980,Claim_814,Claim_5051,supports
3293,294,Claim_3337,Claim_9435,requires
3294,624,Claim_3863,Claim_7898,extends
3295,83,Claim_332,Claim_5496,contradicts
3296,565,Claim_3536,Claim_7570,contradicts
3297,180,Claim_2844,Claim_7713,requires
3298,964,Claim_4238,Claim_8144,extends
3299,188,Claim_1355,Claim_5452,contradicts
3300,827,Claim_2182,Claim_7321,supports
3301,472,Claim_726,Claim_5145,contradicts
3302,987,Claim_3136,Claim_9079,extends
3303,615,Claim_1177,Claim_6774,requires
3304,773,Claim_4698,Claim_5270,requires
3305,10,Claim_3113,Claim_7058,requires
3306,146,Claim_1969,Claim_7740,extends
3307,970,Claim_4601,Claim_9717,contradicts
3308,85,Claim_3786,Claim_7985,extends
3309,56,Claim_2492,Claim_8807,requires
3310,24,Claim_327,Claim_7509,extends
3311,715,Claim_60,Claim_8660,requires
3312,133,Claim_3786,Claim_7038,extends
3313,371,Claim_2809,Claim_6748,extends
3314,472,Claim_2515,Claim_6770,extends
3315,160,Claim_3234,Claim_6322,extends
3316,346,Claim_479,Claim_8487,extends
3317,312,Claim_4338,Claim_6728,requires
3318,242,Claim_1122,Claim_6900,supports
3319,74,Claim_2131,Claim_8366,contradicts
3320,435,Claim_3955,Claim_7978,supports
3321,255,Claim_4344,Claim_5461,contradicts
3322,758,Claim_2418,Claim_5698,contradicts
3323,712,Claim_1356,Claim_5506,extends
3324,599,Claim_4055,Claim_5862,supports
3325,834,Claim_991,Claim_5161,contradicts
3326,774,Claim_2216,Claim_6773,extends
3327,37,Claim_2979,Claim_5355,supports
3328,838,Claim_4759,Claim_9813,extends
3329,840,Claim_2083,Claim_5337,requires
3330,714,Claim_162,Claim_5450,requires
3331,899,Claim_3312,Claim_9128,contradicts
3332,683,Claim_4315,Claim_8214,contradicts
3333,336,Claim_4272,Claim_7484,extends
3334,167,Claim_2880,Claim_6517,requires
3335,451,Claim_3197,Claim_9281,contradicts
3336,479,Claim_2749,Claim_8001,requires
3337,862,Claim_2403,Claim_7554,extends
3338,596,Claim_1437,Claim_9049,requires
3339,350,Claim_189,Claim_5709,extends
3340,150,Claim_2946,Claim_6069,requires
3341,845,Claim_3615,Claim_7558,contradicts
3342,141,Claim_1533,Claim_6418,supports
3343,435,Claim_3158,Claim_5476,contradicts
3344,179,Claim_1564,Claim_9172,supports
3345,999,Claim_2250,Claim_9990,requires
3346,78,Claim_2358,Claim_6488,supports
3347,749,Claim_1822,Claim_7607,requires
3348,903,Claim_4086,Claim_8682,extends
3349,124,Claim_1449,Claim_7077,supports
3350,297,Claim_4830,Claim_7011,requires
3351,729,Claim_1747,Claim_8073,extends
3352,773,Claim_1877,Claim_5557,requires
3353,347,Claim_2878,Claim_6672,extends
3354,749,Claim_3826,Claim_6640,contradicts
3355,935,Claim_3958,Claim_8834,requires
3356,223,Claim_512,Claim_8559,contradicts
3357,1000,Claim_4394,Claim_7917,extends
3358,465,Claim_3532,Claim_7918,contradicts
3359,946,Claim_3182,Claim_9807,supports
3360,354,Claim_4541,Claim_9670,requires
3361,225,Claim_234,Claim_7006,requires
3362,772,Claim_4180,Claim_7628,supports
3363,942,Claim_2199,Claim_7556,extends
3364,968,Claim_4643,Claim_9293,extends
3365,419,Claim_4360,Claim_8830,requires
3366,118,Claim_173,Claim_8769,contradicts
3367,25,Claim_2596,Claim_8243,supports
3368,102,Claim_2844,Claim_7893,contradicts
3369,823,Claim_794,Claim_5356,requires
3370,954,Claim_2450,Claim_9876,supports
3371,576,Claim_4270,Claim_8289,requires
3372,907,Claim_856,Claim_5708,contradicts
3373,569,Claim_4324,Claim_9983,supports
3374,66,Claim_3998,Claim_5590,requires
3375,854,Claim_1033,Claim_9856,requires
3376,926,Claim_65,Claim_5649,extends
3377,904,Claim_3397,Claim_9154,extends
3378,658,Claim_958,Claim_7918,requires
3379,173,Claim_2137,Claim_6525,supports
3380,400,Claim_398,Claim_8067,supports
3381,797,Claim_791,Claim_8308,requires
3382,428,Claim_4998,Claim_5087,contradicts
3383,273,Claim_2022,Claim_7734,extends
3384,875,Claim_3322,Claim_9520,extends
3385,753,Claim_551,Claim_9954,contradicts
3386,728,Claim_3666,Claim_5685,supports
3387,710,Claim_1074,Claim_7026,extends
3388,509,Claim_864,Claim_5264,requires
3389,801,Claim_2019,Claim_6033,contradicts
3390,973,Claim_3701,Claim_7994,extends
3391,124,Claim_1483,Claim_6967,supports
3392,827,Claim_1662,Claim_7452,supports
3393,333,Claim_3357,Claim_7059,extends
3394,994,Claim_669,Claim_8628,extends
3395,794,Claim_645,Claim_5471,contradicts
3396,861,Claim_3237,Claim_6717,supports
3397,810,Claim_583,Claim_9301,requires
3398,781,Claim_3727,Claim_5133,supports
3399,580,Claim_4403,Claim_9055,extends
3400,359,Claim_164,Claim_7618,contradicts
3401,945,Claim_2419,Claim_7963,extends
3402,112,Claim_4483,Claim_5874,extends
3403,996,Claim_780,Claim_6218,contradicts
3404,300,Claim_3632,Claim_5030,requires
3405,198,Claim_2097,Claim_5847,extends
3406,367,Claim_176,Claim_7802,contradicts
3407,710,Claim_52,Claim_8683,requires
3408,261,Claim_3956,Claim_5898,requires
3409,709,Claim_1065,Claim_9812,contradicts
3410,197,Claim_3351,Claim_9492,supports
3411,195,Claim_723,Claim_7422,contradicts
3412,927,Claim_1917,Claim_7306,supports
3413,798,Claim_3839,Claim_6096,supports
3414,839,Claim_3610,Claim_9358,contradicts
3415,747,Claim_2841,Claim_9244,contradicts
3416,338,Claim_4389,Claim_7469,supports
3417,182,Claim_1083,Claim_6324,requires
3418,738,Claim_3961,Claim_8104,supports
3419,133,Claim_785,Claim_9539,supports
3420,434,Claim_3554,Claim_8973,extends
3421,344,Claim_1449,Claim_8676,extends
3422,770,Claim_2325,Claim_7085,contradicts
3423,360,Claim_1007,Claim_9824,supports
3424,416,Claim_3605,Claim_9005,contradicts
3425,657,Claim_1178,Claim_5536,supports
3426,872,Claim_4561,Claim_6576,supports
3427,426,Claim_1709,Claim_7267,contradicts
3428,205,Claim_4014,Claim_5843,supports
3429,700,Claim_4251,Claim_7099,extends
3430,340,Claim_3641,Claim_7834,contradicts
3431,190,Claim_1877,Claim_8770,extends
3432,346,Claim_1727,Claim_7115,requires
3433,129,Claim_2552,Claim_9273,requires
3434,533,Claim_4176,Claim_6588,extends
3435,166,Claim_2724,Claim_6812,contradicts
3436,27,Claim_1510,Claim_6491,requires
3437,957,Claim_3654,Claim_7143,requires
3438,656,Claim_4745,Claim_5061,extends
3439,236,Claim_4243,Claim_7088,requires
3440,896,Claim_907,Claim_6800,requires
3441,909,Claim_78,Claim_7782,requires
3442,901,Claim_4023,Claim_7745,extends
3443,167,Claim_1495,Claim_5676,extends
3444,741,Claim_370,Claim_5275,contradicts
3445,13,Claim_1232,Claim_6760,contradicts
3446,137,Claim_387,Claim_6538,extends
3447,695,Claim_4465,Claim_8921,extends
3448,567,Claim_2472,Claim_8056,extends
3449,368,Claim_270,Claim_5446,extends
3450,100,Claim_2572,Claim_8370,extends
3451,557,Claim_1625,Claim_8301,requires
3452,426,Claim_4636,Claim_7293,extends
3453,417,Claim_2776,Claim_9160,requires
3454,749,Claim_2492,Claim_5581,requires
3455,556,Claim_2631,Claim_5936,extends
3456,727,Claim_2537,Claim_7407,contradicts
3457,744,Claim_2628,Claim_7029,extends
3458,611,Claim_3194,Claim_9080,requires
3459,195,Claim_4028,Claim_7583,contradicts
3460,893,Claim_1280,Claim_9437,extends
3461,91,Claim_4125,Claim_9454,requires
3462,112,Claim_3257,Claim_8431,requires
3463,236,Claim_1998,Claim_7453,extends
3464,812,Claim_4196,Claim_5285,supports
3465,100,Claim_2779,Claim_7127,supports
3466,389,Claim_4184,Claim_6411,contradicts
3467,621,Claim_3805,Claim_8739,supports
3468,775,Claim_2919,Claim_7123,supports
3469,73,Claim_2136,Claim_5259,requires
3470,381,Claim_2215,Claim_9048,requires
3471,362,Claim_784,Claim_6487,requires
3472,495,Claim_2241,Claim_9892,supports
3473,470,Claim_2921,Claim_6849,contradicts
3474,104,Claim_1641,Claim_9207,extends
3475,267,Claim_2996,Claim_8386,extends
3476,842,Claim_4631,Claim_6771,extends
3477,310,Claim_4921,Claim_7665,requires
3478,867,Claim_2710,Claim_5890,contradicts
3479,710,Claim_4358,Claim_6258,extends
3480,722,Claim_1751,Claim_5432,contradicts
3481,499,Claim_3286,Claim_5298,contradicts
3482,582,Claim_3498,Claim_8666,requires
3483,758,Claim_2983,Claim_8546,supports
3484,172,Claim_2238,Claim_9625,extends
3485,236,Claim_2446,Claim_7116,supports
3486,320,Claim_3129,Claim_8980,requires
3487,596,Claim_1677,Claim_9172,extends
3488,381,Claim_1352,Claim_5827,contradicts
3489,659,Claim_4878,Claim_6833,requires
3490,979,Claim_1747,Claim_7776,extends
3491,628,Claim_391,Claim_9254,extends
3492,87,Claim_658,Claim_8202,requires
3493,459,Claim_2163,Claim_7160,requires
3494,537,Claim_3579,Claim_9307,requires
3495,205,Claim_1075,Claim_5027,requires
3496,65,Claim_4358,Claim_5710,supports
3497,414,Claim_2075,Claim_7057,supports
3498,680,Claim_4494,Claim_6173,requires
3499,771,Claim_4939,Claim_9081,supports
3500,517,Claim_3826,Claim_5466,supports
3501,352,Claim_1871,Claim_9682,requires
3502,275,Claim_172,Claim_7874,contradicts
3503,80,Claim_4733,Claim_5530,contradicts
3504,736,Claim_4929,Claim_9377,contradicts
3505,673,Claim_995,Claim_6001,requires
3506,296,Claim_1382,Claim_8199,supports
3507,319,Claim_1074,Claim_6163,requires
3508,318,Claim_234,Claim_7431,contradicts
3509,84,Claim_1375,Claim_6364,contradicts
3510,873,Claim_4108,Claim_9635,extends
3511,666,Claim_3770,Claim_5246,supports
3512,51,Claim_1933,Claim_7832,requires
3513,700,Claim_2262,Claim_6834,supports
3514,570,Claim_4641,Claim_5956,supports
3515,31,Claim_2551,Claim_9771,extends
3516,262,Claim_3294,Claim_5300,supports
3517,911,Claim_1235,Claim_9441,contradicts
3518,266,Claim_4666,Claim_9710,requires
3519,923,Claim_1464,Claim_8280,extends
3520,103,Claim_2744,Claim_5431,supports
3521,9,Claim_4536,Claim_8563,requires
3522,453,Claim_433,Claim_7200,extends
3523,756,Claim_4737,Claim_7942,requires
3524,614,Claim_152,Claim_6745,contradicts
3525,286,Claim_378,Claim_8174,contradicts
3526,154,Claim_4328,Claim_6301,extends
3527,873,Claim_2949,Claim_9658,contradicts
3528,828,Claim_4365,Claim_9119,requires
3529,408,Claim_645,Claim_9406,requires
3530,290,Claim_4247,Claim_7314,supports
3531,180,Claim_660,Claim_6218,extends
3532,289,Claim_4666,Claim_8110,supports
3533,359,Claim_4934,Claim_6674,requires
3534,44,Claim_3211,Claim_6198,requires
3535,147,Claim_1850,Claim_7737,extends
3536,401,Claim_2215,Claim_6719,requires
3537,92,Claim_909,Claim_7014,requires
3538,60,Claim_2625,Claim_8845,supports
3539,917,Claim_3543,Claim_6325,contradicts
3540,510,Claim_3062,Claim_7477,requires
3541,988,Claim_367,Claim_5432,requires
3542,262,Claim_3374,Claim_5966,contradicts
3543,385,Claim_4697,Claim_9997,contradicts
3544,527,Claim_2006,Claim_9199,contradicts
3545,415,Claim_362,Claim_6003,requires
3546,826,Claim_3463,Claim_9122,contradicts
3547,568,Claim_3389,Claim_8724,requires
3548,540,Claim_4943,Claim_7728,extends
3549,751,Claim_1124,Claim_7515,requires
3550,785,Claim_2754,Claim_6765,extends
3551,43,Claim_1860,Claim_8201,supports
3552,896,Claim_4675,Claim_9614,extends
3553,129,Claim_3098,Claim_5177,extends
3554,804,Claim_4439,Claim_8253,supports
3555,648,Claim_3041,Claim_8592,contradicts
3556,136,Claim_1551,Claim_8220,extends
3557,461,Claim_4297,Claim_5071,extends
3558,463,Claim_652,Claim_8829,supports
3559,564,Claim_3550,Claim_7638,supports
3560,468,Claim_2334,Claim_8304,supports
3561,707,Claim_1201,Claim_5323,contradicts
3562,857,Claim_3390,Claim_7768,contradicts
3563,335,Claim_3096,Claim_7602,requires
3564,400,Claim_1812,Claim_8158,extends
3565,401,Claim_1598,Claim_9522,supports
3566,214,Claim_1172,Claim_6152,extends
3567,216,Claim_477,Claim_7328,extends
3568,100,Claim_465,Claim_6892,requires
3569,609,Claim_4676,Claim_9498,extends
3570,926,Claim_252,Claim_7476,requires
3571,577,Claim_1761,Claim_9083,supports
3572,938,Claim_758,Claim_6429,extends
3573,206,Claim_2746,Claim_8665,extends
3574,758,Claim_4050,Claim_8860,contradicts
3575,612,Claim_57,Claim_5662,extends
3576,615,Claim_1064,Claim_9831,extends
3577,634,Claim_1268,Claim_5198,supports
3578,240,Claim_1714,Claim_8637,supports
3579,763,Claim_2342,Claim_7631,requires
3580,904,Claim_2189,Claim_5058,contradicts
3581,51,Claim_3871,Claim_7431,supports
3582,948,Claim_663,Claim_6851,extends
3583,552,Claim_1102,Claim_6609,requires
3584,594,Claim_3462,Claim_7558,extends
3585,560,Claim_1211,Claim_8545,extends
3586,90,Claim_1955,Claim_9496,supports
3587,705,Claim_158,Claim_6787,extends
3588,576,Claim_1620,Claim_6927,requires
3589,768,Claim_3736,Claim_6628,requires
3590,72,Claim_2451,Claim_5512,contradicts
3591,511,Claim_3392,Claim_5628,contradicts
3592,907,Claim_2989,Claim_8446,supports
3593,928,Claim_2618,Claim_9391,supports
3594,518,Claim_912,Claim_5613,supports
3595,408,Claim_4994,Claim_9935,contradicts
3596,678,Claim_1239,Claim_9740,extends
3597,169,Claim_1933,Claim_5521,requires
3598,762,Claim_4134,Claim_9747,contradicts
3599,731,Claim_4282,Claim_9759,extends
3600,660,Claim_1206,Claim_5344,supports
3601,929,Claim_318,Claim_9584,supports
3602,941,Claim_59,Claim_8939,extends
3603,236,Claim_1212,Claim_6161,requires
3604,308,Claim_3603,Claim_9251,extends
3605,821,Claim_284,Claim_5743,contradicts
3606,274,Claim_1013,Claim_5049,extends
3607,315,Claim_2208,Claim_7052,extends
3608,348,Claim_2033,Claim_8980,contradicts
3609,142,Claim_2185,Claim_9900,contradicts
3610,95,Claim_4063,Claim_9106,contradicts
3611,563,Claim_2154,Claim_8896,requires
3612,45,Claim_1273,Claim_6763,extends
3613,520,Claim_1555,Claim_5669,supports
3614,618,Claim_539,Claim_8066,requires
3615,935,Claim_562,Claim_9893,supports
3616,11,Claim_2394,Claim_6967,requires
3617,788,Claim_4736,Claim_6434,extends
3618,993,Claim_2542,Claim_5744,supports
3619,686,Claim_1250,Claim_7465,extends
3620,357,Claim_378,Claim_7639,requires
3621,209,Claim_872,Claim_5459,requires
3622,781,Claim_1292,Claim_8472,contradicts
3623,289,Claim_543,Claim_9491,requires
3624,813,Claim_3835,Claim_8539,requires
3625,90,Claim_3843,Claim_8504,requires
3626,719,Claim_1532,Claim_9613,requires
3627,129,Claim_163,Claim_7469,extends
3628,787,Claim_4807,Claim_9034,contradicts
3629,813,Claim_4474,Claim_5722,supports
3630,972,Claim_766,Claim_7529,supports
3631,49,Claim_239,Claim_9319,extends
3632,353,Claim_4853,Claim_6467,extends
3633,49,Claim_3170,Claim_7823,supports
3634,119,Claim_3922,Claim_8388,extends
3635,866,Claim_2663,Claim_5974,contradicts
3636,909,Claim_1246,Claim_9138,supports
3637,44,Claim_2540,Claim_9988,requires
3638,965,Claim_202,Claim_7988,contradicts
3639,429,Claim_4620,Claim_5198,contradicts
3640,864,Claim_353,Claim_9146,contradicts
3641,659,Claim_4808,Claim_7738,supports
3642,487,Claim_118,Claim_7124,extends
3643,827,Claim_408,Claim_7317,requires
3644,216,Claim_180,Claim_9291,requires
3645,573,Claim_4449,Claim_8615,contradicts
3646,951,Claim_1040,Claim_8167,extends
3647,165,Claim_1355,Claim_9278,contradicts
3648,303,Claim_948,Claim_6909,extends
3649,696,Claim_1574,Claim_7635,supports
3650,883,Claim_1434,Claim_5606,supports
3651,221,Claim_3935,Claim_8905,supports
3652,29,Claim_1163,Claim_6956,extends
3653,326,Claim_4446,Claim_6142,extends
3654,339,Claim_193,Claim_8577,extends
3655,480,Claim_2542,Claim_5678,contradicts
3656,485,Claim_437,Claim_9163,extends
3657,172,Claim_4158,Claim_8221,supports
3658,271,Claim_785,Claim_8118,supports
3659,320,Claim_1842,Claim_7800,contradicts
3660,226,Claim_2494,Claim_9792,supports
3661,733,Claim_4121,Claim_9689,extends
3662,861,Claim_2519,Claim_7835,contradicts
3663,464,Claim_2346,Claim_8447,contradicts
3664,741,Claim_1906,Claim_6605,extends
3665,58,Claim_2231,Claim_5132,extends
3666,923,Claim_362,Claim_7777,supports
3667,513,Claim_970,Claim_7952,contradicts
3668,242,Claim_2812,Claim_5027,requires
3669,129,Claim_4935,Claim_6246,contradicts
3670,974,Claim_4386,Claim_5274,contradicts
3671,627,Claim_517,Claim_9665,contradicts
3672,793,Claim_1968,Claim_8631,extends
3673,244,Claim_1751,Claim_5551,extends
3674,834,Claim_1677,Claim_9345,requires
3675,759,Claim_2891,Claim_7755,requires
3676,795,Claim_4518,Claim_7794,supports
3677,877,Claim_1281,Claim_6121,supports
3678,654,Claim_4354,Claim_5148,contradicts
3679,195,Claim_4457,Claim_7434,requires
3680,977,Claim_4724,Claim_6254,requires
3681,609,Claim_3028,Claim_5536,extends
3682,880,Claim_1509,Claim_7294,requires
3683,334,Claim_623,Claim_9475,extends
3684,700,Claim_3029,Claim_9868,supports
3685,262,Claim_3562,Claim_5929,extends
3686,46,Claim_937,Claim_7174,supports
3687,747,Claim_3715,Claim_9831,extends
3688,282,Claim_150,Claim_5046,requires
3689,842,Claim_3644,Claim_5619,requires
3690,647,Claim_491,Claim_5820,supports
3691,576,Claim_1806,Claim_5900,requires
3692,825,Claim_1980,Claim_7532,requires
3693,208,Claim_1435,Claim_5781,contradicts
3694,369,Claim_1815,Claim_6975,requires
3695,885,Claim_2626,Claim_6656,supports
3696,507,Claim_2682,Claim_6076,requires
3697,103,Claim_1515,Claim_6299,contradicts
3698,24,Claim_386,Claim_5270,extends
3699,321,Claim_4702,Claim_6617,requires
3700,860,Claim_2738,Claim_9422,supports
3701,546,Claim_1868,Claim_7816,supports
3702,655,Claim_370,Claim_6516,extends
3703,575,Claim_3875,Claim_7191,supports
3704,1000,Claim_4347,Claim_9844,requires
3705,381,Claim_4000,Claim_9234,contradicts
3706,891,Claim_1118,Claim_6876,contradicts
3707,84,Claim_4598,Claim_5312,extends
3708,824,Claim_3554,Claim_7547,extends
3709,114,Claim_2471,Claim_9796,extends
3710,893,Claim_4363,Claim_9183,contradicts
3711,75,Claim_3176,Claim_6905,contradicts
3712,897,Claim_2339,Claim_9024,requires
3713,666,Claim_4846,Claim_6532,requires
3714,659,Claim_3409,Claim_6629,extends
3715,6,Claim_2834,Claim_8021,supports
3716,856,Claim_3006,Claim_8812,supports
3717,810,Claim_2057,Claim_7909,extends
3718,755,Claim_1893,Claim_5091,contradicts
3719,225,Claim_2050,Claim_7232,supports
3720,371,Claim_4646,Claim_9607,extends
3721,708,Claim_3188,Claim_9232,requires
3722,300,Claim_2385,Claim_6807,extends
3723,690,Claim_4035,Claim_6690,supports
3724,999,Claim_2156,Claim_5093,extends
3725,624,Claim_173,Claim_6863,supports
3726,52,Claim_4465,Claim_5871,supports
3727,228,Claim_4975,Claim_5744,supports
3728,119,Claim_2455,Claim_5103,requires
3729,353,Claim_3062,Claim_9679,requires
3730,551,Claim_3580,Claim_6379,supports
3731,873,Claim_3411,Claim_6761,contradicts
3732,519,Claim_2504,Claim_7359,extends
3733,962,Claim_487,Claim_7733,extends
3734,309,Claim_2137,Claim_8923,contradicts
3735,914,Claim_2905,Claim_5173,extends
3736,917,Claim_1878,Claim_9544,extends
3737,541,Claim_4369,Claim_9574,supports
3738,947,Claim_3229,Claim_5657,extends
3739,971,Claim_3746,Claim_5699,contradicts
3740,701,Claim_4223,Claim_9386,supports
3741,503,Claim_1850,Claim_6176,requires
3742,125,Claim_2520,Claim_8120,extends
3743,358,Claim_2812,Claim_7411,extends
3744,547,Claim_2503,Claim_8562,requires
3745,220,Claim_4449,Claim_8637,extends
3746,54,Claim_1715,Claim_6367,extends
3747,538,Claim_1827,Claim_6270,extends
3748,494,Claim_497,Claim_7558,contradicts
3749,245,Claim_1152,Claim_8907,contradicts
3750,30,Claim_1311,Claim_8111,contradicts
3751,352,Claim_4503,Claim_7652,extends
3752,269,Claim_3005,Claim_9586,supports
3753,170,Claim_1931,Claim_7031,supports
3754,30,Claim_4160,Claim_5815,contradicts
3755,664,Claim_2289,Claim_9394,supports
3756,838,Claim_2669,Claim_5762,contradicts
3757,242,Claim_4229,Claim_9276,extends
3758,486,Claim_1847,Claim_8999,contradicts
3759,926,Claim_4737,Claim_5378,contradicts
3760,673,Claim_2295,Claim_9075,supports
3761,547,Claim_541,Claim_6654,extends
3762,304,Claim_313,Claim_8330,extends
3763,905,Claim_588,Claim_7335,requires
3764,98,Claim_1904,Claim_6775,contradicts
3765,267,Claim_3587,Claim_6550,extends
3766,484,Claim_482,Claim_6383,contradicts
3767,330,Claim_2844,Claim_8201,extends
3768,298,Claim_4501,Claim_5981,contradicts
3769,118,Claim_2896,Claim_8796,requires
3770,681,Claim_908,Claim_9574,supports
3771,766,Claim_3688,Claim_7063,extends
3772,148,Claim_1545,Claim_8513,requires
3773,370,Claim_1120,Claim_9362,contradicts
3774,720,Claim_861,Claim_7122,supports
3775,608,Claim_1,Claim_9199,extends
3776,786,Claim_3669,Claim_7279,contradicts
3777,674,Claim_3708,Claim_7255,contradicts
3778,422,Claim_2859,Claim_9764,extends
3779,381,Claim_146,Claim_8997,requires
3780,892,Claim_1560,Claim_6859,requires
3781,852,Claim_1889,Claim_8404,contradicts
3782,868,Claim_1649,Claim_8062,extends
3783,508,Claim_920,Claim_6481,supports
3784,300,Claim_3229,Claim_6999,supports
3785,512,Claim_492,Claim_5476,contradicts
3786,544,Claim_1689,Claim_5170,contradicts
3787,176,Claim_4418,Claim_8216,extends
3788,153,Claim_1964,Claim_5543,supports
3789,182,Claim_3307,Claim_7941,contradicts
3790,966,Claim_4073,Claim_7305,requires
3791,271,Claim_2386,Claim_9942,extends
3792,406,Claim_3224,Claim_9019,extends
3793,334,Claim_1178,Claim_5815,requires
3794,17,Claim_4263,Claim_7025,contradicts
3795,48,Claim_1368,Claim_9159,requires
3796,825,Claim_2289,Claim_5031,extends
3797,784,Claim_4794,Claim_6668,contradicts
3798,932,Claim_3205,Claim_7291,requires
3799,825,Claim_4911,Claim_6609,contradicts
3800,225,Claim_2753,Claim_8192,extends
3801,820,Claim_862,Claim_7660,contradicts
3802,154,Claim_3415,Claim_6094,requires
3803,466,Claim_665,Claim_9306,extends
3804,953,Claim_3355,Claim_8913,supports
3805,92,Claim_1709,Claim_8532,supports
3806,598,Claim_756,Claim_8379,requires
3807,450,Claim_1793,Claim_6527,extends
3808,124,Claim_3749,Claim_8669,contradicts
3809,604,Claim_2269,Claim_5549,contradicts
3810,272,Claim_3986,Claim_8926,extends
3811,25,Claim_2295,Claim_7799,extends
3812,914,Claim_1834,Claim_8625,requires
3813,603,Claim_3739,Claim_9901,supports
3814,713,Claim_3566,Claim_6128,requires
3815,409,Claim_1232,Claim_7239,extends
3816,590,Claim_3354,Claim_5410,requires
3817,227,Claim_317,Claim_5317,requires
3818,604,Claim_4348,Claim_6417,extends
3819,726,Claim_1771,Claim_9552,supports
3820,486,Claim_4097,Claim_9020,extends
3821,681,Claim_2990,Claim_8431,extends
3822,638,Claim_1517,Claim_5609,supports
3823,516,Claim_3718,Claim_9540,supports
3824,760,Claim_3147,Claim_6164,requires
3825,659,Claim_4699,Claim_9309,requires
3826,449,Claim_1802,Claim_7690,supports
3827,951,Claim_393,Claim_7894,requires
3828,218,Claim_2449,Claim_7459,requires
3829,536,Claim_2812,Claim_5017,supports
3830,636,Claim_2410,Claim_8673,contradicts
3831,468,Claim_4853,Claim_6341,extends
3832,874,Claim_3266,Claim_5813,requires
3833,876,Claim_3372,Claim_6264,supports
3834,558,Claim_3645,Claim_9698,extends
3835,584,Claim_3226,Claim_9422,requires
3836,238,Claim_3497,Claim_9014,requires
3837,848,Claim_3504,Claim_6890,requires
3838,395,Claim_1887,Claim_8049,extends
3839,487,Claim_1956,Claim_8302,supports
3840,19,Claim_3710,Claim_7960,contradicts
3841,12,Claim_2104,Claim_5075,contradicts
3842,117,Claim_1604,Claim_9181,extends
3843,800,Claim_4101,Claim_9700,supports
3844,101,Claim_544,Claim_8764,contradicts
3845,939,Claim_1223,Claim_9457,extends
3846,5,Claim_3844,Claim_9893,supports
3847,510,Claim_3960,Claim_9758,requires
3848,127,Claim_4232,Claim_6427,contradicts
3849,425,Claim_563,Claim_8394,requires
3850,268,Claim_329,Claim_6402,supports
3851,135,Claim_4596,Claim_5215,extends
3852,175,Claim_1471,Claim_7465,contradicts
3853,862,Claim_3178,Claim_8549,supports
3854,996,Claim_3386,Claim_7669,supports
3855,485,Claim_2945,Claim_9601,requires
3856,408,Claim_3353,Claim_6501,requires
3857,364,Claim_4079,Claim_5430,contradicts
3858,929,Claim_1790,Claim_9461,extends
3859,202,Claim_4677,Claim_6439,extends
3860,993,Claim_4277,Claim_7172,supports
3861,638,Claim_4735,Claim_5970,extends
3862,793,Claim_3239,Claim_9906,supports
3863,467,Claim_3320,Claim_7088,contradicts
3864,459,Claim_3641,Claim_7429,extends
3865,455,Claim_1718,Claim_7582,contradicts
3866,975,Claim_453,Claim_8744,supports
3867,740,Claim_2638,Claim_7458,requires
3868,159,Claim_394,Claim_6093,requires
3869,275,Claim_3182,Claim_7682,extends
3870,602,Claim_3383,Claim_8763,contradicts
3871,924,Claim_3862,Claim_5908,supports
3872,719,Claim_3518,Claim_8357,supports
3873,502,Claim_1904,Claim_5938,supports
3874,30,Claim_649,Claim_8670,requires
3875,482,Claim_3291,Claim_8139,supports
3876,54,Claim_1466,Claim_6312,supports
3877,26,Claim_2048,Claim_8524,contradicts
3878,792,Claim_1072,Claim_6780,extends
3879,140,Claim_2034,Claim_7816,contradicts
3880,186,Claim_1156,Claim_5243,contradicts
3881,104,Claim_1354,Claim_7130,contradicts
3882,671,Claim_3289,Claim_6524,supports
3883,152,Claim_190,Claim_6388,contradicts
3884,265,Claim_216,Claim_9727,contradicts
3885,109,Claim_654,Claim_6550,requires
3886,342,Claim_2138,Claim_7852,extends
3887,338,Claim_2566,Claim_5800,requires
3888,796,Claim_3191,Claim_7618,requires
3889,734,Claim_4592,Claim_6805,requires
3890,311,Claim_4932,Claim_7651,supports
3891,849,Claim_4911,Claim_6448,requires
3892,152,Claim_4189,Claim_8950,contradicts
3893,693,Claim_4023,Claim_6251,supports
3894,992,Claim_1570,Claim_5814,contradicts
3895,710,Claim_1610,Claim_5083,requires
3896,104,Claim_2453,Claim_6937,extends
3897,523,Claim_4100,Claim_8000,contradicts
3898,464,Claim_321,Claim_9913,supports
3899,425,Claim_4897,Claim_9713,supports
3900,566,Claim_4638,Claim_6054,extends
3901,808,Claim_3870,Claim_5586,supports
3902,265,Claim_2485,Claim_9740,supports
3903,507,Claim_788,Claim_5857,extends
3904,676,Claim_3459,Claim_7080,requires
3905,554,Claim_443,Claim_8154,requires
3906,528,Claim_2574,Claim_9415,supports
3907,194,Claim_4906,Claim_5824,extends
3908,660,Claim_3774,Claim_8965,supports
3909,345,Claim_1566,Claim_9435,requires
3910,341,Claim_622,Claim_9154,contradicts
3911,218,Claim_2062,Claim_6479,requires
3912,657,Claim_441,Claim_6884,requires
3913,750,Claim_4044,Claim_6664,extends
3914,966,Claim_4210,Claim_5027,supports
3915,259,Claim_741,Claim_7099,extends
3916,169,Claim_3423,Claim_7560,contradicts
3917,127,Claim_66,Claim_7163,extends
3918,966,Claim_1682,Claim_6156,supports
3919,35,Claim_4519,Claim_8169,contradicts
3920,560,Claim_3074,Claim_6426,extends
3921,962,Claim_1829,Claim_7127,requires
3922,537,Claim_549,Claim_6877,contradicts
3923,880,Claim_1370,Claim_5764,supports
3924,921,Claim_2333,Claim_8588,contradicts
3925,407,Claim_3840,Claim_7580,requires
3926,225,Claim_1385,Claim_7595,supports
3927,726,Claim_2051,Claim_5893,contradicts
3928,904,Claim_3439,Claim_5574,requires
3929,952,Claim_1556,Claim_5707,extends
3930,287,Claim_1853,Claim_6226,supports
3931,747,Claim_4762,Claim_8754,extends
3932,259,Claim_3881,Claim_8265,supports
3933,474,Claim_2244,Claim_5398,extends
3934,336,Claim_1674,Claim_5307,supports
3935,788,Claim_2722,Claim_8143,contradicts
3936,127,Claim_3678,Claim_6279,requires
3937,216,Claim_2221,Claim_5457,requires
3938,579,Claim_4018,Claim_7702,contradicts
3939,120,Claim_1862,Claim_6492,requires
3940,199,Claim_46,Claim_5843,contradicts
3941,951,Claim_450,Claim_9518,extends
3942,135,Claim_4132,Claim_6656,supports
3943,605,Claim_1243,Claim_6185,supports
3944,784,Claim_1840,Claim_6695,requires
3945,32,Claim_2073,Claim_7638,supports
3946,222,Claim_4213,Claim_8356,supports
3947,509,Claim_1347,Claim_7448,extends
3948,36,Claim_3361,Claim_6143,requires
3949,193,Claim_2248,Claim_7745,supports
3950,142,Claim_4698,Claim_8025,supports
3951,630,Claim_3618,Claim_6196,contradicts
3952,342,Claim_4447,Claim_8143,requires
3953,640,Claim_1983,Claim_5979,requires
3954,926,Claim_325,Claim_6266,requires
3955,526,Claim_3483,Claim_6608,contradicts
3956,548,Claim_3614,Claim_8435,contradicts
3957,737,Claim_3212,Claim_5784,extends
3958,543,Claim_454,Claim_8345,contradicts
3959,953,Claim_2605,Claim_6294,supports
3960,108,Claim_292,Claim_9889,contradicts
3961,218,Claim_648,Claim_8259,supports
3962,343,Claim_3133,Claim_8201,requires
3963,735,Claim_4535,Claim_7765,requires
3964,773,Claim_857,Claim_6729,contradicts
3965,75,Claim_930,Claim_6069,extends
3966,648,Claim_4395,Claim_9258,supports
3967,9,Claim_2213,Claim_6381,extends
3968,565,Claim_2659,Claim_6483,contradicts
3969,462,Claim_3280,Claim_7618,contradicts
3970,297,Claim_2912,Claim_5353,contradicts
3971,331,Claim_2140,Claim_9430,contradicts
3972,616,Claim_4213,Claim_5360,requires
3973,588,Claim_413,Claim_7507,extends
3974,594,Claim_4495,Claim_8892,contradicts
3975,637,Claim_4463,Claim_7495,contradicts
3976,866,Claim_10,Claim_8241,supports
3977,150,Claim_3180,Claim_9750,supports
3978,585,Claim_2997,Claim_9884,contradicts
3979,50,Claim_2830,Claim_6088,supports
3980,1000,Claim_4635,Claim_9313,supports
3981,192,Claim_8,Claim_9072,requires
3982,511,Claim_1590,Claim_5419,supports
3983,338,Claim_1883,Claim_5164,extends
3984,993,Claim_4751,Claim_6806,extends
3985,208,Claim_3174,Claim_8809,requires
3986,63,Claim_2832,Claim_6156,requires
3987,593,Claim_1120,Claim_7896,extends
3988,554,Claim_2520,Claim_5829,extends
3989,960,Claim_3678,Claim_9817,supports
3990,807,Claim_1838,Claim_6176,contradicts
3991,226,Claim_2037,Claim_6147,contradicts
3992,533,Claim_4593,Claim_9172,contradicts
3993,790,Claim_143,Claim_7489,supports
3994,433,Claim_1416,Claim_8984,contradicts
3995,182,Claim_1124,Claim_5797,extends
3996,688,Claim_919,Claim_5724,contradicts
3997,309,Claim_2225,Claim_7540,contradicts
3998,16,Claim_1194,Claim_7447,requires
3999,715,Claim_600,Claim_5150,supports
4000,399,Claim_4375,Claim_5767,supports
4001,507,Claim_838,Claim_7022,requires
4002,497,Claim_4756,Claim_9012,extends
4003,16,Claim_2744,Claim_5781,contradicts
4004,650,Claim_3226,Claim_5086,requires
4005,195,Claim_4043,Claim_6409,supports
4006,316,Claim_326,Claim_6994,extends
4007,964,Claim_2445,Claim_5075,contradicts
4008,311,Claim_168,Claim_5841,extends
4009,78,Claim_3646,Claim_9553,contradicts
4010,978,Claim_3480,Claim_6682,contradicts
4011,205,Claim_3277,Claim_5569,contradicts
4012,346,Claim_2988,Claim_5268,supports
4013,161,Claim_4916,Claim_5130,contradicts
4014,245,Claim_680,Claim_6307,requires
4015,550,Claim_3481,Claim_8506,requires
4016,450,Claim_2829,Claim_8141,contradicts
4017,409,Claim_5000,Claim_9110,extends
4018,392,Claim_1984,Claim_6690,extends
4019,36,Claim_4659,Claim_7313,supports
4020,417,Claim_4157,Claim_7906,extends
4021,88,Claim_4771,Claim_9741,supports
4022,705,Claim_4302,Claim_8868,supports
4023,69,Claim_2493,Claim_8117,supports
4024,951,Claim_4221,Claim_8848,supports
4025,803,Claim_1341,Claim_8903,extends
4026,912,Claim_1061,Claim_7184,requires
4027,473,Claim_4409,Claim_6895,supports
4028,313,Claim_3180,Claim_7296,extends
4029,342,Claim_237,Claim_9163,extends
4030,244,Claim_1159,Claim_7170,extends
4031,640,Claim_3367,Claim_9680,requires
4032,873,Claim_2500,Claim_8669,requires
4033,219,Claim_1217,Claim_7041,requires
4034,161,Claim_2095,Claim_9845,extends
4035,619,Claim_1358,Claim_5711,extends
4036,237,Claim_1133,Claim_7505,supports
4037,949,Claim_3223,Claim_5590,requires
4038,702,Claim_2365,Claim_8312,supports
4039,367,Claim_3246,Claim_9821,extends
4040,934,Claim_3669,Claim_7067,contradicts
4041,28,Claim_3002,Claim_8332,contradicts
4042,683,Claim_4292,Claim_6376,requires
4043,86,Claim_3519,Claim_9776,supports
4044,205,Claim_2266,Claim_6823,supports
4045,160,Claim_2777,Claim_9591,supports
4046,190,Claim_2622,Claim_8211,extends
4047,86,Claim_4912,Claim_8625,contradicts
4048,487,Claim_3571,Claim_5390,contradicts
4049,751,Claim_2434,Claim_5478,contradicts
4050,151,Claim_2182,Claim_5890,contradicts
4051,150,Claim_3412,Claim_7582,requires
4052,159,Claim_3461,Claim_5577,requires
4053,57,Claim_2101,Claim_8309,contradicts
4054,253,Claim_219,Claim_5222,requires
4055,165,Claim_2504,Claim_8794,requires
4056,915,Claim_3171,Claim_5084,contradicts
4057,794,Claim_1786,Claim_5588,extends
4058,632,Claim_3938,Claim_9333,extends
4059,474,Claim_2326,Claim_8914,requires
4060,389,Claim_4942,Claim_6838,requires
4061,484,Claim_3945,Claim_6520,contradicts
4062,791,Claim_1444,Claim_7105,extends
4063,495,Claim_4178,Claim_7556,supports
4064,181,Claim_4414,Claim_9027,requires
4065,789,Claim_869,Claim_6095,extends
4066,437,Claim_866,Claim_6307,contradicts
4067,855,Claim_4778,Claim_9536,requires
4068,460,Claim_4992,Claim_9647,contradicts
4069,675,Claim_4138,Claim_5601,contradicts
4070,710,Claim_305,Claim_8335,supports
4071,182,Claim_3753,Claim_7843,requires
4072,987,Claim_740,Claim_5088,contradicts
4073,935,Claim_302,Claim_9580,requires
4074,484,Claim_1538,Claim_6174,contradicts
4075,811,Claim_4270,Claim_8218,contradicts
4076,534,Claim_588,Claim_5248,requires
4077,872,Claim_1309,Claim_7261,requires
4078,77,Claim_3172,Claim_7847,requires
4079,631,Claim_1592,Claim_9387,requires
4080,914,Claim_2597,Claim_5570,extends
4081,27,Claim_2755,Claim_7154,supports
4082,364,Claim_1055,Claim_9116,supports
4083,747,Claim_3961,Claim_9106,requires
4084,902,Claim_2453,Claim_8806,requires
4085,8,Claim_931,Claim_8444,requires
4086,142,Claim_136,Claim_6237,extends
4087,198,Claim_3116,Claim_6029,requires
4088,32,Claim_3278,Claim_8041,extends
4089,690,Claim_4586,Claim_5592,extends
4090,832,Claim_3869,Claim_9425,contradicts
4091,968,Claim_3172,Claim_6128,extends
4092,336,Claim_2414,Claim_6851,contradicts
4093,666,Claim_556,Claim_6333,supports
4094,319,Claim_2945,Claim_9465,requires
4095,225,Claim_4517,Claim_7901,contradicts
4096,142,Claim_2377,Claim_5394,contradicts
4097,871,Claim_321,Claim_5469,contradicts
4098,848,Claim_2589,Claim_5719,supports
4099,751,Claim_3270,Claim_8124,requires
4100,13,Claim_3059,Claim_9557,supports
4101,593,Claim_2587,Claim_9660,extends
4102,657,Claim_2139,Claim_6730,supports
4103,345,Claim_4314,Claim_9190,extends
4104,167,Claim_1272,Claim_8070,requires
4105,58,Claim_1381,Claim_5908,supports
4106,422,Claim_4448,Claim_8199,requires
4107,995,Claim_355,Claim_6317,extends
4108,538,Claim_768,Claim_7108,requires
4109,934,Claim_2867,Claim_8560,supports
4110,847,Claim_3951,Claim_9522,supports
4111,978,Claim_2997,Claim_7115,extends
4112,990,Claim_3146,Claim_5711,supports
4113,324,Claim_1977,Claim_9569,extends
4114,228,Claim_3096,Claim_8184,contradicts
4115,292,Claim_4836,Claim_6612,contradicts
4116,478,Claim_2310,Claim_6874,supports
4117,239,Claim_2413,Claim_6161,requires
4118,966,Claim_3815,Claim_9484,contradicts
4119,832,Claim_2795,Claim_8242,requires
4120,750,Claim_529,Claim_5893,contradicts
4121,956,Claim_2869,Claim_8269,supports
4122,916,Claim_3352,Claim_5028,requires
4123,315,Claim_472,Claim_8032,requires
4124,524,Claim_4042,Claim_8505,requires
4125,29,Claim_624,Claim_8859,extends
4126,693,Claim_3121,Claim_5786,contradicts
4127,767,Claim_3860,Claim_6864,supports
4128,464,Claim_2396,Claim_9434,supports
4129,154,Claim_3739,Claim_9904,requires
4130,749,Claim_1097,Claim_9066,extends
4131,13,Claim_917,Claim_9813,requires
4132,640,Claim_4790,Claim_7497,requires
4133,861,Claim_3056,Claim_6250,supports
4134,487,Claim_2394,Claim_8047,requires
4135,322,Claim_4554,Claim_9768,contradicts
4136,201,Claim_4531,Claim_8472,contradicts
4137,847,Claim_2485,Claim_6855,supports
4138,684,Claim_3210,Claim_9281,contradicts
4139,109,Claim_2488,Claim_8063,requires
4140,913,Claim_4715,Claim_7898,contradicts
4141,971,Claim_3724,Claim_6614,supports
4142,351,Claim_3475,Claim_8703,requires
4143,659,Claim_1074,Claim_9337,supports
4144,353,Claim_3477,Claim_5688,extends
4145,665,Claim_175,Claim_6025,extends
4146,878,Claim_1321,Claim_8941,requires
4147,221,Claim_4873,Claim_5740,requires
4148,729,Claim_2328,Claim_9934,requires
4149,212,Claim_4734,Claim_8694,requires
4150,536,Claim_3800,Claim_8141,contradicts
4151,598,Claim_3347,Claim_7421,requires
4152,112,Claim_4369,Claim_5657,requires
4153,365,Claim_1860,Claim_7181,supports
4154,595,Claim_3542,Claim_5883,requires
4155,791,Claim_2820,Claim_5930,supports
4156,823,Claim_3977,Claim_7590,requires
4157,974,Claim_1788,Claim_7320,contradicts
4158,60,Claim_3379,Claim_5409,extends
4159,121,Claim_286,Claim_9820,supports
4160,908,Claim_3137,Claim_6496,requires
4161,630,Claim_3403,Claim_8439,requires
4162,167,Claim_3727,Claim_9132,extends
4163,220,Claim_1435,Claim_6457,requires
4164,945,Claim_1704,Claim_9032,extends
4165,67,Claim_4625,Claim_8384,extends
4166,312,Claim_1585,Claim_8445,supports
4167,773,Claim_1035,Claim_5379,supports
4168,441,Claim_3873,Claim_9558,requires
4169,162,Claim_3458,Claim_8758,supports
4170,380,Claim_3457,Claim_9792,supports
4171,654,Claim_2472,Claim_8840,supports
4172,75,Claim_1292,Claim_9449,extends
4173,975,Claim_4809,Claim_7094,contradicts
4174,300,Claim_644,Claim_8129,contradicts
4175,396,Claim_224,Claim_8994,supports
4176,360,Claim_346,Claim_5010,requires
4177,656,Claim_3223,Claim_7845,extends
4178,562,Claim_2717,Claim_6641,supports
4179,33,Claim_2133,Claim_7686,contradicts
4180,481,Claim_4172,Claim_8278,contradicts
4181,634,Claim_1494,Claim_6230,extends
4182,883,Claim_1033,Claim_5429,supports
4183,788,Claim_3153,Claim_7839,requires
4184,663,Claim_3701,Claim_7506,supports
4185,305,Claim_2230,Claim_6111,supports
4186,85,Claim_4159,Claim_5021,extends
4187,942,Claim_2337,Claim_6180,supports
4188,735,Claim_3102,Claim_9502,requires
4189,869,Claim_1418,Claim_5555,requires
4190,29,Claim_2299,Claim_8515,requires
4191,538,Claim_3872,Claim_5226,supports
4192,819,Claim_4006,Claim_8177,extends
4193,128,Claim_661,Claim_8554,requires
4194,112,Claim_1203,Claim_6927,supports
4195,272,Claim_3192,Claim_7810,extends
4196,904,Claim_3255,Claim_7989,supports
4197,766,Claim_787,Claim_8329,requires
4198,367,Claim_4472,Claim_5834,extends
4199,433,Claim_3340,Claim_6341,extends
4200,780,Claim_1255,Claim_5316,requires
4201,885,Claim_516,Claim_5226,extends
4202,103,Claim_1947,Claim_5172,contradicts
4203,26,Claim_4677,Claim_8121,extends
4204,617,Claim_4700,Claim_7132,requires
4205,564,Claim_1591,Claim_7414,supports
4206,712,Claim_2180,Claim_8249,supports
4207,776,Claim_4576,Claim_6192,contradicts
4208,713,Claim_3637,Claim_7474,supports
4209,759,Claim_3838,Claim_9641,contradicts
4210,948,Claim_1701,Claim_7546,contradicts
4211,292,Claim_925,Claim_8827,contradicts
4212,386,Claim_3517,Claim_8159,supports
4213,852,Claim_4919,Claim_8264,extends
4214,90,Claim_1823,Claim_6395,extends
4215,598,Claim_1480,Claim_8060,supports
4216,118,Claim_4811,Claim_8960,requires
4217,85,Claim_327,Claim_6592,extends
4218,823,Claim_839,Claim_8212,contradicts
4219,872,Claim_4115,Claim_5038,requires
4220,154,Claim_3101,Claim_8900,supports
4221,894,Claim_2720,Claim_5621,supports
4222,635,Claim_1839,Claim_9294,extends
4223,953,Claim_507,Claim_9938,supports
4224,278,Claim_2799,Claim_9183,supports
4225,405,Claim_3852,Claim_6529,supports
4226,616,Claim_1992,Claim_5081,contradicts
4227,133,Claim_272,Claim_5718,contradicts
4228,600,Claim_504,Claim_7866,extends
4229,490,Claim_1862,Claim_5910,supports
4230,784,Claim_4505,Claim_8593,requires
4231,360,Claim_3368,Claim_9025,extends
4232,191,Claim_2250,Claim_5881,extends
4233,523,Claim_3192,Claim_7748,supports
4234,717,Claim_2035,Claim_9230,contradicts
4235,128,Claim_448,Claim_5786,contradicts
4236,825,Claim_4760,Claim_9952,extends
4237,164,Claim_1486,Claim_7168,extends
4238,708,Claim_2223,Claim_7088,contradicts
4239,29,Claim_3277,Claim_8540,supports
4240,873,Claim_2832,Claim_9700,extends
4241,711,Claim_1049,Claim_6100,supports
4242,897,Claim_4841,Claim_9020,requires
4243,718,Claim_2273,Claim_9427,requires
4244,68,Claim_4520,Claim_6542,extends
4245,357,Claim_2765,Claim_9817,supports
4246,302,Claim_1798,Claim_6447,supports
4247,815,Claim_937,Claim_8954,extends
4248,287,Claim_2868,Claim_8093,supports
4249,799,Claim_2819,Claim_5632,extends
4250,57,Claim_4319,Claim_5314,requires
4251,117,Claim_3702,Claim_9206,supports
4252,539,Claim_4051,Claim_5910,extends
4253,349,Claim_1835,Claim_9246,contradicts
4254,453,Claim_1608,Claim_6226,contradicts
4255,159,Claim_488,Claim_7933,requires
4256,61,Claim_1830,Claim_8530,contradicts
4257,583,Claim_3065,Claim_9756,extends
4258,324,Claim_3918,Claim_5211,requires
4259,746,Claim_1531,Claim_8928,extends
4260,616,Claim_16,Claim_7145,requires
4261,764,Claim_4720,Claim_9408,supports
4262,919,Claim_570,Claim_8585,extends
4263,937,Claim_704,Claim_6868,requires
4264,53,Claim_1484,Claim_8532,supports
4265,393,Claim_4008,Claim_5757,requires
4266,934,Claim_3892,Claim_6482,requires
4267,55,Claim_1238,Claim_6188,contradicts
4268,82,Claim_311,Claim_6357,requires
4269,166,Claim_799,Claim_5136,extends
4270,14,Claim_4503,Claim_6692,extends
4271,20,Claim_4741,Claim_5710,contradicts
4272,727,Claim_1855,Claim_6001,extends
4273,549,Claim_2091,Claim_5545,contradicts
4274,821,Claim_2031,Claim_5741,supports
4275,724,Claim_4229,Claim_9867,extends
4276,236,Claim_440,Claim_8947,extends
4277,82,Claim_1888,Claim_9818,requires
4278,147,Claim_4652,Claim_9432,requires
4279,837,Claim_1472,Claim_9335,requires
4280,953,Claim_3780,Claim_5597,extends
4281,937,Claim_335,Claim_7480,extends
4282,874,Claim_1904,Claim_9158,requires
4283,687,Claim_3270,Claim_9132,supports
4284,760,Claim_4813,Claim_5057,supports
4285,760,Claim_3967,Claim_8760,requires
4286,289,Claim_1289,Claim_8774,requires
4287,755,Claim_283,Claim_9967,requires
4288,543,Claim_3017,Claim_6223,contradicts
4289,252,Claim_4809,Claim_5538,extends
4290,938,Claim_4289,Claim_7644,contradicts
4291,972,Claim_558,Claim_6850,supports
4292,883,Claim_3773,Claim_7140,contradicts
4293,551,Claim_2746,Claim_5995,contradicts
4294,259,Claim_2304,Claim_6397,extends
4295,211,Claim_2132,Claim_7094,supports
4296,180,Claim_3056,Claim_9559,contradicts
4297,812,Claim_2715,Claim_5521,supports
4298,539,Claim_4301,Claim_9967,extends
4299,649,Claim_848,Claim_8635,supports
4300,2,Claim_4287,Claim_8712,contradicts
4301,549,Claim_2664,Claim_6994,supports
4302,348,Claim_4931,Claim_9878,requires
4303,295,Claim_3252,Claim_5092,requires
4304,697,Claim_1104,Claim_7775,contradicts
4305,512,Claim_4063,Claim_9084,contradicts
4306,242,Claim_4190,Claim_9482,supports
4307,763,Claim_3686,Claim_8563,extends
4308,378,Claim_1556,Claim_6060,contradicts
4309,483,Claim_4293,Claim_5653,supports
4310,12,Claim_970,Claim_8499,extends
4311,117,Claim_4978,Claim_9262,requires
4312,262,Claim_2335,Claim_8453,extends
4313,93,Claim_3433,Claim_9586,supports
4314,826,Claim_2826,Claim_5601,requires
4315,295,Claim_942,Claim_5155,requires
4316,49,Claim_2220,Claim_7279,contradicts
4317,119,Claim_4910,Claim_8087,contradicts
4318,852,Claim_4718,Claim_6482,extends
4319,768,Claim_205,Claim_8117,requires
4320,67,Claim_113,Claim_5939,requires
4321,669,Claim_2226,Claim_9241,contradicts
4322,168,Claim_2623,Claim_6323,contradicts
4323,879,Claim_3352,Claim_8802,supports
4324,614,Claim_1786,Claim_5511,requires
4325,732,Claim_2429,Claim_8995,extends
4326,705,Claim_4752,Claim_5201,requires
4327,362,Claim_1578,Claim_7787,extends
4328,166,Claim_2239,Claim_6708,contradicts
4329,683,Claim_4936,Claim_7960,supports
4330,242,Claim_1563,Claim_6855,supports
4331,925,Claim_3347,Claim_9896,contradicts
4332,930,Claim_2199,Claim_6609,extends
4333,251,Claim_1503,Claim_7260,requires
4334,581,Claim_1798,Claim_7874,contradicts
4335,127,Claim_3428,Claim_9066,extends
4336,673,Claim_4070,Claim_8880,requires
4337,816,Claim_1294,Claim_5439,contradicts
4338,236,Claim_4610,Claim_9078,supports
4339,515,Claim_4201,Claim_9496,contradicts
4340,146,Claim_3813,Claim_5911,requires
4341,742,Claim_3486,Claim_7592,requires
4342,289,Claim_2911,Claim_7945,extends
4343,809,Claim_4908,Claim_6330,contradicts
4344,19,Claim_1665,Claim_7182,requires
4345,443,Claim_4898,Claim_8289,contradicts
4346,759,Claim_3039,Claim_7183,contradicts
4347,1,Claim_3423,Claim_8220,contradicts
4348,154,Claim_2786,Claim_6776,extends
4349,528,Claim_1547,Claim_8252,extends
4350,6,Claim_4533,Claim_5247,supports
4351,101,Claim_4432,Claim_9009,extends
4352,117,Claim_1555,Claim_9651,extends
4353,747,Claim_140,Claim_6347,supports
4354,712,Claim_240,Claim_7899,requires
4355,643,Claim_2798,Claim_8666,extends
4356,682,Claim_1663,Claim_9399,requires
4357,684,Claim_1009,Claim_8343,supports
4358,79,Claim_4466,Claim_8520,supports
4359,596,Claim_886,Claim_6999,requires
4360,694,Claim_2218,Claim_5486,requires
4361,607,Claim_2725,Claim_9432,supports
4362,801,Claim_2960,Claim_5618,contradicts
4363,48,Claim_2428,Claim_9047,requires
4364,248,Claim_2902,Claim_5294,extends
4365,827,Claim_991,Claim_9200,contradicts
4366,602,Claim_3769,Claim_7403,supports
4367,398,Claim_1833,Claim_6496,extends
4368,540,Claim_2563,Claim_7906,requires
4369,878,Claim_1832,Claim_6886,requires
4370,418,Claim_41,Claim_6506,extends
4371,344,Claim_1203,Claim_5760,requires
4372,646,Claim_4701,Claim_6097,supports
4373,121,Claim_4573,Claim_6429,supports
4374,254,Claim_225,Claim_7643,supports
4375,21,Claim_1271,Claim_8715,supports
4376,626,Claim_145,Claim_7881,supports
4377,272,Claim_3767,Claim_9710,requires
4378,684,Claim_421,Claim_7727,requires
4379,144,Claim_1993,Claim_6778,supports
4380,605,Claim_2094,Claim_8758,requires
4381,414,Claim_4221,Claim_9315,contradicts
4382,744,Claim_2179,Claim_6618,contradicts
4383,811,Claim_3158,Claim_7244,contradicts
4384,519,Claim_1275,Claim_7656,contradicts
4385,413,Claim_1686,Claim_8907,extends
4386,255,Claim_1800,Claim_5081,supports
4387,229,Claim_57,Claim_7232,requires
4388,102,Claim_3123,Claim_8318,extends
4389,242,Claim_2331,Claim_6447,contradicts
4390,254,Claim_383,Claim_5991,extends
4391,649,Claim_4312,Claim_5731,contradicts
4392,13,Claim_32,Claim_5890,supports
4393,140,Claim_4815,Claim_7818,extends
4394,53,Claim_3999,Claim_9118,supports
4395,549,Claim_4056,Claim_7393,supports
4396,311,Claim_3166,Claim_7851,requires
4397,847,Claim_3422,Claim_6937,requires
4398,46,Claim_4044,Claim_5305,contradicts
4399,786,Claim_1931,Claim_8890,extends
4400,784,Claim_3736,Claim_8010,supports
4401,262,Claim_1934,Claim_8062,extends
4402,881,Claim_2632,Claim_7880,contradicts
4403,439,Claim_1355,Claim_6033,extends
4404,698,Claim_4387,Claim_7462,requires
4405,782,Claim_3315,Claim_8171,supports
4406,58,Claim_3990,Claim_7514,supports
4407,590,Claim_748,Claim_6263,requires
4408,111,Claim_4969,Claim_6855,contradicts
4409,569,Claim_805,Claim_8022,supports
4410,305,Claim_792,Claim_9458,contradicts
4411,638,Claim_2436,Claim_5465,supports
4412,319,Claim_4175,Claim_9960,requires
4413,344,Claim_3562,Claim_5064,contradicts
4414,396,Claim_4614,Claim_8023,contradicts
4415,687,Claim_2230,Claim_9895,contradicts
4416,928,Claim_3096,Claim_9638,requires
4417,981,Claim_3788,Claim_7954,contradicts
4418,439,Claim_545,Claim_6315,extends
4419,299,Claim_142,Claim_5372,supports
4420,773,Claim_2686,Claim_6094,extends
4421,628,Claim_216,Claim_7407,supports
4422,645,Claim_734,Claim_7928,supports
4423,495,Claim_3527,Claim_6352,contradicts
4424,175,Claim_191,Claim_5805,extends
4425,764,Claim_895,Claim_8761,extends
4426,796,Claim_1520,Claim_5346,contradicts
4427,228,Claim_2096,Claim_6426,extends
4428,26,Claim_4242,Claim_6126,contradicts
4429,989,Claim_694,Claim_9907,contradicts
4430,475,Claim_3732,Claim_9195,requires
4431,217,Claim_2366,Claim_5905,extends
4432,984,Claim_3653,Claim_6222,extends
4433,41,Claim_3744,Claim_6851,contradicts
4434,505,Claim_816,Claim_6737,requires
4435,754,Claim_563,Claim_9106,requires
4436,478,Claim_2082,Claim_9734,requires
4437,527,Claim_4853,Claim_7948,extends
4438,762,Claim_2978,Claim_6336,contradicts
4439,547,Claim_2612,Claim_7023,contradicts
4440,332,Claim_4674,Claim_7790,supports
4441,323,Claim_2214,Claim_5864,contradicts
4442,255,Claim_3449,Claim_5443,contradicts
4443,246,Claim_4486,Claim_9040,extends
4444,912,Claim_2351,Claim_6928,supports
4445,554,Claim_4200,Claim_7410,requires
4446,749,Claim_267,Claim_8492,contradicts
4447,666,Claim_974,Claim_7445,contradicts
4448,756,Claim_1264,Claim_7972,supports
4449,582,Claim_3127,Claim_9744,extends
4450,255,Claim_4071,Claim_7720,requires
4451,588,Claim_400,Claim_5827,contradicts
4452,980,Claim_2913,Claim_5138,supports
4453,889,Claim_3507,Claim_6656,contradicts
4454,534,Claim_2362,Claim_7723,contradicts
4455,356,Claim_56,Claim_7627,extends
4456,993,Claim_4941,Claim_8187,contradicts
4457,245,Claim_3954,Claim_5377,contradicts
4458,486,Claim_3367,Claim_9116,supports
4459,623,Claim_4529,Claim_7901,requires
4460,562,Claim_1929,Claim_7563,supports
4461,364,Claim_801,Claim_9308,extends
4462,284,Claim_2523,Claim_5248,extends
4463,469,Claim_2969,Claim_7972,contradicts
4464,650,Claim_4018,Claim_5434,supports
4465,934,Claim_2261,Claim_6454,contradicts
4466,22,Claim_1969,Claim_6649,requires
4467,590,Claim_2005,Claim_8120,extends
4468,307,Claim_291,Claim_6267,supports
4469,127,Claim_237,Claim_7203,contradicts
4470,306,Claim_4675,Claim_9257,supports
4471,644,Claim_2357,Claim_8187,supports
4472,405,Claim_2945,Claim_6537,contradicts
4473,650,Claim_4749,Claim_6745,supports
4474,636,Claim_3466,Claim_8366,requires
4475,934,Claim_1617,Claim_7539,supports
4476,426,Claim_3080,Claim_5442,contradicts
4477,761,Claim_2648,Claim_9039,requires
4478,987,Claim_1558,Claim_9711,supports
4479,268,Claim_2940,Claim_7757,contradicts
4480,197,Claim_3411,Claim_6526,extends
4481,198,Claim_661,Claim_9920,extends
4482,76,Claim_1275,Claim_5610,supports
4483,569,Claim_1019,Claim_5963,supports
4484,223,Claim_4446,Claim_9007,requires
4485,196,Claim_4491,Claim_5214,supports
4486,970,Claim_3655,Claim_9092,supports
4487,880,Claim_4681,Claim_8301,requires
4488,940,Claim_89,Claim_8411,requires
4489,965,Claim_3522,Claim_9173,contradicts
4490,954,Claim_1638,Claim_6608,supports
4491,444,Claim_2626,Claim_5267,extends
4492,231,Claim_4362,Claim_5541,extends
4493,503,Claim_1150,Claim_7404,supports
4494,111,Claim_2208,Claim_5447,contradicts
4495,313,Claim_1633,Claim_9882,extends
4496,287,Claim_3086,Claim_9233,contradicts
4497,490,Claim_2009,Claim_9221,contradicts
4498,255,Claim_4855,Claim_7594,extends
4499,878,Claim_3991,Claim_6458,contradicts
4500,739,Claim_4238,Claim_5104,supports
4501,839,Claim_2755,Claim_6902,contradicts
4502,534,Claim_2305,Claim_9679,requires
4503,157,Claim_146,Claim_5289,extends
4504,187,Claim_1841,Claim_5290,extends
4505,12,Claim_915,Claim_9984,extends
4506,389,Claim_4391,Claim_8266,supports
4507,866,Claim_906,Claim_9024,extends
4508,520,Claim_2907,Claim_7649,contradicts
4509,373,Claim_2900,Claim_5405,contradicts
4510,98,Claim_4456,Claim_5754,requires
4511,869,Claim_3088,Claim_5752,contradicts
4512,164,Claim_3164,Claim_8435,extends
4513,303,Claim_2505,Claim_6857,requires
4514,507,Claim_3912,Claim_5026,contradicts
4515,645,Claim_736,Claim_5712,supports
4516,514,Claim_330,Claim_5438,extends
4517,660,Claim_3220,Claim_7258,supports
4518,208,Claim_2635,Claim_9826,requires
4519,265,Claim_4310,Claim_9855,contradicts
4520,967,Claim_3315,Claim_7179,extends
4521,381,Claim_1230,Claim_9028,contradicts
4522,763,Claim_1760,Claim_5740,requires
4523,501,Claim_4786,Claim_5575,supports
4524,372,Claim_1892,Claim_8620,extends
4525,367,Claim_3360,Claim_7819,requires
4526,230,Claim_1707,Claim_9069,extends
4527,979,Claim_2109,Claim_6569,contradicts
4528,560,Claim_4533,Claim_9980,supports
4529,633,Claim_496,Claim_5207,supports
4530,947,Claim_201,Claim_6381,contradicts
4531,182,Claim_182,Claim_5592,extends
4532,461,Claim_3787,Claim_8077,supports
4533,399,Claim_3260,Claim_6089,contradicts
4534,686,Claim_4770,Claim_8035,requires
4535,558,Claim_3870,Claim_7424,contradicts
4536,114,Claim_796,Claim_6060,contradicts
4537,514,Claim_2352,Claim_6431,supports
4538,496,Claim_1438,Claim_8984,contradicts
4539,788,Claim_1217,Claim_5638,contradicts
4540,57,Claim_2354,Claim_8874,supports
4541,208,Claim_3544,Claim_8932,supports
4542,448,Claim_575,Claim_8421,contradicts
4543,778,Claim_4819,Claim_9127,supports
4544,649,Claim_1252,Claim_8145,extends
4545,707,Claim_4351,Claim_6040,requires
4546,901,Claim_4870,Claim_7528,supports
4547,314,Claim_2871,Claim_7820,supports
4548,605,Claim_3815,Claim_6960,extends
4549,201,Claim_377,Claim_9944,requires
4550,48,Claim_1817,Claim_9211,extends
4551,722,Claim_2245,Claim_6393,contradicts
4552,768,Claim_1277,Claim_9066,supports
4553,300,Claim_3653,Claim_6896,contradicts
4554,314,Claim_2506,Claim_8194,extends
4555,826,Claim_2413,Claim_8138,contradicts
4556,493,Claim_2110,Claim_9664,requires
4557,872,Claim_2771,Claim_9651,supports
4558,256,Claim_808,Claim_5681,supports
4559,73,Claim_3051,Claim_6042,extends
4560,737,Claim_607,Claim_9352,supports
4561,360,Claim_4792,Claim_7912,supports
4562,168,Claim_1601,Claim_8487,requires
4563,394,Claim_272,Claim_9164,extends
4564,238,Claim_1214,Claim_6943,contradicts
4565,104,Claim_586,Claim_7019,contradicts
4566,728,Claim_1353,Claim_6415,contradicts
4567,738,Claim_2167,Claim_9714,contradicts
4568,371,Claim_3684,Claim_5158,extends
4569,82,Claim_3848,Claim_8295,supports
4570,58,Claim_710,Claim_6758,extends
4571,285,Claim_3849,Claim_5442,requires
4572,193,Claim_465,Claim_9188,supports
4573,300,Claim_646,Claim_7273,extends
4574,972,Claim_1826,Claim_8596,contradicts
4575,449,Claim_2259,Claim_7813,contradicts
4576,851,Claim_3065,Claim_6004,requires
4577,778,Claim_1899,Claim_6588,supports
4578,69,Claim_3330,Claim_7775,contradicts
4579,862,Claim_4160,Claim_8732,requires
4580,378,Claim_3676,Claim_9348,supports
4581,982,Claim_3044,Claim_9616,supports
4582,431,Claim_3203,Claim_7894,contradicts
4583,652,Claim_762,Claim_8593,extends
4584,802,Claim_4569,Claim_8170,contradicts
4585,158,Claim_628,Claim_6776,requires
4586,55,Claim_932,Claim_8934,supports
4587,312,Claim_3963,Claim_6312,extends
4588,836,Claim_1029,Claim_9976,contradicts
4589,339,Claim_1642,Claim_5810,requires
4590,724,Claim_2600,Claim_5667,requires
4591,289,Claim_2381,Claim_5807,supports
4592,801,Claim_2732,Claim_7197,supports
4593,29,Claim_4252,Claim_7664,extends
4594,531,Claim_112,Claim_9960,contradicts
4595,788,Claim_1307,Claim_5156,requires
4596,780,Claim_3260,Claim_5877,supports
4597,882,Claim_3794,Claim_9842,requires
4598,338,Claim_4720,Claim_5654,extends
4599,104,Claim_863,Claim_9555,requires
4600,23,Claim_4288,Claim_8763,supports
4601,342,Claim_3668,Claim_7138,supports
4602,433,Claim_3982,Claim_5552,requires
4603,903,Claim_2626,Claim_8552,requires
4604,51,Claim_4713,Claim_9309,requires
4605,441,Claim_4033,Claim_9480,contradicts
4606,122,Claim_3486,Claim_9510,extends
4607,24,Claim_1650,Claim_9561,contradicts
4608,150,Claim_4227,Claim_7998,requires
4609,627,Claim_2449,Claim_5495,supports
4610,891,Claim_2763,Claim_7363,supports
4611,683,Claim_3013,Claim_5149,requires
4612,527,Claim_4794,Claim_9568,contradicts
4613,92,Claim_866,Claim_9451,supports
4614,83,Claim_3118,Claim_9016,requires
4615,205,Claim_2227,Claim_9189,supports
4616,573,Claim_2625,Claim_5957,contradicts
4617,630,Claim_3308,Claim_8370,requires
4618,384,Claim_3753,Claim_5821,requires
4619,586,Claim_2593,Claim_7380,supports
4620,144,Claim_1573,Claim_5769,extends
4621,780,Claim_2353,Claim_6511,requires
4622,574,Claim_1609,Claim_8135,contradicts
4623,473,Claim_779,Claim_6802,contradicts
4624,476,Claim_180,Claim_5373,supports
4625,433,Claim_4482,Claim_7395,contradicts
4626,68,Claim_1195,Claim_6380,contradicts
4627,906,Claim_509,Claim_6427,extends
4628,532,Claim_3647,Claim_9392,extends
4629,46,Claim_1664,Claim_9402,supports
4630,924,Claim_2421,Claim_8813,requires
4631,971,Claim_421,Claim_7253,supports
4632,588,Claim_3246,Claim_6508,requires
4633,148,Claim_4615,Claim_6315,extends
4634,358,Claim_4652,Claim_7925,extends
4635,453,Claim_3489,Claim_6378,supports
4636,878,Claim_46,Claim_9632,contradicts
4637,205,Claim_1485,Claim_8645,extends
4638,450,Claim_1113,Claim_5330,requires
4639,407,Claim_3793,Claim_8020,contradicts
4640,902,Claim_4768,Claim_5123,contradicts
4641,961,Claim_4730,Claim_9078,extends
4642,987,Claim_136,Claim_6971,requires
4643,332,Claim_1981,Claim_8872,contradicts
4644,384,Claim_498,Claim_9151,extends
4645,5,Claim_3283,Claim_9594,extends
4646,578,Claim_2133,Claim_9230,supports
4647,876,Claim_3622,Claim_5423,contradicts
4648,966,Claim_4743,Claim_8439,requires
4649,153,Claim_4783,Claim_7446,extends
4650,457,Claim_691,Claim_9787,supports
4651,440,Claim_1739,Claim_8703,supports
4652,37,Claim_2207,Claim_8666,extends
4653,2,Claim_1365,Claim_9348,extends
4654,219,Claim_4738,Claim_8627,requires
4655,3,Claim_4600,Claim_8608,requires
4656,40,Claim_567,Claim_7589,extends
4657,915,Claim_2459,Claim_6417,contradicts
4658,291,Claim_2038,Claim_5715,supports
4659,946,Claim_1035,Claim_9699,extends
4660,831,Claim_1169,Claim_5776,supports
4661,917,Claim_1760,Claim_8310,requires
4662,669,Claim_2163,Claim_5289,supports
4663,603,Claim_1511,Claim_7791,contradicts
4664,151,Claim_4071,Claim_5197,extends
4665,111,Claim_4212,Claim_6000,supports
4666,243,Claim_2282,Claim_6541,supports
4667,937,Claim_3744,Claim_5858,contradicts
4668,843,Claim_4434,Claim_9512,extends
4669,903,Claim_344,Claim_7708,contradicts
4670,354,Claim_205,Claim_9501,extends
4671,947,Claim_4048,Claim_7934,requires
4672,531,Claim_3021,Claim_9542,supports
4673,610,Claim_4041,Claim_7295,contradicts
4674,427,Claim_3600,Claim_7116,extends
4675,175,Claim_1557,Claim_6401,requires
4676,994,Claim_2081,Claim_6353,contradicts
4677,9,Claim_2481,Claim_8339,contradicts
4678,983,Claim_3783,Claim_5767,requires
4679,300,Claim_1137,Claim_8170,contradicts
4680,835,Claim_4459,Claim_9464,contradicts
4681,937,Claim_438,Claim_8337,requires
4682,813,Claim_696,Claim_6230,contradicts
4683,354,Claim_209,Claim_5684,supports
4684,444,Claim_310,Claim_5824,extends
4685,820,Claim_2216,Claim_5940,supports
4686,104,Claim_3355,Claim_5433,requires
4687,407,Claim_1464,Claim_5830,supports
4688,599,Claim_3276,Claim_6336,requires
4689,752,Claim_1484,Claim_5757,requires
4690,575,Claim_2223,Claim_8842,extends
4691,749,Claim_153,Claim_6282,supports
4692,389,Claim_1597,Claim_5569,contradicts
4693,70,Claim_285,Claim_9846,extends
4694,288,Claim_2105,Claim_6757,extends
4695,600,Claim_2927,Claim_7434,supports
4696,681,Claim_2819,Claim_8569,requires
4697,293,Claim_1213,Claim_9696,requires
4698,763,Claim_1011,Claim_9027,extends
4699,786,Claim_2270,Claim_8752,extends
4700,824,Claim_4032,Claim_6710,supports
4701,538,Claim_4552,Claim_9665,requires
4702,38,Claim_3557,Claim_5390,contradicts
4703,274,Claim_3190,Claim_6165,supports
4704,216,Claim_3629,Claim_7308,contradicts
4705,750,Claim_2899,Claim_8896,supports
4706,591,Claim_625,Claim_8575,requires
4707,205,Claim_2307,Claim_6214,supports
4708,261,Claim_1185,Claim_5750,supports
4709,286,Claim_203,Claim_8798,supports
4710,885,Claim_1893,Claim_8578,requires
4711,842,Claim_2560,Claim_9895,extends
4712,846,Claim_4858,Claim_5082,requires
4713,59,Claim_1571,Claim_9241,extends
4714,870,Claim_4618,Claim_7392,extends
4715,474,Claim_939,Claim_6804,contradicts
4716,147,Claim_2439,Claim_9010,supports
4717,427,Claim_2436,Claim_9661,extends
4718,132,Claim_1048,Claim_7577,requires
4719,818,Claim_797,Claim_8451,contradicts
4720,51,Claim_232,Claim_7296,contradicts
4721,843,Claim_1336,Claim_7160,supports
4722,273,Claim_1820,Claim_7301,contradicts
4723,440,Claim_2522,Claim_8345,requires
4724,224,Claim_4945,Claim_8942,supports
4725,834,Claim_4101,Claim_5345,supports
4726,143,Claim_366,Claim_8160,extends
4727,247,Claim_2899,Claim_9048,contradicts
4728,652,Claim_4738,Claim_8910,contradicts
4729,612,Claim_3831,Claim_7585,requires
4730,472,Claim_2917,Claim_8429,contradicts
4731,388,Claim_3458,Claim_9064,requires
4732,407,Claim_3615,Claim_7094,supports
4733,226,Claim_2480,Claim_9182,supports
4734,403,Claim_4786,Claim_7281,supports
4735,218,Claim_1361,Claim_7472,extends
4736,166,Claim_907,Claim_8468,contradicts
4737,761,Claim_2893,Claim_6636,extends
4738,894,Claim_2325,Claim_7351,extends
4739,123,Claim_2509,Claim_8270,supports
4740,14,Claim_134,Claim_7327,extends
4741,323,Claim_352,Claim_5433,contradicts
4742,864,Claim_4115,Claim_5822,extends
4743,433,Claim_2997,Claim_5619,contradicts
4744,410,Claim_4762,Claim_5470,contradicts
4745,610,Claim_702,Claim_9399,extends
4746,493,Claim_3382,Claim_7896,extends
4747,635,Claim_3747,Claim_9724,supports
4748,38,Claim_2629,Claim_8759,extends
4749,784,Claim_2094,Claim_5748,supports
4750,556,Claim_406,Claim_9080,contradicts
4751,37,Claim_4837,Claim_7719,supports
4752,674,Claim_1734,Claim_7650,contradicts
4753,925,Claim_3051,Claim_5920,extends
4754,933,Claim_3521,Claim_7255,supports
4755,129,Claim_4978,Claim_7444,extends
4756,992,Claim_1223,Claim_5358,contradicts
4757,600,Claim_2633,Claim_5022,extends
4758,811,Claim_817,Claim_6188,supports
4759,369,Claim_2760,Claim_9697,contradicts
4760,589,Claim_3018,Claim_9674,extends
4761,935,Claim_2196,Claim_5575,requires
4762,114,Claim_3551,Claim_8207,contradicts
4763,331,Claim_1776,Claim_8106,supports
4764,121,Claim_4472,Claim_5707,supports
4765,662,Claim_3854,Claim_5003,extends
4766,133,Claim_4489,Claim_5363,extends
4767,155,Claim_2910,Claim_6648,extends
4768,407,Claim_581,Claim_7351,contradicts
4769,999,Claim_993,Claim_8849,extends
4770,843,Claim_579,Claim_8428,contradicts
4771,76,Claim_2553,Claim_9469,supports
4772,896,Claim_518,Claim_5816,contradicts
4773,920,Claim_3346,Claim_9531,requires
4774,974,Claim_1457,Claim_8108,supports
4775,122,Claim_4044,Claim_6922,requires
4776,15,Claim_1418,Claim_6001,contradicts
4777,214,Claim_4466,Claim_7109,contradicts
4778,43,Claim_1673,Claim_7970,contradicts
4779,643,Claim_4785,Claim_9906,requires
4780,950,Claim_3780,Claim_6833,supports
4781,204,Claim_879,Claim_6244,supports
4782,208,Claim_611,Claim_6513,contradicts
4783,203,Claim_2091,Claim_8123,requires
4784,714,Claim_3181,Claim_6050,supports
4785,984,Claim_1650,Claim_8090,extends
4786,81,Claim_2742,Claim_6860,contradicts
4787,978,Claim_2113,Claim_5119,requires
4788,3,Claim_630,Claim_7388,requires
4789,746,Claim_925,Claim_6075,supports
4790,352,Claim_4532,Claim_7255,contradicts
4791,264,Claim_3701,Claim_8050,extends
4792,634,Claim_1640,Claim_8488,supports
4793,29,Claim_3929,Claim_7427,supports
4794,944,Claim_1656,Claim_6548,contradicts
4795,242,Claim_1730,Claim_7004,requires
4796,931,Claim_2256,Claim_5517,requires
4797,359,Claim_910,Claim_9108,supports
4798,690,Claim_27,Claim_8673,contradicts
4799,396,Claim_3011,Claim_9386,extends
4800,345,Claim_2687,Claim_7138,extends
4801,519,Claim_3489,Claim_9576,requires
4802,91,Claim_1155,Claim_6628,contradicts
4803,786,Claim_4270,Claim_8986,supports
4804,945,Claim_2770,Claim_5038,requires
4805,832,Claim_1686,Claim_5344,supports
4806,493,Claim_1043,Claim_9634,contradicts
4807,979,Claim_4333,Claim_7571,requires
4808,815,Claim_2035,Claim_8169,requires
4809,414,Claim_3621,Claim_6588,supports
4810,935,Claim_1751,Claim_9931,requires
4811,767,Claim_1463,Claim_9253,requires
4812,253,Claim_1674,Claim_9464,requires
4813,343,Claim_2522,Claim_9010,supports
4814,121,Claim_651,Claim_6488,supports
4815,295,Claim_1613,Claim_7938,extends
4816,918,Claim_1863,Claim_9670,contradicts
4817,166,Claim_3645,Claim_6395,extends
4818,933,Claim_4364,Claim_9188,supports
4819,787,Claim_2878,Claim_8414,contradicts
4820,761,Claim_3129,Claim_5113,contradicts
4821,56,Claim_1439,Claim_9549,requires
4822,289,Claim_2499,Claim_8771,requires
4823,937,Claim_153,Claim_8151,contradicts
4824,556,Claim_645,Claim_6685,extends
4825,346,Claim_4093,Claim_9281,extends
4826,633,Claim_4825,Claim_6272,contradicts
4827,886,Claim_2327,Claim_6071,extends
4828,912,Claim_2664,Claim_5364,requires
4829,560,Claim_4236,Claim_7559,extends
4830,776,Claim_4850,Claim_7030,extends
4831,683,Claim_3190,Claim_5218,requires
4832,717,Claim_1188,Claim_8460,extends
4833,556,Claim_1210,Claim_6886,supports
4834,614,Claim_1125,Claim_9795,contradicts
4835,482,Claim_4115,Claim_8857,contradicts
4836,364,Claim_2101,Claim_7949,requires
4837,734,Claim_122,Claim_6574,supports
4838,665,Claim_4445,Claim_8371,requires
4839,370,Claim_4772,Claim_6499,requires
4840,612,Claim_4892,Claim_7545,supports
4841,840,Claim_1447,Claim_9966,requires
4842,302,Claim_2640,Claim_7332,extends
4843,472,Claim_4059,Claim_6024,contradicts
4844,619,Claim_661,Claim_5997,contradicts
4845,114,Claim_1863,Claim_8271,contradicts
4846,318,Claim_3649,Claim_8857,extends
4847,593,Claim_791,Claim_5978,contradicts
4848,884,Claim_2544,Claim_5356,supports
4849,817,Claim_2096,Claim_8664,supports
4850,570,Claim_1449,Claim_6631,supports
4851,701,Claim_4846,Claim_8089,supports
4852,484,Claim_1173,Claim_7891,extends
4853,700,Claim_4229,Claim_7118,contradicts
4854,938,Claim_1398,Claim_8623,supports
4855,655,Claim_4154,Claim_5239,contradicts
4856,370,Claim_2671,Claim_5750,extends
4857,949,Claim_4446,Claim_9980,contradicts
4858,119,Claim_1321,Claim_5895,requires
4859,925,Claim_2506,Claim_7526,requires
4860,953,Claim_3066,Claim_8472,extends
4861,401,Claim_2801,Claim_6017,extends
4862,803,Claim_3845,Claim_5194,contradicts
4863,470,Claim_346,Claim_6344,extends
4864,885,Claim_3713,Claim_6009,extends
4865,372,Claim_186,Claim_8087,extends
4866,114,Claim_1125,Claim_5061,extends
4867,878,Claim_3016,Claim_9214,supports
4868,800,Claim_1969,Claim_8642,contradicts
4869,85,Claim_3544,Claim_6492,contradicts
4870,384,Claim_1228,Claim_7168,supports
4871,375,Claim_2967,Claim_9149,requires
4872,178,Claim_1909,Claim_7976,supports
4873,810,Claim_4656,Claim_9202,contradicts
4874,795,Claim_2934,Claim_6283,extends
4875,615,Claim_1277,Claim_8596,requires
4876,806,Claim_273,Claim_6492,contradicts
4877,646,Claim_4795,Claim_9517,contradicts
4878,364,Claim_4591,Claim_7619,contradicts
4879,863,Claim_2334,Claim_6115,extends
4880,862,Claim_312,Claim_7633,contradicts
4881,747,Claim_4113,Claim_8705,extends
4882,861,Claim_4734,Claim_5907,extends
4883,615,Claim_4129,Claim_9614,requires
4884,459,Claim_1953,Claim_7036,contradicts
4885,693,Claim_1931,Claim_8736,supports
4886,865,Claim_3510,Claim_6766,extends
4887,212,Claim_420,Claim_5029,supports
4888,452,Claim_701,Claim_9985,contradicts
4889,990,Claim_2917,Claim_8908,requires
4890,194,Claim_1087,Claim_9878,contradicts
4891,665,Claim_979,Claim_8220,requires
4892,130,Claim_579,Claim_7851,requires
4893,651,Claim_3873,Claim_7212,requires
4894,211,Claim_4070,Claim_7316,requires
4895,53,Claim_1940,Claim_5134,extends
4896,424,Claim_3221,Claim_6994,requires
4897,684,Claim_442,Claim_6045,requires
4898,642,Claim_4190,Claim_8728,supports
4899,698,Claim_3739,Claim_7733,contradicts
4900,930,Claim_163,Claim_7734,extends
4901,991,Claim_547,Claim_9354,requires
4902,340,Claim_4475,Claim_7669,extends
4903,191,Claim_4153,Claim_9213,requires
4904,400,Claim_1009,Claim_8655,extends
4905,474,Claim_2234,Claim_8419,supports
4906,11,Claim_2015,Claim_7410,supports
4907,1,Claim_3062,Claim_9595,extends
4908,824,Claim_4327,Claim_8695,supports
4909,861,Claim_1931,Claim_8056,supports
4910,489,Claim_708,Claim_9825,contradicts
4911,688,Claim_4635,Claim_8645,contradicts
4912,347,Claim_124,Claim_5167,requires
4913,51,Claim_3500,Claim_7191,contradicts
4914,52,Claim_3873,Claim_5589,extends
4915,697,Claim_2625,Claim_6874,contradicts
4916,992,Claim_3425,Claim_5872,supports
4917,333,Claim_2692,Claim_7740,extends
4918,855,Claim_2132,Claim_5247,extends
4919,971,Claim_3599,Claim_9589,extends
4920,56,Claim_931,Claim_7965,supports
4921,118,Claim_1877,Claim_5247,extends
4922,609,Claim_2874,Claim_6562,supports
4923,77,Claim_3553,Claim_7649,supports
4924,361,Claim_1044,Claim_6204,extends
4925,270,Claim_2683,Claim_5449,requires
4926,30,Claim_3935,Claim_5615,extends
4927,500,Claim_3141,Claim_8139,requires
4928,13,Claim_4594,Claim_5505,requires
4929,781,Claim_82,Claim_8507,supports
4930,952,Claim_2814,Claim_5491,requires
4931,297,Claim_230,Claim_7907,supports
4932,91,Claim_4427,Claim_6877,extends
4933,565,Claim_2257,Claim_5181,supports
4934,676,Claim_2408,Claim_7298,supports
4935,466,Claim_167,Claim_7240,extends
4936,935,Claim_4229,Claim_9630,extends
4937,329,Claim_1845,Claim_5830,requires
4938,195,Claim_1200,Claim_7383,requires
4939,112,Claim_2875,Claim_7936,extends
4940,159,Claim_2379,Claim_5658,supports
4941,255,Claim_2135,Claim_5647,contradicts
4942,900,Claim_4524,Claim_5852,extends
4943,425,Claim_4499,Claim_9640,extends
4944,895,Claim_3152,Claim_8031,extends
4945,336,Claim_1430,Claim_8865,extends
4946,550,Claim_1677,Claim_8359,contradicts
4947,418,Claim_221,Claim_8353,contradicts
4948,333,Claim_3324,Claim_9184,contradicts
4949,450,Claim_424,Claim_9974,extends
4950,900,Claim_661,Claim_8071,requires
4951,582,Claim_4832,Claim_8514,contradicts
4952,579,Claim_850,Claim_6479,extends
4953,609,Claim_2072,Claim_7104,contradicts
4954,632,Claim_1784,Claim_5041,requires
4955,668,Claim_4531,Claim_7531,contradicts
4956,466,Claim_4115,Claim_7149,contradicts
4957,611,Claim_508,Claim_6382,extends
4958,60,Claim_3935,Claim_8886,supports
4959,900,Claim_2537,Claim_8164,contradicts
4960,943,Claim_260,Claim_6225,requires
4961,14,Claim_615,Claim_5625,extends
4962,456,Claim_3348,Claim_5552,supports
4963,523,Claim_596,Claim_9480,supports
4964,712,Claim_1795,Claim_8873,supports
4965,116,Claim_908,Claim_5361,contradicts
4966,471,Claim_27,Claim_9167,contradicts
4967,284,Claim_2073,Claim_7092,contradicts
4968,878,Claim_1887,Claim_6099,contradicts
4969,416,Claim_3850,Claim_6097,supports
4970,997,Claim_527,Claim_9611,contradicts
4971,78,Claim_709,Claim_5063,contradicts
4972,371,Claim_1081,Claim_8294,contradicts
4973,920,Claim_4304,Claim_6088,supports
4974,417,Claim_2798,Claim_7923,supports
4975,308,Claim_3553,Claim_6415,supports
4976,871,Claim_2,Claim_5057,requires
4977,658,Claim_3452,Claim_7445,supports
4978,316,Claim_1966,Claim_8751,requires
4979,170,Claim_1312,Claim_6465,contradicts
4980,334,Claim_3520,Claim_9747,extends
4981,81,Claim_2286,Claim_9618,extends
4982,364,Claim_2354,Claim_9394,supports
4983,740,Claim_368,Claim_9033,extends
4984,147,Claim_3797,Claim_8410,supports
4985,606,Claim_4977,Claim_5335,extends
4986,459,Claim_3864,Claim_8698,extends
4987,91,Claim_798,Claim_5077,extends
4988,838,Claim_2614,Claim_6583,requires
4989,676,Claim_2609,Claim_9756,extends
4990,214,Claim_2705,Claim_9455,contradicts
4991,118,Claim_2843,Claim_5558,contradicts
4992,589,Claim_2246,Claim_5323,supports
4993,507,Claim_2170,Claim_8536,requires
4994,138,Claim_1863,Claim_9814,requires
4995,792,Claim_4275,Claim_9395,supports
4996,107,Claim_4300,Claim_9136,extends
4997,99,Claim_385,Claim_8599,requires
4998,876,Claim_264,Claim_7656,contradicts
4999,914,Claim_2607,Claim_9386,requires
5000,789,Claim_370,Claim_7063,extends
5001,378,Claim_1830,Claim_8589,requires
5002,417,Claim_4860,Claim_8330,requires
5003,733,Claim_2045,Claim_6073,contradicts
5004,910,Claim_2222,Claim_9814,requires
5005,392,Claim_247,Claim_8981,supports
5006,181,Claim_4488,Claim_8847,extends
5007,976,Claim_4059,Claim_6041,extends
5008,564,Claim_234,Claim_7956,requires
5009,120,Claim_1277,Claim_5950,requires
5010,873,Claim_3571,Claim_6474,requires
5011,689,Claim_3163,Claim_9280,extends
5012,490,Claim_1875,Claim_7172,extends
5013,537,Claim_4619,Claim_5482,contradicts
5014,175,Claim_3253,Claim_9442,contradicts
5015,757,Claim_2386,Claim_7381,requires
5016,844,Claim_25,Claim_8304,contradicts
5017,960,Claim_4149,Claim_9960,extends
5018,150,Claim_577,Claim_5632,extends
5019,194,Claim_259,Claim_7277,contradicts
5020,130,Claim_778,Claim_8919,contradicts
5021,216,Claim_2455,Claim_9359,contradicts
5022,427,Claim_2063,Claim_7868,supports
5023,291,Claim_2558,Claim_8398,extends
5024,265,Claim_204,Claim_7534,contradicts
5025,921,Claim_791,Claim_8316,extends
5026,94,Claim_3480,Claim_8167,contradicts
5027,864,Claim_781,Claim_8989,supports
5028,55,Claim_512,Claim_6809,extends
5029,452,Claim_4803,Claim_5131,contradicts
5030,1000,Claim_3611,Claim_7178,extends
5031,120,Claim_1087,Claim_5321,requires
5032,823,Claim_3234,Claim_5176,contradicts
5033,894,Claim_4102,Claim_5215,contradicts
5034,429,Claim_4862,Claim_5053,extends
5035,742,Claim_4581,Claim_9764,supports
5036,643,Claim_4079,Claim_5428,supports
5037,450,Claim_1153,Claim_7257,extends
5038,974,Claim_509,Claim_8911,contradicts
5039,241,Claim_147,Claim_9600,requires
5040,893,Claim_3785,Claim_6196,extends
5041,389,Claim_4904,Claim_8471,requires
5042,954,Claim_3646,Claim_6849,contradicts
5043,635,Claim_2582,Claim_9277,requires
5044,998,Claim_509,Claim_5732,contradicts
5045,732,Claim_294,Claim_5368,contradicts
5046,808,Claim_4551,Claim_7643,contradicts
5047,590,Claim_553,Claim_7386,requires
5048,359,Claim_554,Claim_8578,requires
5049,807,Claim_4789,Claim_6381,supports
5050,147,Claim_3614,Claim_5534,contradicts
5051,146,Claim_3325,Claim_5760,requires
5052,126,Claim_4205,Claim_8433,requires
5053,62,Claim_4793,Claim_8526,extends
5054,879,Claim_3888,Claim_6150,supports
5055,70,Claim_3581,Claim_7092,contradicts
5056,964,Claim_2127,Claim_8790,supports
5057,253,Claim_1793,Claim_6099,contradicts
5058,568,Claim_751,Claim_9793,requires
5059,214,Claim_2078,Claim_9542,supports
5060,234,Claim_149,Claim_5291,contradicts
5061,697,Claim_1981,Claim_8146,extends
5062,381,Claim_3203,Claim_9646,supports
5063,685,Claim_2729,Claim_7014,extends
5064,8,Claim_2815,Claim_9560,supports
5065,959,Claim_4416,Claim_9094,requires
5066,170,Claim_2312,Claim_5028,contradicts
5067,945,Claim_3511,Claim_8097,supports
5068,29,Claim_521,Claim_5287,requires
5069,993,Claim_534,Claim_9692,contradicts
5070,762,Claim_4157,Claim_5558,requires
5071,94,Claim_4336,Claim_6661,extends
5072,588,Claim_4440,Claim_8531,contradicts
5073,198,Claim_3506,Claim_8154,supports
5074,307,Claim_2922,Claim_5142,supports
5075,567,Claim_588,Claim_9600,requires
5076,573,Claim_2975,Claim_5467,extends
5077,835,Claim_3801,Claim_7465,extends
5078,395,Claim_613,Claim_6449,contradicts
5079,68,Claim_2334,Claim_6361,requires
5080,897,Claim_799,Claim_9306,supports
5081,134,Claim_2553,Claim_5520,contradicts
5082,835,Claim_1311,Claim_5547,extends
5083,83,Claim_1968,Claim_6740,requires
5084,212,Claim_141,Claim_5370,requires
5085,40,Claim_1925,Claim_6309,requires
5086,617,Claim_2939,Claim_8778,extends
5087,480,Claim_3782,Claim_8011,requires
5088,973,Claim_2432,Claim_5843,supports
5089,564,Claim_4836,Claim_7524,contradicts
5090,142,Claim_258,Claim_8923,extends
5091,992,Claim_2765,Claim_9990,contradicts
5092,763,Claim_51,Claim_6582,requires
5093,395,Claim_2148,Claim_9788,contradicts
5094,711,Claim_653,Claim_6584,extends
5095,964,Claim_192,Claim_9860,contradicts
5096,750,Claim_2617,Claim_7958,extends
5097,732,Claim_1108,Claim_8068,contradicts
5098,298,Claim_2095,Claim_6027,extends
5099,522,Claim_2795,Claim_5583,contradicts
5100,94,Claim_1926,Claim_8212,extends
5101,152,Claim_2877,Claim_7583,requires
5102,878,Claim_890,Claim_6927,extends
5103,753,Claim_1555,Claim_6750,supports
5104,357,Claim_3503,Claim_5816,extends
5105,111,Claim_639,Claim_6015,extends
5106,505,Claim_1145,Claim_6693,requires
5107,481,Claim_444,Claim_9192,extends
5108,761,Claim_1022,Claim_6731,contradicts
5109,744,Claim_1442,Claim_6244,supports
5110,834,Claim_961,Claim_5628,supports
5111,529,Claim_4799,Claim_5246,extends
5112,679,Claim_401,Claim_9157,requires
5113,599,Claim_4670,Claim_6748,extends
5114,212,Claim_383,Claim_9925,supports
5115,193,Claim_4230,Claim_9954,supports
5116,646,Claim_4976,Claim_9607,requires
5117,842,Claim_173,Claim_6325,supports
5118,880,Claim_4180,Claim_6256,requires
5119,673,Claim_4149,Claim_5969,supports
5120,273,Claim_1936,Claim_6671,contradicts
5121,945,Claim_4255,Claim_8455,extends
5122,556,Claim_2033,Claim_8025,supports
5123,372,Claim_4447,Claim_9299,requires
5124,498,Claim_4858,Claim_8569,supports
5125,469,Claim_3342,Claim_9559,requires
5126,583,Claim_422,Claim_6462,contradicts
5127,291,Claim_3431,Claim_7141,contradicts
5128,163,Claim_1636,Claim_7822,requires
5129,279,Claim_4213,Claim_7240,supports
5130,708,Claim_4783,Claim_6522,requires
5131,30,Claim_1190,Claim_9726,supports
5132,827,Claim_3970,Claim_8053,contradicts
5133,149,Claim_1253,Claim_7160,supports
5134,93,Claim_2468,Claim_8799,requires
5135,554,Claim_4724,Claim_9507,extends
5136,845,Claim_3291,Claim_6559,supports
5137,344,Claim_3209,Claim_7926,requires
5138,427,Claim_4300,Claim_5874,contradicts
5139,56,Claim_2020,Claim_7222,contradicts
5140,909,Claim_2789,Claim_7271,contradicts
5141,248,Claim_3452,Claim_8725,extends
5142,668,Claim_1412,Claim_8413,extends
5143,224,Claim_2135,Claim_7823,requires
5144,60,Claim_4152,Claim_5577,supports
5145,944,Claim_3883,Claim_7944,requires
5146,418,Claim_712,Claim_7387,contradicts
5147,676,Claim_3473,Claim_8187,contradicts
5148,532,Claim_2197,Claim_9795,supports
5149,538,Claim_4970,Claim_7871,requires
5150,126,Claim_403,Claim_8960,supports
5151,394,Claim_954,Claim_5786,contradicts
5152,890,Claim_117,Claim_6441,extends
5153,675,Claim_1754,Claim_7781,requires
5154,12,Claim_3089,Claim_7874,contradicts
5155,875,Claim_2883,Claim_6423,extends
5156,910,Claim_4811,Claim_7968,supports
5157,610,Claim_2465,Claim_7366,extends
5158,446,Claim_153,Claim_7223,contradicts
5159,547,Claim_3236,Claim_5544,supports
5160,508,Claim_2329,Claim_7648,requires
5161,766,Claim_2591,Claim_8615,requires
5162,536,Claim_1065,Claim_8542,extends
5163,815,Claim_3553,Claim_9903,supports
5164,651,Claim_298,Claim_9156,requires
5165,966,Claim_1918,Claim_5388,extends
5166,435,Claim_2910,Claim_5288,requires
5167,480,Claim_2253,Claim_8472,requires
5168,829,Claim_2055,Claim_6762,extends
5169,305,Claim_54,Claim_9642,requires
5170,55,Claim_2626,Claim_7769,contradicts
5171,809,Claim_244,Claim_5903,extends
5172,212,Claim_1595,Claim_7384,extends
5173,765,Claim_731,Claim_8850,extends
5174,999,Claim_3989,Claim_7366,requires
5175,713,Claim_1836,Claim_5792,contradicts
5176,241,Claim_2109,Claim_5166,extends
5177,401,Claim_1018,Claim_5399,supports
5178,340,Claim_4266,Claim_7621,extends
5179,391,Claim_1701,Claim_6387,extends
5180,942,Claim_687,Claim_5377,requires
5181,720,Claim_4262,Claim_7757,requires
5182,486,Claim_4214,Claim_9490,contradicts
5183,429,Claim_1156,Claim_5263,contradicts
5184,860,Claim_2379,Claim_6102,supports
5185,768,Claim_719,Claim_5740,requires
5186,402,Claim_4184,Claim_6418,requires
5187,169,Claim_3271,Claim_6859,contradicts
5188,48,Claim_652,Claim_9173,supports
5189,290,Claim_4631,Claim_8592,requires
5190,741,Claim_2099,Claim_5886,supports
5191,842,Claim_4122,Claim_6035,requires
5192,82,Claim_2915,Claim_5846,extends
5193,769,Claim_902,Claim_9833,contradicts
5194,539,Claim_1389,Claim_9411,extends
5195,479,Claim_3400,Claim_6794,contradicts
5196,215,Claim_4884,Claim_7156,requires
5197,239,Claim_3041,Claim_8660,supports
5198,545,Claim_4331,Claim_8293,extends
5199,325,Claim_2295,Claim_8871,extends
5200,858,Claim_3823,Claim_7340,contradicts
5201,472,Claim_910,Claim_7550,requires
5202,190,Claim_3673,Claim_7164,requires
5203,610,Claim_1656,Claim_6016,supports
5204,453,Claim_608,Claim_6049,extends
5205,195,Claim_3474,Claim_8631,supports
5206,701,Claim_1188,Claim_5881,contradicts
5207,364,Claim_2215,Claim_6309,extends
5208,450,Claim_2009,Claim_9826,requires
5209,463,Claim_166,Claim_7221,supports
5210,257,Claim_2755,Claim_9428,requires
5211,86,Claim_1775,Claim_8235,contradicts
5212,200,Claim_1236,Claim_6996,contradicts
5213,578,Claim_268,Claim_8265,extends
5214,131,Claim_4144,Claim_8750,requires
5215,329,Claim_2780,Claim_7131,contradicts
5216,39,Claim_128,Claim_7317,extends
5217,70,Claim_31,Claim_9890,requires
5218,605,Claim_4259,Claim_9244,contradicts
5219,471,Claim_3338,Claim_5038,supports
5220,696,Claim_4681,Claim_8326,requires
5221,936,Claim_3199,Claim_8623,extends
5222,843,Claim_4764,Claim_9639,extends
5223,506,Claim_4404,Claim_6595,requires
5224,654,Claim_263,Claim_9047,supports
5225,732,Claim_4645,Claim_8989,extends
5226,833,Claim_135,Claim_9095,extends
5227,970,Claim_1994,Claim_9263,supports
5228,901,Claim_108,Claim_5886,extends
5229,414,Claim_1068,Claim_7298,supports
5230,520,Claim_1565,Claim_5670,contradicts
5231,810,Claim_1228,Claim_8101,contradicts
5232,794,Claim_3238,Claim_8947,contradicts
5233,896,Claim_2067,Claim_7634,requires
5234,708,Claim_1584,Claim_6459,extends
5235,959,Claim_2695,Claim_5185,contradicts
5236,313,Claim_3129,Claim_8818,contradicts
5237,513,Claim_4553,Claim_5095,contradicts
5238,592,Claim_2714,Claim_7147,requires
5239,294,Claim_1483,Claim_5061,supports
5240,131,Claim_4368,Claim_9672,extends
5241,230,Claim_2489,Claim_6810,requires
5242,887,Claim_771,Claim_7427,extends
5243,872,Claim_2329,Claim_6578,supports
5244,808,Claim_1006,Claim_7015,requires
5245,887,Claim_1460,Claim_7233,extends
5246,549,Claim_4524,Claim_7428,supports
5247,802,Claim_4684,Claim_8302,requires
5248,325,Claim_4028,Claim_6826,contradicts
5249,240,Claim_3813,Claim_7580,supports
5250,181,Claim_1238,Claim_5098,requires
5251,141,Claim_704,Claim_7603,supports
5252,338,Claim_3148,Claim_5046,extends
5253,937,Claim_1507,Claim_6230,contradicts
5254,508,Claim_291,Claim_6892,extends
5255,657,Claim_689,Claim_6940,extends
5256,476,Claim_4379,Claim_5139,supports
5257,398,Claim_4403,Claim_7530,supports
5258,631,Claim_3351,Claim_7276,extends
5259,587,Claim_1891,Claim_9591,contradicts
5260,335,Claim_3001,Claim_5323,requires
5261,643,Claim_4807,Claim_6548,extends
5262,799,Claim_61,Claim_5311,extends
5263,674,Claim_1049,Claim_7456,contradicts
5264,698,Claim_4854,Claim_5993,extends
5265,41,Claim_3142,Claim_5828,supports
5266,525,Claim_3040,Claim_7604,requires
5267,57,Claim_2289,Claim_5993,extends
5268,418,Claim_2087,Claim_5015,requires
5269,281,Claim_808,Claim_8069,supports
5270,992,Claim_1015,Claim_9172,extends
5271,187,Claim_1394,Claim_7356,supports
5272,230,Claim_1353,Claim_9728,contradicts
5273,64,Claim_639,Claim_5209,extends
5274,251,Claim_1466,Claim_6595,extends
5275,739,Claim_992,Claim_6781,extends
5276,949,Claim_4426,Claim_7578,supports
5277,290,Claim_1529,Claim_9055,extends
5278,325,Claim_297,Claim_6410,extends
5279,103,Claim_2202,Claim_5695,requires
5280,869,Claim_763,Claim_5430,supports
5281,615,Claim_4758,Claim_7781,extends
5282,699,Claim_1163,Claim_5753,supports
5283,337,Claim_3928,Claim_9116,contradicts
5284,679,Claim_1468,Claim_9426,supports
5285,818,Claim_2403,Claim_7022,contradicts
5286,861,Claim_988,Claim_7496,supports
5287,640,Claim_4678,Claim_8837,supports
5288,498,Claim_3331,Claim_6979,supports
5289,681,Claim_870,Claim_9871,supports
5290,111,Claim_2850,Claim_7264,extends
5291,750,Claim_934,Claim_8564,requires
5292,54,Claim_642,Claim_7396,supports
5293,967,Claim_11,Claim_7472,extends
5294,835,Claim_225,Claim_8330,contradicts
5295,681,Claim_2851,Claim_8117,extends
5296,664,Claim_244,Claim_5210,extends
5297,648,Claim_1446,Claim_9054,extends
5298,444,Claim_3016,Claim_6189,extends
5299,625,Claim_3733,Claim_6072,contradicts
5300,654,Claim_1035,Claim_5421,contradicts
5301,388,Claim_2874,Claim_8376,requires
5302,634,Claim_775,Claim_8487,requires
5303,969,Claim_588,Claim_6167,requires
5304,838,Claim_2546,Claim_7221,supports
5305,100,Claim_1871,Claim_5179,contradicts
5306,591,Claim_3691,Claim_6070,contradicts
5307,817,Claim_1656,Claim_7033,extends
5308,317,Claim_4779,Claim_8725,supports
5309,470,Claim_1620,Claim_5134,requires
5310,570,Claim_3485,Claim_9490,requires
5311,988,Claim_4515,Claim_8580,supports
5312,589,Claim_1499,Claim_5498,extends
5313,839,Claim_1155,Claim_9450,contradicts
5314,296,Claim_370,Claim_7197,supports
5315,145,Claim_3305,Claim_5757,requires
5316,885,Claim_3197,Claim_9259,contradicts
5317,328,Claim_498,Claim_5822,contradicts
5318,816,Claim_3538,Claim_6065,extends
5319,351,Claim_4430,Claim_7146,supports
5320,638,Claim_147,Claim_8339,supports
5321,298,Claim_2723,Claim_9996,extends
5322,724,Claim_3596,Claim_9500,supports
5323,290,Claim_3882,Claim_5292,contradicts
5324,680,Claim_3560,Claim_7467,requires
5325,694,Claim_788,Claim_8963,extends
5326,596,Claim_1015,Claim_6395,requires
5327,577,Claim_4205,Claim_5781,contradicts
5328,844,Claim_1998,Claim_6826,contradicts
5329,978,Claim_2944,Claim_6846,extends
5330,558,Claim_2440,Claim_6708,supports
5331,627,Claim_1134,Claim_8421,requires
5332,518,Claim_4177,Claim_6616,extends
5333,121,Claim_413,Claim_6445,supports
5334,516,Claim_2793,Claim_6252,supports
5335,659,Claim_2976,Claim_8278,contradicts
5336,347,Claim_4290,Claim_5080,extends
5337,265,Claim_2093,Claim_5425,contradicts
5338,551,Claim_2935,Claim_8581,contradicts
5339,752,Claim_2987,Claim_5647,requires
5340,765,Claim_2106,Claim_6997,contradicts
5341,966,Claim_285,Claim_7057,contradicts
5342,771,Claim_2465,Claim_9615,extends
5343,774,Claim_144,Claim_9858,contradicts
5344,287,Claim_2623,Claim_7993,contradicts
5345,964,Claim_4937,Claim_5712,extends
5346,773,Claim_4312,Claim_6727,supports
5347,855,Claim_802,Claim_8709,contradicts
5348,952,Claim_4782,Claim_7408,contradicts
5349,932,Claim_1077,Claim_6506,extends
5350,145,Claim_4697,Claim_7745,requires
5351,895,Claim_2425,Claim_6273,requires
5352,974,Claim_4913,Claim_8362,extends
5353,4,Claim_2280,Claim_7628,contradicts
5354,24,Claim_4650,Claim_7492,requires
5355,545,Claim_3112,Claim_7336,supports
5356,903,Claim_3558,Claim_6616,extends
5357,519,Claim_521,Claim_5110,contradicts
5358,738,Claim_4618,Claim_6318,contradicts
5359,105,Claim_1345,Claim_5858,supports
5360,892,Claim_4129,Claim_9843,contradicts
5361,391,Claim_1305,Claim_7005,supports
5362,985,Claim_685,Claim_8556,requires
5363,379,Claim_3022,Claim_8197,extends
5364,913,Claim_3490,Claim_6824,supports
5365,50,Claim_2420,Claim_6584,extends
5366,328,Claim_4760,Claim_5333,supports
5367,357,Claim_3248,Claim_7420,supports
5368,470,Claim_2992,Claim_7700,requires
5369,581,Claim_2341,Claim_5752,contradicts
5370,955,Claim_3195,Claim_8630,extends
5371,349,Claim_1193,Claim_9133,extends
5372,740,Claim_3139,Claim_6218,contradicts
5373,773,Claim_3888,Claim_8746,contradicts
5374,717,Claim_832,Claim_8220,supports
5375,827,Claim_3469,Claim_7982,requires
5376,704,Claim_3222,Claim_7585,requires
5377,412,Claim_2540,Claim_5112,requires
5378,218,Claim_1996,Claim_8137,contradicts
5379,349,Claim_4168,Claim_8212,supports
5380,459,Claim_949,Claim_5691,supports
5381,433,Claim_4673,Claim_8349,requires
5382,585,Claim_3197,Claim_9909,extends
5383,631,Claim_1505,Claim_7300,requires
5384,952,Claim_1265,Claim_6857,contradicts
5385,291,Claim_1646,Claim_8466,extends
5386,516,Claim_2586,Claim_5685,contradicts
5387,426,Claim_1521,Claim_9316,extends
5388,509,Claim_4903,Claim_7331,requires
5389,459,Claim_2374,Claim_5567,requires
5390,755,Claim_1768,Claim_6830,extends
5391,425,Claim_458,Claim_5949,supports
5392,979,Claim_3849,Claim_9406,requires
5393,490,Claim_3139,Claim_5370,contradicts
5394,220,Claim_2317,Claim_7743,supports
5395,210,Claim_2689,Claim_9487,supports
5396,439,Claim_2970,Claim_7535,supports
5397,643,Claim_3218,Claim_5894,contradicts
5398,392,Claim_2471,Claim_9541,requires
5399,386,Claim_51,Claim_9285,contradicts
5400,877,Claim_3702,Claim_8206,contradicts
5401,440,Claim_211,Claim_6669,requires
5402,898,Claim_1661,Claim_6385,contradicts
5403,134,Claim_4403,Claim_8532,requires
5404,183,Claim_1177,Claim_9091,supports
5405,938,Claim_1162,Claim_5715,requires
5406,230,Claim_3360,Claim_8173,contradicts
5407,446,Claim_3431,Claim_8745,extends
5408,622,Claim_458,Claim_8096,supports
5409,954,Claim_4003,Claim_6301,requires
5410,697,Claim_4054,Claim_6337,extends
5411,424,Claim_3060,Claim_8656,requires
5412,77,Claim_2121,Claim_8765,requires
5413,422,Claim_2889,Claim_8847,supports
5414,427,Claim_2091,Claim_5230,extends
5415,162,Claim_3236,Claim_5902,extends
5416,838,Claim_1604,Claim_7093,contradicts
5417,835,Claim_2780,Claim_8675,extends
5418,274,Claim_2151,Claim_9872,supports
5419,467,Claim_3527,Claim_7220,extends
5420,433,Claim_790,Claim_7468,supports
5421,27,Claim_4738,Claim_9878,contradicts
5422,941,Claim_3919,Claim_9202,supports
5423,987,Claim_4604,Claim_7001,extends
5424,532,Claim_139,Claim_9024,supports
5425,227,Claim_1958,Claim_5950,contradicts
5426,404,Claim_3423,Claim_8960,supports
5427,349,Claim_1584,Claim_7036,supports
5428,546,Claim_2689,Claim_5710,extends
5429,557,Claim_3158,Claim_5472,requires
5430,583,Claim_3299,Claim_6498,contradicts
5431,633,Claim_4486,Claim_9956,contradicts
5432,427,Claim_4686,Claim_5709,supports
5433,44,Claim_1592,Claim_5111,requires
5434,896,Claim_2937,Claim_9325,requires
5435,219,Claim_4550,Claim_5232,contradicts
5436,57,Claim_2430,Claim_7195,supports
5437,955,Claim_3185,Claim_5610,requires
5438,416,Claim_801,Claim_6649,supports
5439,407,Claim_1647,Claim_7686,contradicts
5440,539,Claim_2863,Claim_6588,requires
5441,91,Claim_106,Claim_7382,supports
5442,528,Claim_4604,Claim_5050,contradicts
5443,866,Claim_3920,Claim_7147,requires
5444,369,Claim_4342,Claim_7074,supports
5445,174,Claim_2459,Claim_9833,extends
5446,514,Claim_3767,Claim_5546,extends
5447,552,Claim_4915,Claim_9902,extends
5448,470,Claim_4654,Claim_6884,contradicts
5449,686,Claim_2305,Claim_7156,contradicts
5450,345,Claim_4436,Claim_5191,contradicts
5451,881,Claim_3586,Claim_6657,supports
5452,985,Claim_1023,Claim_9846,contradicts
5453,136,Claim_3243,Claim_5614,contradicts
5454,717,Claim_2889,Claim_8648,extends
5455,850,Claim_2418,Claim_8013,requires
5456,435,Claim_1871,Claim_8560,extends
5457,49,Claim_2939,Claim_5906,extends
5458,530,Claim_687,Claim_8369,extends
5459,851,Claim_3587,Claim_9796,requires
5460,235,Claim_732,Claim_8774,extends
5461,202,Claim_1628,Claim_9587,contradicts
5462,406,Claim_4514,Claim_7048,requires
5463,585,Claim_2732,Claim_8666,supports
5464,750,Claim_492,Claim_5938,contradicts
5465,693,Claim_278,Claim_6986,contradicts
5466,210,Claim_979,Claim_8510,extends
5467,625,Claim_1452,Claim_6648,contradicts
5468,415,Claim_1509,Claim_6014,extends
5469,269,Claim_1593,Claim_6961,contradicts
5470,982,Claim_3661,Claim_5725,extends
5471,17,Claim_2644,Claim_8993,contradicts
5472,632,Claim_1055,Claim_5565,extends
5473,656,Claim_4382,Claim_8481,supports
5474,390,Claim_4131,Claim_6532,requires
5475,785,Claim_1091,Claim_9188,requires
5476,35,Claim_1164,Claim_7067,contradicts
5477,412,Claim_2537,Claim_7682,extends
5478,913,Claim_977,Claim_5411,requires
5479,408,Claim_4789,Claim_5456,requires
5480,31,Claim_123,Claim_9729,requires
5481,42,Claim_4499,Claim_9703,requires
5482,477,Claim_2507,Claim_7162,extends
5483,660,Claim_2646,Claim_9802,extends
5484,285,Claim_2982,Claim_9038,supports
5485,417,Claim_926,Claim_7972,requires
5486,212,Claim_2015,Claim_8190,supports
5487,418,Claim_665,Claim_5142,supports
5488,865,Claim_1988,Claim_6341,extends
5489,72,Claim_1474,Claim_6556,supports
5490,234,Claim_3270,Claim_9072,extends
5491,438,Claim_4127,Claim_7320,requires
5492,235,Claim_322,Claim_9445,supports
5493,421,Claim_4872,Claim_5347,extends
5494,351,Claim_235,Claim_6698,contradicts
5495,993,Claim_1049,Claim_5360,requires
5496,150,Claim_4159,Claim_9999,contradicts
5497,748,Claim_4320,Claim_5073,contradicts
5498,140,Claim_2391,Claim_9543,contradicts
5499,834,Claim_817,Claim_5629,requires
5500,539,Claim_4574,Claim_6826,extends
5501,75,Claim_535,Claim_7560,extends
5502,649,Claim_3093,Claim_9060,contradicts
5503,541,Claim_3700,Claim_6915,extends
5504,997,Claim_2166,Claim_8168,requires
5505,960,Claim_3953,Claim_8511,requires
5506,544,Claim_1055,Claim_6702,supports
5507,27,Claim_4000,Claim_6711,requires
5508,15,Claim_1967,Claim_9138,requires
5509,815,Claim_4048,Claim_7381,requires
5510,870,Claim_2202,Claim_6903,contradicts
5511,18,Claim_4300,Claim_9246,extends
5512,381,Claim_3695,Claim_5251,contradicts
5513,273,Claim_2762,Claim_7854,contradicts
5514,168,Claim_4572,Claim_7014,contradicts
5515,649,Claim_4194,Claim_9419,requires
5516,644,Claim_2081,Claim_6409,supports
5517,49,Claim_4763,Claim_7184,extends
5518,878,Claim_4456,Claim_5367,contradicts
5519,795,Claim_2307,Claim_8730,contradicts
5520,763,Claim_4186,Claim_9834,extends
5521,7,Claim_983,Claim_9269,requires
5522,843,Claim_406,Claim_9389,supports
5523,791,Claim_3840,Claim_8012,extends
5524,588,Claim_1879,Claim_9833,contradicts
5525,785,Claim_3079,Claim_8699,requires
5526,803,Claim_74,Claim_5237,contradicts
5527,186,Claim_3925,Claim_5327,extends
5528,617,Claim_3369,Claim_7749,contradicts
5529,755,Claim_4306,Claim_9791,contradicts
5530,648,Claim_1615,Claim_6772,supports
5531,937,Claim_3008,Claim_6779,requires
5532,237,Claim_2063,Claim_8635,supports
5533,959,Claim_3173,Claim_9059,supports
5534,264,Claim_3638,Claim_9540,supports
5535,353,Claim_2540,Claim_7052,contradicts
5536,807,Claim_1075,Claim_9799,extends
5537,380,Claim_4217,Claim_6527,contradicts
5538,595,Claim_882,Claim_7352,supports
5539,572,Claim_3672,Claim_7121,contradicts
5540,586,Claim_1417,Claim_5793,extends
5541,101,Claim_326,Claim_7840,requires
5542,399,Claim_4265,Claim_8276,contradicts
5543,823,Claim_3113,Claim_5537,contradicts
5544,866,Claim_679,Claim_8148,contradicts
5545,751,Claim_4081,Claim_5513,contradicts
5546,107,Claim_4088,Claim_9520,requires
5547,782,Claim_2558,Claim_5970,supports
5548,335,Claim_3287,Claim_8370,extends
5549,901,Claim_1063,Claim_8372,extends
5550,865,Claim_2266,Claim_8465,extends
5551,955,Claim_262,Claim_6477,contradicts
5552,930,Claim_4038,Claim_9447,requires
5553,346,Claim_1907,Claim_7747,requires
5554,565,Claim_3143,Claim_8434,requires
5555,472,Claim_1749,Claim_8495,supports
5556,225,Claim_1190,Claim_5791,supports
5557,654,Claim_1364,Claim_7272,contradicts
5558,576,Claim_3519,Claim_5673,contradicts
5559,901,Claim_2251,Claim_8953,contradicts
5560,921,Claim_2175,Claim_5830,contradicts
5561,68,Claim_4900,Claim_9869,requires
5562,526,Claim_1667,Claim_6300,requires
5563,760,Claim_3433,Claim_6157,supports
5564,524,Claim_1178,Claim_6798,requires
5565,113,Claim_227,Claim_8062,requires
5566,12,Claim_1347,Claim_6617,extends
5567,707,Claim_4974,Claim_9175,supports
5568,284,Claim_3652,Claim_7012,extends
5569,947,Claim_4021,Claim_6503,extends
5570,280,Claim_1558,Claim_9010,contradicts
5571,984,Claim_4427,Claim_5802,supports
5572,437,Claim_1098,Claim_7818,requires
5573,942,Claim_3656,Claim_5530,contradicts
5574,73,Claim_975,Claim_7199,requires
5575,453,Claim_3816,Claim_5977,requires
5576,208,Claim_953,Claim_7588,extends
5577,537,Claim_414,Claim_9866,requires
5578,146,Claim_3807,Claim_9190,requires
5579,902,Claim_912,Claim_5766,supports
5580,580,Claim_1350,Claim_9576,extends
5581,703,Claim_2298,Claim_7200,supports
5582,858,Claim_1070,Claim_8553,supports
5583,685,Claim_4202,Claim_6841,contradicts
5584,678,Claim_4549,Claim_9442,requires
5585,289,Claim_1740,Claim_8070,contradicts
5586,63,Claim_4171,Claim_7581,contradicts
5587,163,Claim_12,Claim_7454,contradicts
5588,644,Claim_2057,Claim_6468,requires
5589,398,Claim_3831,Claim_7778,requires
5590,463,Claim_2588,Claim_6864,requires
5591,419,Claim_4592,Claim_9236,supports
5592,320,Claim_2806,Claim_6742,extends
5593,689,Claim_2513,Claim_5714,extends
5594,761,Claim_1662,Claim_9002,extends
5595,193,Claim_1419,Claim_8238,contradicts
5596,860,Claim_426,Claim_9264,supports
5597,616,Claim_2452,Claim_7541,contradicts
5598,576,Claim_4675,Claim_5493,extends
5599,25,Claim_4268,Claim_7431,extends
5600,816,Claim_3831,Claim_6914,contradicts
5601,625,Claim_4765,Claim_5895,extends
5602,96,Claim_2586,Claim_8904,requires
5603,837,Claim_2107,Claim_7262,extends
5604,578,Claim_3549,Claim_5650,extends
5605,13,Claim_2566,Claim_6215,requires
5606,29,Claim_292,Claim_5985,supports
5607,386,Claim_1293,Claim_7343,requires
5608,771,Claim_3053,Claim_6247,supports
5609,644,Claim_1033,Claim_6241,contradicts
5610,416,Claim_1259,Claim_7068,contradicts
5611,225,Claim_3778,Claim_8399,extends
5612,859,Claim_4994,Claim_6280,supports
5613,435,Claim_3430,Claim_7870,contradicts
5614,376,Claim_3397,Claim_8446,requires
5615,56,Claim_1554,Claim_8608,supports
5616,451,Claim_386,Claim_5550,supports
5617,580,Claim_3070,Claim_7991,requires
5618,796,Claim_2895,Claim_6914,extends
5619,351,Claim_3712,Claim_9552,contradicts
5620,705,Claim_1687,Claim_8760,supports
5621,999,Claim_843,Claim_8896,supports
5622,863,Claim_4558,Claim_7871,requires
5623,633,Claim_876,Claim_5513,requires
5624,863,Claim_4477,Claim_5663,requires
5625,821,Claim_2696,Claim_9137,supports
5626,369,Claim_4505,Claim_9830,supports
5627,542,Claim_3518,Claim_6139,extends
5628,617,Claim_1683,Claim_8822,contradicts
5629,59,Claim_4125,Claim_8793,supports
5630,589,Claim_2983,Claim_8907,supports
5631,353,Claim_3296,Claim_6449,supports
5632,10,Claim_401,Claim_5153,contradicts
5633,926,Claim_3991,Claim_5574,contradicts
5634,46,Claim_3558,Claim_7692,requires
5635,529,Claim_2779,Claim_9848,supports
5636,830,Claim_452,Claim_6587,requires
5637,944,Claim_34,Claim_9440,requires
5638,961,Claim_519,Claim_7479,requires
5639,868,Claim_1682,Claim_9826,supports
5640,56,Claim_1162,Claim_8768,contradicts
5641,178,Claim_1780,Claim_8858,extends
5642,457,Claim_3470,Claim_6130,extends
5643,114,Claim_2254,Claim_8865,supports
5644,96,Claim_1193,Claim_8226,supports
5645,766,Claim_3033,Claim_8334,extends
5646,640,Claim_1056,Claim_8301,requires
5647,603,Claim_1331,Claim_6916,requires
5648,138,Claim_428,Claim_5770,extends
5649,297,Claim_1159,Claim_5834,contradicts
5650,733,Claim_4174,Claim_9091,requires
5651,235,Claim_256,Claim_6207,requires
5652,135,Claim_4115,Claim_5898,supports
5653,565,Claim_147,Claim_6656,supports
5654,603,Claim_3201,Claim_9266,contradicts
5655,197,Claim_2988,Claim_9833,supports
5656,197,Claim_2861,Claim_9134,extends
5657,690,Claim_3509,Claim_7045,requires
5658,931,Claim_2310,Claim_8659,extends
5659,305,Claim_2714,Claim_6021,requires
5660,547,Claim_925,Claim_6775,extends
5661,582,Claim_987,Claim_9028,extends
5662,203,Claim_1066,Claim_9536,extends
5663,659,Claim_1844,Claim_6500,requires
5664,328,Claim_2509,Claim_5760,extends
5665,903,Claim_4341,Claim_8869,supports
5666,382,Claim_2613,Claim_7340,contradicts
5667,28,Claim_2749,Claim_7436,requires
5668,331,Claim_2883,Claim_6575,extends
5669,303,Claim_924,Claim_6651,requires
5670,855,Claim_333,Claim_8907,supports
5671,816,Claim_1296,Claim_7453,supports
5672,285,Claim_862,Claim_5104,requires
5673,886,Claim_804,Claim_8867,requires
5674,527,Claim_4629,Claim_8447,requires
5675,769,Claim_2919,Claim_6669,requires
5676,938,Claim_85,Claim_5005,contradicts
5677,854,Claim_2568,Claim_7489,contradicts
5678,511,Claim_4970,Claim_7310,extends
5679,509,Claim_3029,Claim_6887,requires
5680,220,Claim_3726,Claim_6701,extends
5681,925,Claim_3249,Claim_9715,contradicts
5682,206,Claim_3695,Claim_6207,contradicts
5683,320,Claim_2245,Claim_9665,requires
5684,741,Claim_987,Claim_6339,extends
5685,387,Claim_4847,Claim_7577,supports
5686,298,Claim_1984,Claim_8411,extends
5687,947,Claim_382,Claim_5493,supports
5688,796,Claim_1178,Claim_7834,contradicts
5689,242,Claim_2556,Claim_5419,extends
5690,616,Claim_3969,Claim_5139,contradicts
5691,242,Claim_4159,Claim_9991,requires
5692,23,Claim_3566,Claim_7130,supports
5693,79,Claim_1682,Claim_9048,contradicts
5694,568,Claim_4709,Claim_8212,requires
5695,571,Claim_1068,Claim_8510,extends
5696,927,Claim_4017,Claim_8115,extends
5697,270,Claim_3258,Claim_5568,supports
5698,339,Claim_4682,Claim_9914,extends
5699,115,Claim_4471,Claim_5189,contradicts
5700,684,Claim_2459,Claim_8969,contradicts
5701,27,Claim_2684,Claim_5312,contradicts
5702,804,Claim_848,Claim_7732,contradicts
5703,620,Claim_105,Claim_8352,supports
5704,249,Claim_2705,Claim_8440,extends
5705,473,Claim_88,Claim_8156,supports
5706,19,Claim_2966,Claim_5325,supports
5707,790,Claim_4909,Claim_5812,requires
5708,826,Claim_860,Claim_7977,extends
5709,452,Claim_1223,Claim_9556,supports
5710,473,Claim_3957,Claim_7148,supports
5711,572,Claim_4570,Claim_9297,contradicts
5712,485,Claim_4731,Claim_8617,contradicts
5713,673,Claim_1739,Claim_5614,supports
5714,372,Claim_2380,Claim_7641,supports
5715,432,Claim_2450,Claim_6758,extends
5716,707,Claim_4829,Claim_9332,extends
5717,533,Claim_4380,Claim_6925,requires
5718,865,Claim_3784,Claim_5013,supports
5719,608,Claim_3729,Claim_7066,supports
5720,871,Claim_4524,Claim_9491,requires
5721,565,Claim_1125,Claim_9524,requires
5722,748,Claim_2889,Claim_9011,supports
5723,602,Claim_4440,Claim_9480,requires
5724,843,Claim_1533,Claim_6585,supports
5725,704,Claim_3598,Claim_7794,contradicts
5726,850,Claim_3878,Claim_9500,requires
5727,847,Claim_772,Claim_8110,contradicts
5728,881,Claim_4541,Claim_7066,supports
5729,762,Claim_1611,Claim_5054,supports
5730,750,Claim_1674,Claim_6319,extends
5731,23,Claim_3341,Claim_7395,requires
5732,183,Claim_177,Claim_8442,requires
5733,500,Claim_1409,Claim_9107,extends
5734,427,Claim_696,Claim_9852,contradicts
5735,731,Claim_675,Claim_5238,extends
5736,878,Claim_4122,Claim_6455,requires
5737,207,Claim_4186,Claim_5038,extends
5738,447,Claim_2557,Claim_9885,extends
5739,854,Claim_4581,Claim_5447,extends
5740,77,Claim_2839,Claim_5880,extends
5741,174,Claim_3530,Claim_7584,supports
5742,717,Claim_3619,Claim_8791,extends
5743,596,Claim_1512,Claim_7826,requires
5744,544,Claim_1616,Claim_8476,extends
5745,426,Claim_4352,Claim_5878,extends
5746,228,Claim_143,Claim_7666,extends
5747,153,Claim_2682,Claim_6134,requires
5748,50,Claim_334,Claim_5561,supports
5749,553,Claim_877,Claim_6517,extends
5750,940,Claim_136,Claim_8934,extends
5751,538,Claim_4312,Claim_9600,supports
5752,957,Claim_627,Claim_6162,extends
5753,90,Claim_1116,Claim_7162,extends
5754,765,Claim_3403,Claim_7869,extends
5755,973,Claim_780,Claim_5494,supports
5756,33,Claim_3629,Claim_7235,contradicts
5757,183,Claim_386,Claim_7851,supports
5758,36,Claim_4826,Claim_9724,supports
5759,69,Claim_4979,Claim_8781,supports
5760,330,Claim_4133,Claim_5231,contradicts
5761,643,Claim_1011,Claim_5683,supports
5762,858,Claim_2645,Claim_5191,contradicts
5763,110,Claim_1357,Claim_6324,contradicts
5764,62,Claim_622,Claim_5931,extends
5765,928,Claim_4127,Claim_8733,contradicts
5766,62,Claim_4271,Claim_6489,requires
5767,479,Claim_341,Claim_6599,supports
5768,604,Claim_3974,Claim_7018,supports
5769,450,Claim_4829,Claim_5776,contradicts
5770,620,Claim_1972,Claim_9038,supports
5771,615,Claim_764,Claim_5259,contradicts
5772,379,Claim_908,Claim_7483,supports
5773,262,Claim_3125,Claim_9408,supports
5774,807,Claim_4054,Claim_7606,requires
5775,66,Claim_346,Claim_9637,contradicts
5776,569,Claim_1863,Claim_7424,extends
5777,348,Claim_4884,Claim_5536,extends
5778,479,Claim_2750,Claim_6867,requires
5779,763,Claim_1515,Claim_7468,requires
5780,629,Claim_459,Claim_7900,extends
5781,784,Claim_1881,Claim_6581,contradicts
5782,488,Claim_2766,Claim_5111,supports
5783,916,Claim_3966,Claim_9511,extends
5784,365,Claim_3455,Claim_6569,requires
5785,953,Claim_2213,Claim_5288,contradicts
5786,541,Claim_2709,Claim_9146,supports
5787,103,Claim_4468,Claim_8041,contradicts
5788,462,Claim_3893,Claim_5696,requires
5789,24,Claim_3626,Claim_8698,contradicts
5790,484,Claim_3492,Claim_8551,extends
5791,933,Claim_3784,Claim_5585,supports
5792,872,Claim_3195,Claim_5848,supports
5793,292,Claim_1414,Claim_5271,extends
5794,22,Claim_3873,Claim_6694,contradicts
5795,240,Claim_4603,Claim_8200,extends
5796,880,Claim_4101,Claim_5537,contradicts
5797,638,Claim_3825,Claim_9394,supports
5798,10,Claim_3826,Claim_9599,requires
5799,912,Claim_954,Claim_8514,supports
5800,64,Claim_4266,Claim_7602,extends
5801,267,Claim_3821,Claim_7681,contradicts
5802,63,Claim_3595,Claim_7438,supports
5803,265,Claim_2451,Claim_7505,extends
5804,782,Claim_4840,Claim_7148,contradicts
5805,421,Claim_4933,Claim_6378,requires
5806,409,Claim_1430,Claim_8393,extends
5807,612,Claim_2817,Claim_5785,supports
5808,732,Claim_1870,Claim_9377,extends
5809,194,Claim_2289,Claim_7493,supports
5810,327,Claim_2763,Claim_6477,extends
5811,474,Claim_3778,Claim_8859,requires
5812,92,Claim_1559,Claim_8028,requires
5813,121,Claim_3214,Claim_5192,supports
5814,83,Claim_1680,Claim_5856,supports
5815,249,Claim_4036,Claim_9109,requires
5816,70,Claim_4432,Claim_8863,requires
5817,682,Claim_4297,Claim_9744,extends
5818,586,Claim_1979,Claim_5479,supports
5819,945,Claim_3693,Claim_8867,extends
5820,839,Claim_2618,Claim_9541,contradicts
5821,50,Claim_425,Claim_9966,supports
5822,877,Claim_3397,Claim_6532,contradicts
5823,27,Claim_4798,Claim_7228,requires
5824,722,Claim_3148,Claim_8235,supports
5825,343,Claim_16,Claim_8411,supports
5826,959,Claim_1496,Claim_7977,contradicts
5827,752,Claim_1282,Claim_9142,requires
5828,203,Claim_3769,Claim_9577,contradicts
5829,27,Claim_3621,Claim_5091,contradicts
5830,905,Claim_943,Claim_9764,supports
5831,178,Claim_2198,Claim_5989,requires
5832,992,Claim_854,Claim_9062,requires
5833,140,Claim_1564,Claim_9083,requires
5834,780,Claim_1877,Claim_5264,supports
5835,337,Claim_1838,Claim_6595,supports
5836,119,Claim_4841,Claim_6313,contradicts
5837,128,Claim_4317,Claim_8503,contradicts
5838,459,Claim_161,Claim_7117,contradicts
5839,759,Claim_2601,Claim_5375,extends
5840,210,Claim_675,Claim_7036,requires
5841,994,Claim_2407,Claim_7218,requires
5842,124,Claim_2823,Claim_8100,contradicts
5843,54,Claim_1788,Claim_8879,supports
5844,332,Claim_255,Claim_5088,requires
5845,263,Claim_4545,Claim_9219,extends
5846,913,Claim_4184,Claim_6221,requires
5847,551,Claim_1186,Claim_5453,supports
5848,147,Claim_283,Claim_6184,supports
5849,933,Claim_2611,Claim_6174,requires
5850,959,Claim_1422,Claim_5394,requires
5851,676,Claim_3487,Claim_8866,contradicts
5852,730,Claim_4034,Claim_7565,requires
5853,107,Claim_4142,Claim_8550,requires
5854,145,Claim_3010,Claim_5129,supports
5855,447,Claim_4877,Claim_8820,extends
5856,434,Claim_2808,Claim_9217,requires
5857,822,Claim_4775,Claim_7138,extends
5858,873,Claim_1725,Claim_5979,contradicts
5859,111,Claim_902,Claim_5066,supports
5860,826,Claim_4043,Claim_9199,extends
5861,81,Claim_1869,Claim_7704,requires
5862,73,Claim_482,Claim_9842,extends
5863,710,Claim_3358,Claim_8484,supports
5864,496,Claim_3355,Claim_7954,supports
5865,539,Claim_4179,Claim_6966,requires
5866,855,Claim_3095,Claim_5177,requires
5867,70,Claim_3692,Claim_5634,extends
5868,975,Claim_2912,Claim_7796,supports
5869,914,Claim_3693,Claim_7820,contradicts
5870,588,Claim_1604,Claim_9993,supports
5871,823,Claim_3922,Claim_9388,extends
5872,857,Claim_3433,Claim_7180,supports
5873,803,Claim_4481,Claim_6616,contradicts
5874,954,Claim_2239,Claim_7514,extends
5875,282,Claim_504,Claim_6500,contradicts
5876,705,Claim_2563,Claim_9863,supports
5877,58,Claim_4188,Claim_8742,requires
5878,111,Claim_4002,Claim_7571,requires
5879,387,Claim_2024,Claim_7568,requires
5880,596,Claim_9,Claim_6595,supports
5881,552,Claim_3475,Claim_9259,extends
5882,166,Claim_500,Claim_5079,requires
5883,985,Claim_1671,Claim_9535,requires
5884,337,Claim_2375,Claim_6912,requires
5885,4,Claim_865,Claim_6004,extends
5886,988,Claim_3225,Claim_9874,extends
5887,538,Claim_4991,Claim_8761,extends
5888,137,Claim_2148,Claim_9687,requires
5889,418,Claim_739,Claim_6795,contradicts
5890,836,Claim_4383,Claim_9051,requires
5891,660,Claim_3126,Claim_5358,supports
5892,228,Claim_835,Claim_5183,requires
5893,135,Claim_2139,Claim_7979,extends
5894,82,Claim_1011,Claim_7573,requires
5895,109,Claim_4465,Claim_6142,requires
5896,344,Claim_1102,Claim_6478,requires
5897,120,Claim_77,Claim_8297,contradicts
5898,420,Claim_3467,Claim_8574,contradicts
5899,880,Claim_3420,Claim_8000,contradicts
5900,34,Claim_2323,Claim_6505,supports
5901,661,Claim_510,Claim_6762,requires
5902,274,Claim_4777,Claim_8697,extends
5903,435,Claim_2453,Claim_7975,requires
5904,508,Claim_604,Claim_6308,supports
5905,720,Claim_1326,Claim_7453,requires
5906,443,Claim_2465,Claim_5613,contradicts
5907,361,Claim_3885,Claim_6116,supports
5908,695,Claim_2032,Claim_5536,supports
5909,254,Claim_4774,Claim_8101,extends
5910,822,Claim_4841,Claim_5392,extends
5911,807,Claim_4110,Claim_6310,requires
5912,444,Claim_3980,Claim_6446,extends
5913,793,Claim_134,Claim_9058,supports
5914,789,Claim_629,Claim_6765,contradicts
5915,29,Claim_1864,Claim_6548,requires
5916,423,Claim_4255,Claim_9836,contradicts
5917,839,Claim_4984,Claim_7360,extends
5918,507,Claim_4592,Claim_6685,requires
5919,488,Claim_3943,Claim_7287,contradicts
5920,503,Claim_1537,Claim_6387,contradicts
5921,340,Claim_3700,Claim_5937,contradicts
5922,976,Claim_2995,Claim_7223,requires
5923,554,Claim_2073,Claim_8897,extends
5924,468,Claim_3293,Claim_5348,contradicts
5925,71,Claim_1426,Claim_9452,supports
5926,490,Claim_4096,Claim_5905,requires
5927,93,Claim_3156,Claim_9800,contradicts
5928,279,Claim_2540,Claim_6518,extends
5929,597,Claim_3101,Claim_6747,extends
5930,279,Claim_4039,Claim_5329,supports
5931,318,Claim_1373,Claim_9792,contradicts
5932,992,Claim_2640,Claim_7222,requires
5933,973,Claim_946,Claim_6354,supports
5934,38,Claim_3613,Claim_6901,supports
5935,393,Claim_4552,Claim_5350,supports
5936,390,Claim_4593,Claim_6485,contradicts
5937,145,Claim_2009,Claim_9918,requires
5938,654,Claim_3587,Claim_8210,requires
5939,991,Claim_2621,Claim_6623,extends
5940,963,Claim_4652,Claim_9641,extends
5941,592,Claim_829,Claim_9514,requires
5942,719,Claim_2790,Claim_9975,supports
5943,372,Claim_4114,Claim_9338,contradicts
5944,964,Claim_960,Claim_9783,contradicts
5945,526,Claim_1503,Claim_7259,requires
5946,846,Claim_2422,Claim_5945,supports
5947,889,Claim_4334,Claim_9276,supports
5948,862,Claim_1904,Claim_7209,requires
5949,463,Claim_375,Claim_5148,requires
5950,110,Claim_3462,Claim_9932,extends
5951,553,Claim_2174,Claim_9018,extends
5952,524,Claim_598,Claim_5241,requires
5953,252,Claim_4082,Claim_5037,requires
5954,173,Claim_578,Claim_9605,contradicts
5955,38,Claim_4596,Claim_6047,extends
5956,403,Claim_532,Claim_8274,extends
5957,315,Claim_377,Claim_7816,contradicts
5958,400,Claim_2341,Claim_9157,contradicts
5959,630,Claim_167,Claim_5917,requires
5960,356,Claim_1397,Claim_7535,supports
5961,716,Claim_65,Claim_5592,requires
5962,375,Claim_2967,Claim_5202,contradicts
5963,607,Claim_1951,Claim_7668,requires
5964,562,Claim_944,Claim_7364,supports
5965,155,Claim_3865,Claim_8978,supports
5966,78,Claim_2956,Claim_6964,extends
5967,983,Claim_4267,Claim_9055,extends
5968,678,Claim_4415,Claim_6956,extends
5969,609,Claim_1019,Claim_6263,extends
5970,515,Claim_1014,Claim_5659,requires
5971,285,Claim_371,Claim_5454,requires
5972,259,Claim_1831,Claim_6175,requires
5973,169,Claim_4396,Claim_7069,extends
5974,172,Claim_1833,Claim_8985,requires
5975,43,Claim_1745,Claim_7618,requires
5976,486,Claim_1136,Claim_9857,contradicts
5977,281,Claim_1193,Claim_7341,requires
5978,177,Claim_1134,Claim_6289,requires
5979,294,Claim_3923,Claim_6223,extends
5980,658,Claim_2007,Claim_6797,contradicts
5981,765,Claim_1934,Claim_6300,requires
5982,46,Claim_1777,Claim_6477,extends
5983,154,Claim_3650,Claim_7706,requires
5984,103,Claim_4087,Claim_7900,extends
5985,313,Claim_2230,Claim_5587,requires
5986,225,Claim_208,Claim_9156,supports
5987,749,Claim_4224,Claim_5684,extends
5988,296,Claim_1166,Claim_7294,supports
5989,832,Claim_1398,Claim_9912,requires
5990,232,Claim_2919,Claim_9936,requires
5991,380,Claim_1319,Claim_6126,extends
5992,153,Claim_256,Claim_6806,requires
5993,787,Claim_2145,Claim_9483,supports
5994,838,Claim_218,Claim_9966,extends
5995,626,Claim_1889,Claim_8339,requires
5996,450,Claim_4372,Claim_8013,supports
5997,283,Claim_2864,Claim_7815,contradicts
5998,789,Claim_4867,Claim_7554,contradicts
5999,280,Claim_2507,Claim_6155,requires
6000,944,Claim_1823,Claim_9008,extends
6001,439,Claim_4606,Claim_6542,extends
6002,812,Claim_1894,Claim_6673,contradicts
6003,546,Claim_1747,Claim_6662,requires
6004,690,Claim_2892,Claim_8047,requires
6005,654,Claim_1794,Claim_9036,contradicts
6006,95,Claim_1900,Claim_9868,extends
6007,923,Claim_626,Claim_5878,requires
6008,338,Claim_1767,Claim_5933,extends
6009,881,Claim_3442,Claim_7067,contradicts
6010,961,Claim_3124,Claim_8099,requires
6011,933,Claim_2884,Claim_8631,supports
6012,363,Claim_3914,Claim_5878,requires
6013,96,Claim_2963,Claim_5712,extends
6014,931,Claim_1885,Claim_6856,extends
6015,375,Claim_3240,Claim_6368,contradicts
6016,345,Claim_141,Claim_6003,extends
6017,344,Claim_4515,Claim_7500,supports
6018,780,Claim_451,Claim_6989,contradicts
6019,86,Claim_640,Claim_6909,requires
6020,198,Claim_1138,Claim_5194,extends
6021,136,Claim_263,Claim_5681,requires
6022,234,Claim_4425,Claim_6434,extends
6023,646,Claim_3524,Claim_5323,requires
6024,552,Claim_3227,Claim_9558,requires
6025,432,Claim_1888,Claim_5007,requires
6026,17,Claim_3385,Claim_7326,requires
6027,822,Claim_1871,Claim_9874,requires
6028,321,Claim_3517,Claim_9594,supports
6029,590,Claim_1385,Claim_9664,contradicts
6030,588,Claim_663,Claim_5708,supports
6031,132,Claim_4305,Claim_7501,extends
6032,539,Claim_1557,Claim_7621,supports
6033,836,Claim_4658,Claim_7006,extends
6034,957,Claim_3632,Claim_8024,extends
6035,132,Claim_3184,Claim_9970,contradicts
6036,869,Claim_4102,Claim_8247,extends
6037,894,Claim_1029,Claim_5453,supports
6038,865,Claim_1987,Claim_5108,requires
6039,857,Claim_2646,Claim_6616,extends
6040,176,Claim_1943,Claim_9920,requires
6041,936,Claim_4990,Claim_5580,supports
6042,678,Claim_4572,Claim_8091,requires
6043,317,Claim_909,Claim_5606,contradicts
6044,96,Claim_3157,Claim_7404,contradicts
6045,947,Claim_3383,Claim_7730,extends
6046,197,Claim_3403,Claim_8071,requires
6047,575,Claim_1240,Claim_8544,supports
6048,54,Claim_4318,Claim_5122,supports
6049,289,Claim_3731,Claim_5026,extends
6050,192,Claim_1313,Claim_8410,supports
6051,761,Claim_106,Claim_9328,contradicts
6052,880,Claim_1555,Claim_9614,supports
6053,207,Claim_2191,Claim_8765,extends
6054,121,Claim_176,Claim_7992,extends
6055,576,Claim_4242,Claim_9334,extends
6056,104,Claim_1319,Claim_5067,contradicts
6057,895,Claim_2232,Claim_6322,extends
6058,244,Claim_3449,Claim_6021,requires
6059,35,Claim_700,Claim_5171,requires
6060,152,Claim_4577,Claim_6695,extends
6061,71,Claim_1036,Claim_5775,supports
6062,100,Claim_2965,Claim_5816,supports
6063,937,Claim_3400,Claim_5386,requires
6064,828,Claim_4217,Claim_7478,requires
6065,693,Claim_215,Claim_7307,extends
6066,717,Claim_276,Claim_9765,requires
6067,690,Claim_3751,Claim_8321,requires
6068,687,Claim_1975,Claim_5841,supports
6069,52,Claim_4944,Claim_7540,contradicts
6070,206,Claim_629,Claim_9890,contradicts
6071,143,Claim_1102,Claim_6759,requires
6072,335,Claim_1953,Claim_6348,requires
6073,82,Claim_2118,Claim_8946,extends
6074,660,Claim_2836,Claim_5107,requires
6075,967,Claim_3097,Claim_6249,extends
6076,234,Claim_1044,Claim_8755,contradicts
6077,41,Claim_4765,Claim_7239,contradicts
6078,838,Claim_2126,Claim_9216,extends
6079,86,Claim_4060,Claim_7347,extends
6080,426,Claim_75,Claim_5603,requires
6081,84,Claim_3574,Claim_9199,requires
6082,969,Claim_3142,Claim_6831,supports
6083,949,Claim_3973,Claim_6640,requires
6084,167,Claim_1246,Claim_7590,requires
6085,382,Claim_4467,Claim_7141,extends
6086,413,Claim_1709,Claim_9913,supports
6087,455,Claim_268,Claim_5838,extends
6088,807,Claim_4206,Claim_9566,supports
6089,7,Claim_1177,Claim_9662,contradicts
6090,844,Claim_3619,Claim_9549,extends
6091,178,Claim_1710,Claim_6902,contradicts
6092,543,Claim_3518,Claim_6117,extends
6093,281,Claim_1161,Claim_6076,extends
6094,845,Claim_2390,Claim_6075,extends
6095,428,Claim_2475,Claim_5624,supports
6096,125,Claim_2118,Claim_7251,extends
6097,197,Claim_45,Claim_7976,requires
6098,843,Claim_3199,Claim_7765,requires
6099,463,Claim_3451,Claim_5103,requires
6100,111,Claim_1240,Claim_7926,supports
6101,498,Claim_2115,Claim_6951,contradicts
6102,177,Claim_1022,Claim_5230,contradicts
6103,241,Claim_4396,Claim_9194,extends
6104,715,Claim_4646,Claim_5219,extends
6105,722,Claim_822,Claim_8566,requires
6106,268,Claim_3194,Claim_8539,supports
6107,785,Claim_1229,Claim_8215,requires
6108,299,Claim_4583,Claim_7831,supports
6109,645,Claim_842,Claim_8649,requires
6110,680,Claim_3499,Claim_5939,extends
6111,288,Claim_4028,Claim_8078,contradicts
6112,805,Claim_4799,Claim_8737,requires
6113,436,Claim_2475,Claim_8505,extends
6114,942,Claim_3548,Claim_8012,supports
6115,188,Claim_4507,Claim_6312,requires
6116,862,Claim_3727,Claim_7437,requires
6117,630,Claim_2276,Claim_9463,extends
6118,341,Claim_2384,Claim_7568,requires
6119,389,Claim_1993,Claim_7413,contradicts
6120,831,Claim_3705,Claim_9576,extends
6121,42,Claim_392,Claim_5894,extends
6122,503,Claim_3166,Claim_9192,extends
6123,371,Claim_1305,Claim_9279,supports
6124,241,Claim_3974,Claim_6058,contradicts
6125,178,Claim_379,Claim_7358,requires
6126,766,Claim_3004,Claim_6863,contradicts
6127,163,Claim_545,Claim_9035,supports
6128,346,Claim_3894,Claim_6102,requires
6129,815,Claim_4055,Claim_8724,extends
6130,909,Claim_358,Claim_5389,extends
6131,739,Claim_402,Claim_6576,supports
6132,275,Claim_1564,Claim_6645,supports
6133,943,Claim_3980,Claim_8799,supports
6134,740,Claim_229,Claim_5755,extends
6135,934,Claim_729,Claim_7953,extends
6136,185,Claim_2017,Claim_9118,contradicts
6137,64,Claim_4670,Claim_7776,contradicts
6138,347,Claim_81,Claim_8517,extends
6139,498,Claim_1006,Claim_9565,supports
6140,53,Claim_3148,Claim_6638,supports
6141,611,Claim_4379,Claim_8001,contradicts
6142,283,Claim_4451,Claim_5442,requires
6143,399,Claim_3687,Claim_8125,contradicts
6144,723,Claim_3547,Claim_6149,supports
6145,682,Claim_3456,Claim_7643,supports
6146,409,Claim_2852,Claim_5700,extends
6147,411,Claim_2616,Claim_7049,requires
6148,862,Claim_1614,Claim_8953,supports
6149,280,Claim_1346,Claim_5530,contradicts
6150,123,Claim_2977,Claim_6184,extends
6151,569,Claim_3686,Claim_8593,requires
6152,817,Claim_488,Claim_5221,supports
6153,582,Claim_4340,Claim_7795,contradicts
6154,935,Claim_2834,Claim_5459,requires
6155,653,Claim_4893,Claim_6681,contradicts
6156,641,Claim_3890,Claim_8265,extends
6157,685,Claim_1696,Claim_9219,supports
6158,191,Claim_1591,Claim_7654,contradicts
6159,969,Claim_1586,Claim_6755,requires
6160,48,Claim_3218,Claim_6267,supports
6161,212,Claim_4043,Claim_8383,supports
6162,133,Claim_320,Claim_9081,supports
6163,457,Claim_2020,Claim_8849,extends
6164,922,Claim_3241,Claim_8435,supports
6165,248,Claim_742,Claim_8559,requires
6166,446,Claim_134,Claim_8677,supports
6167,276,Claim_3150,Claim_8536,supports
6168,46,Claim_2758,Claim_7747,extends
6169,758,Claim_531,Claim_9784,contradicts
6170,588,Claim_1542,Claim_7243,contradicts
6171,628,Claim_4979,Claim_5554,requires
6172,88,Claim_2982,Claim_5358,extends
6173,810,Claim_4583,Claim_8594,extends
6174,427,Claim_1417,Claim_6142,contradicts
6175,345,Claim_2730,Claim_8650,contradicts
6176,903,Claim_880,Claim_7138,contradicts
6177,649,Claim_357,Claim_9271,supports
6178,445,Claim_3145,Claim_5206,extends
6179,426,Claim_1909,Claim_7177,supports
6180,597,Claim_722,Claim_8119,supports
6181,933,Claim_3409,Claim_9635,extends
6182,127,Claim_2011,Claim_6620,extends
6183,387,Claim_1645,Claim_7388,contradicts
6184,813,Claim_1414,Claim_9376,supports
6185,276,Claim_1799,Claim_6548,extends
6186,759,Claim_3165,Claim_7112,contradicts
6187,274,Claim_3068,Claim_9184,supports
6188,415,Claim_2474,Claim_9793,contradicts
6189,426,Claim_786,Claim_7690,extends
6190,651,Claim_4132,Claim_8360,supports
6191,336,Claim_896,Claim_7963,requires
6192,478,Claim_2472,Claim_5150,requires
6193,708,Claim_4814,Claim_7067,supports
6194,450,Claim_240,Claim_8471,supports
6195,686,Claim_4446,Claim_5813,extends
6196,353,Claim_3602,Claim_5509,requires
6197,32,Claim_1273,Claim_9350,extends
6198,974,Claim_1212,Claim_7176,requires
6199,69,Claim_2557,Claim_8900,supports
6200,420,Claim_4000,Claim_7863,requires
6201,836,Claim_2698,Claim_5270,supports
6202,794,Claim_155,Claim_6496,supports
6203,696,Claim_4663,Claim_8694,requires
6204,941,Claim_3453,Claim_7486,requires
6205,8,Claim_2542,Claim_9562,requires
6206,679,Claim_236,Claim_5673,requires
6207,350,Claim_3264,Claim_5569,extends
6208,318,Claim_3576,Claim_8373,extends
6209,341,Claim_3377,Claim_9768,contradicts
6210,66,Claim_1153,Claim_8045,supports
6211,433,Claim_1110,Claim_9112,supports
6212,180,Claim_3130,Claim_5895,contradicts
6213,184,Claim_1247,Claim_9308,contradicts
6214,512,Claim_2352,Claim_8151,requires
6215,534,Claim_2817,Claim_6003,extends
6216,433,Claim_4322,Claim_5604,contradicts
6217,922,Claim_4421,Claim_5180,contradicts
6218,273,Claim_3082,Claim_6901,contradicts
6219,703,Claim_4508,Claim_5320,supports
6220,764,Claim_1099,Claim_8688,extends
6221,626,Claim_767,Claim_8659,supports
6222,274,Claim_1019,Claim_5866,extends
6223,112,Claim_1480,Claim_9998,supports
6224,1000,Claim_2840,Claim_9277,contradicts
6225,70,Claim_4780,Claim_6606,requires
6226,649,Claim_1380,Claim_8073,extends
6227,93,Claim_1816,Claim_7470,contradicts
6228,435,Claim_226,Claim_8819,supports
6229,737,Claim_4185,Claim_6312,contradicts
6230,967,Claim_1049,Claim_5889,extends
6231,558,Claim_2807,Claim_6342,extends
6232,171,Claim_1788,Claim_5997,supports
6233,319,Claim_1518,Claim_6842,supports
6234,82,Claim_2970,Claim_7547,requires
6235,838,Claim_4768,Claim_8704,supports
6236,264,Claim_4682,Claim_9370,extends
6237,81,Claim_1425,Claim_5142,requires
6238,677,Claim_292,Claim_7574,extends
6239,597,Claim_2803,Claim_7540,extends
6240,776,Claim_1368,Claim_9214,contradicts
6241,356,Claim_628,Claim_6066,extends
6242,549,Claim_3753,Claim_9276,contradicts
6243,207,Claim_629,Claim_5028,requires
6244,300,Claim_4686,Claim_5657,contradicts
6245,987,Claim_4322,Claim_8696,requires
6246,854,Claim_2303,Claim_6464,requires
6247,223,Claim_38,Claim_5051,extends
6248,54,Claim_831,Claim_9368,requires
6249,63,Claim_3427,Claim_9903,extends
6250,152,Claim_4676,Claim_6211,contradicts
6251,58,Claim_653,Claim_5943,requires
6252,177,Claim_4177,Claim_5168,supports
6253,795,Claim_3404,Claim_9430,supports
6254,960,Claim_3804,Claim_6982,extends
6255,938,Claim_4249,Claim_5858,requires
6256,905,Claim_3005,Claim_5263,requires
6257,503,Claim_1232,Claim_5608,supports
6258,442,Claim_3435,Claim_7869,supports
6259,680,Claim_2739,Claim_8488,contradicts
6260,906,Claim_3035,Claim_6912,contradicts
6261,999,Claim_189,Claim_5412,extends
6262,446,Claim_4040,Claim_5677,requires
6263,71,Claim_3725,Claim_6105,requires
6264,456,Claim_2602,Claim_6918,contradicts
6265,266,Claim_1721,Claim_5767,requires
6266,97,Claim_603,Claim_9423,requires
6267,605,Claim_4237,Claim_5909,contradicts
6268,796,Claim_1411,Claim_5947,contradicts
6269,591,Claim_1477,Claim_9642,extends
6270,53,Claim_205,Claim_7418,contradicts
6271,621,Claim_1187,Claim_6285,contradicts
6272,423,Claim_4518,Claim_8836,requires
6273,645,Claim_836,Claim_8340,requires
6274,795,Claim_1022,Claim_5955,contradicts
6275,475,Claim_298,Claim_5406,supports
6276,851,Claim_167,Claim_9699,extends
6277,62,Claim_3893,Claim_6892,requires
6278,565,Claim_3578,Claim_8291,contradicts
6279,368,Claim_3878,Claim_5945,contradicts
6280,976,Claim_2715,Claim_8953,extends
6281,581,Claim_351,Claim_6564,contradicts
6282,71,Claim_1882,Claim_9477,requires
6283,832,Claim_2569,Claim_5589,requires
6284,394,Claim_4068,Claim_6885,requires
6285,153,Claim_3974,Claim_6396,contradicts
6286,857,Claim_4829,Claim_5233,requires
6287,966,Claim_1568,Claim_7821,extends
6288,124,Claim_1282,Claim_5961,contradicts
6289,77,Claim_382,Claim_5249,supports
6290,179,Claim_4832,Claim_9318,extends
6291,745,Claim_2240,Claim_9283,requires
6292,97,Claim_1786,Claim_5683,supports
6293,1,Claim_1557,Claim_7674,supports
6294,466,Claim_3811,Claim_5701,supports
6295,916,Claim_4833,Claim_5756,extends
6296,60,Claim_2079,Claim_7798,extends
6297,524,Claim_3898,Claim_9980,contradicts
6298,624,Claim_3086,Claim_6850,contradicts
6299,330,Claim_2047,Claim_7669,contradicts
6300,883,Claim_3203,Claim_9480,supports
6301,635,Claim_3419,Claim_8148,extends
6302,847,Claim_1575,Claim_5388,supports
6303,196,Claim_3635,Claim_6910,requires
6304,202,Claim_3814,Claim_7819,requires
6305,955,Claim_294,Claim_9245,supports
6306,340,Claim_523,Claim_9409,supports
6307,964,Claim_3731,Claim_9056,extends
6308,220,Claim_3497,Claim_9313,extends
6309,421,Claim_523,Claim_7382,contradicts
6310,407,Claim_2165,Claim_7912,contradicts
6311,459,Claim_2872,Claim_6820,supports
6312,64,Claim_360,Claim_6114,requires
6313,887,Claim_3506,Claim_9577,requires
6314,318,Claim_1497,Claim_8887,contradicts
6315,456,Claim_581,Claim_7240,supports
6316,181,Claim_3055,Claim_7865,extends
6317,635,Claim_801,Claim_8322,contradicts
6318,208,Claim_4989,Claim_9060,contradicts
6319,283,Claim_3699,Claim_7061,supports
6320,68,Claim_2735,Claim_9517,requires
6321,839,Claim_3417,Claim_9312,contradicts
6322,948,Claim_4733,Claim_6407,requires
6323,822,Claim_1309,Claim_7955,contradicts
6324,339,Claim_1387,Claim_9340,extends
6325,860,Claim_1221,Claim_7248,supports
6326,833,Claim_1133,Claim_6543,supports
6327,1000,Claim_4272,Claim_9783,supports
6328,140,Claim_1328,Claim_9756,contradicts
6329,200,Claim_3605,Claim_5862,contradicts
6330,38,Claim_877,Claim_5391,extends
6331,859,Claim_2023,Claim_9683,contradicts
6332,119,Claim_2529,Claim_6069,supports
6333,64,Claim_4657,Claim_7480,supports
6334,125,Claim_3620,Claim_8956,contradicts
6335,639,Claim_800,Claim_9648,extends
6336,950,Claim_4174,Claim_6660,extends
6337,303,Claim_4639,Claim_8032,supports
6338,115,Claim_50,Claim_9838,requires
6339,908,Claim_3699,Claim_5253,extends
6340,909,Claim_2426,Claim_5524,supports
6341,771,Claim_3393,Claim_9733,extends
6342,814,Claim_2446,Claim_8746,requires
6343,475,Claim_3394,Claim_6172,requires
6344,280,Claim_3189,Claim_8613,extends
6345,936,Claim_17,Claim_8784,extends
6346,121,Claim_3979,Claim_9544,extends
6347,76,Claim_4800,Claim_6117,requires
6348,619,Claim_229,Claim_5456,requires
6349,759,Claim_4203,Claim_7073,requires
6350,298,Claim_1456,Claim_9366,requires
6351,973,Claim_2032,Claim_7467,contradicts
6352,678,Claim_3622,Claim_8171,extends
6353,693,Claim_2993,Claim_9202,requires
6354,198,Claim_796,Claim_5716,supports
6355,892,Claim_1763,Claim_7997,contradicts
6356,746,Claim_1478,Claim_7569,requires
6357,482,Claim_2246,Claim_7620,requires
6358,813,Claim_2383,Claim_7559,extends
6359,123,Claim_1684,Claim_6344,supports
6360,895,Claim_3061,Claim_8164,supports
6361,208,Claim_3441,Claim_9097,extends
6362,225,Claim_1930,Claim_6191,supports
6363,726,Claim_2391,Claim_8528,supports
6364,876,Claim_4239,Claim_7400,requires
6365,700,Claim_3622,Claim_7437,supports
6366,482,Claim_1092,Claim_7358,supports
6367,777,Claim_891,Claim_9209,requires
6368,640,Claim_4956,Claim_8959,supports
6369,801,Claim_3999,Claim_9956,supports
6370,554,Claim_2082,Claim_9563,supports
6371,327,Claim_1309,Claim_9016,requires
6372,714,Claim_869,Claim_5593,contradicts
6373,753,Claim_1329,Claim_9042,contradicts
6374,720,Claim_116,Claim_8816,extends
6375,992,Claim_3487,Claim_5679,extends
6376,192,Claim_291,Claim_7489,supports
6377,820,Claim_3259,Claim_7048,extends
6378,860,Claim_1399,Claim_6589,requires
6379,177,Claim_4149,Claim_5783,requires
6380,577,Claim_652,Claim_5856,supports
6381,218,Claim_216,Claim_8890,extends
6382,431,Claim_3175,Claim_5738,requires
6383,469,Claim_899,Claim_9739,requires
6384,604,Claim_3536,Claim_9866,requires
6385,537,Claim_551,Claim_8120,extends
6386,411,Claim_3111,Claim_9012,supports
6387,776,Claim_2219,Claim_5526,requires
6388,815,Claim_4471,Claim_6424,requires
6389,680,Claim_2979,Claim_9757,requires
6390,43,Claim_446,Claim_8647,extends
6391,955,Claim_1324,Claim_5910,extends
6392,463,Claim_600,Claim_6152,supports
6393,832,Claim_2903,Claim_6011,requires
6394,911,Claim_156,Claim_9971,requires
6395,773,Claim_1260,Claim_8758,extends
6396,112,Claim_3513,Claim_8891,extends
6397,852,Claim_2071,Claim_9649,extends
6398,568,Claim_2121,Claim_6184,requires
6399,500,Claim_4257,Claim_8393,supports
6400,845,Claim_3666,Claim_9098,contradicts
6401,10,Claim_2655,Claim_7460,contradicts
6402,948,Claim_926,Claim_6049,supports
6403,418,Claim_868,Claim_6038,requires
6404,525,Claim_3902,Claim_7040,requires
6405,13,Claim_872,Claim_7216,contradicts
6406,634,Claim_4115,Claim_8738,requires
6407,104,Claim_3007,Claim_9312,extends
6408,778,Claim_4036,Claim_9545,supports
6409,996,Claim_1191,Claim_7929,extends
6410,221,Claim_4616,Claim_9611,supports
6411,606,Claim_4027,Claim_9737,extends
6412,430,Claim_4109,Claim_8446,contradicts
6413,163,Claim_964,Claim_7590,supports
6414,83,Claim_1095,Claim_8202,supports
6415,8,Claim_4815,Claim_5543,extends
6416,541,Claim_1237,Claim_8926,requires
6417,323,Claim_3093,Claim_7879,extends
6418,622,Claim_4644,Claim_9592,extends
6419,1000,Claim_4022,Claim_8506,requires
6420,234,Claim_1285,Claim_8454,contradicts
6421,166,Claim_3569,Claim_8401,requires
6422,454,Claim_1735,Claim_5228,supports
6423,269,Claim_1090,Claim_6656,contradicts
6424,675,Claim_1121,Claim_8980,contradicts
6425,246,Claim_2316,Claim_5307,requires
6426,75,Claim_3327,Claim_6162,requires
6427,411,Claim_3572,Claim_7126,requires
6428,542,Claim_2520,Claim_9275,requires
6429,29,Claim_2584,Claim_8145,contradicts
6430,994,Claim_965,Claim_6880,supports
6431,726,Claim_192,Claim_8284,requires
6432,403,Claim_364,Claim_6258,requires
6433,147,Claim_2488,Claim_7733,supports
6434,208,Claim_2906,Claim_8365,supports
6435,616,Claim_4850,Claim_5427,supports
6436,673,Claim_2134,Claim_9263,supports
6437,412,Claim_4543,Claim_5588,supports
6438,906,Claim_3516,Claim_7775,contradicts
6439,704,Claim_11,Claim_6672,requires
6440,858,Claim_1782,Claim_6206,requires
6441,176,Claim_1858,Claim_8890,contradicts
6442,23,Claim_2748,Claim_7408,extends
6443,158,Claim_1515,Claim_8436,supports
6444,997,Claim_1298,Claim_8947,contradicts
6445,920,Claim_3188,Claim_6494,contradicts
6446,879,Claim_456,Claim_8077,extends
6447,975,Claim_3703,Claim_7752,contradicts
6448,735,Claim_2921,Claim_9304,requires
6449,869,Claim_446,Claim_6182,extends
6450,770,Claim_150,Claim_8859,supports
6451,45,Claim_2690,Claim_8088,contradicts
6452,43,Claim_184,Claim_8381,requires
6453,965,Claim_2503,Claim_5869,contradicts
6454,538,Claim_3154,Claim_9057,contradicts
6455,690,Claim_1075,Claim_7351,supports
6456,649,Claim_4398,Claim_9059,contradicts
6457,857,Claim_816,Claim_7590,contradicts
6458,917,Claim_139,Claim_8718,contradicts
6459,504,Claim_3398,Claim_7120,contradicts
6460,592,Claim_3082,Claim_7029,extends
6461,99,Claim_2492,Claim_9546,supports
6462,584,Claim_3230,Claim_7545,extends
6463,869,Claim_2257,Claim_5506,contradicts
6464,785,Claim_1602,Claim_8282,contradicts
6465,298,Claim_2649,Claim_5650,supports
6466,730,Claim_3492,Claim_5413,supports
6467,656,Claim_1451,Claim_6131,extends
6468,438,Claim_2711,Claim_8457,requires
6469,898,Claim_4886,Claim_6285,requires
6470,385,Claim_1102,Claim_7477,extends
6471,877,Claim_2278,Claim_5797,requires
6472,807,Claim_4450,Claim_5533,contradicts
6473,536,Claim_348,Claim_9401,requires
6474,370,Claim_4575,Claim_8130,supports
6475,306,Claim_3338,Claim_6246,supports
6476,709,Claim_631,Claim_9773,extends
6477,838,Claim_3125,Claim_9410,requires
6478,769,Claim_2969,Claim_8924,contradicts
6479,93,Claim_1397,Claim_6423,requires
6480,439,Claim_3979,Claim_5097,contradicts
6481,274,Claim_2526,Claim_8886,supports
6482,552,Claim_3171,Claim_9627,contradicts
6483,676,Claim_522,Claim_6864,supports
6484,261,Claim_302,Claim_9423,supports
6485,520,Claim_3341,Claim_6152,extends
6486,326,Claim_2684,Claim_8946,supports
6487,289,Claim_1508,Claim_8825,supports
6488,601,Claim_1786,Claim_5687,supports
6489,745,Claim_1497,Claim_5524,extends
6490,344,Claim_4775,Claim_7745,extends
6491,973,Claim_2745,Claim_6757,extends
6492,737,Claim_2361,Claim_5978,extends
6493,884,Claim_3474,Claim_8396,requires
6494,714,Claim_1457,Claim_5372,requires
6495,576,Claim_2675,Claim_8212,requires
6496,801,Claim_356,Claim_5029,extends
6497,528,Claim_4490,Claim_7714,contradicts
6498,71,Claim_573,Claim_5632,supports
6499,652,Claim_1079,Claim_5237,supports
6500,368,Claim_277,Claim_6268,requires
6501,899,Claim_737,Claim_7747,contradicts
6502,894,Claim_2084,Claim_6240,requires
6503,950,Claim_3654,Claim_5747,contradicts
6504,67,Claim_425,Claim_7553,contradicts
6505,140,Claim_4272,Claim_9392,requires
6506,417,Claim_2378,Claim_8538,supports
6507,826,Claim_208,Claim_7067,contradicts
6508,160,Claim_3119,Claim_5227,contradicts
6509,721,Claim_896,Claim_9112,contradicts
6510,852,Claim_2403,Claim_8150,contradicts
6511,97,Claim_1655,Claim_8984,extends
6512,835,Claim_4582,Claim_5880,supports
6513,131,Claim_1372,Claim_6712,supports
6514,311,Claim_2148,Claim_9576,requires
6515,969,Claim_1876,Claim_8403,requires
6516,517,Claim_272,Claim_6436,contradicts
6517,377,Claim_2195,Claim_9462,contradicts
6518,774,Claim_4618,Claim_9886,requires
6519,338,Claim_1510,Claim_8375,contradicts
6520,896,Claim_4007,Claim_5312,supports
6521,355,Claim_3363,Claim_6143,contradicts
6522,291,Claim_1580,Claim_6197,supports
6523,728,Claim_4434,Claim_5722,supports
6524,437,Claim_356,Claim_9878,requires
6525,183,Claim_2017,Claim_9632,contradicts
6526,746,Claim_3553,Claim_5750,extends
6527,392,Claim_763,Claim_7657,supports
6528,9,Claim_60,Claim_6668,requires
6529,265,Claim_4685,Claim_6216,supports
6530,818,Claim_1231,Claim_5074,requires
6531,951,Claim_4200,Claim_8165,supports
6532,51,Claim_4065,Claim_8824,contradicts
6533,458,Claim_764,Claim_7965,contradicts
6534,806,Claim_2708,Claim_8160,extends
6535,707,Claim_1544,Claim_9713,contradicts
6536,509,Claim_3409,Claim_7529,requires
6537,868,Claim_516,Claim_7311,contradicts
6538,468,Claim_4180,Claim_8065,supports
6539,594,Claim_2755,Claim_5984,supports
6540,601,Claim_2564,Claim_9887,supports
6541,367,Claim_3082,Claim_5145,extends
6542,842,Claim_1050,Claim_8193,requires
6543,783,Claim_1098,Claim_7787,supports
6544,57,Claim_1908,Claim_5795,contradicts
6545,874,Claim_2033,Claim_5207,requires
6546,832,Claim_275,Claim_6957,extends
6547,1,Claim_1329,Claim_7264,requires
6548,496,Claim_3936,Claim_8432,requires
6549,567,Claim_4547,Claim_8652,supports
6550,436,Claim_2407,Claim_5736,supports
6551,521,Claim_438,Claim_5544,supports
6552,482,Claim_1279,Claim_9615,requires
6553,508,Claim_1402,Claim_6442,contradicts
6554,789,Claim_4319,Claim_7775,contradicts
6555,119,Claim_2796,Claim_8671,supports
6556,962,Claim_1661,Claim_7116,extends
6557,290,Claim_4698,Claim_5760,requires
6558,827,Claim_629,Claim_5410,supports
6559,239,Claim_2808,Claim_9034,supports
6560,343,Claim_4375,Claim_6860,extends
6561,988,Claim_2524,Claim_9855,contradicts
6562,251,Claim_3996,Claim_7330,requires
6563,384,Claim_483,Claim_8520,extends
6564,412,Claim_4576,Claim_7762,extends
6565,578,Claim_1508,Claim_9156,requires
6566,739,Claim_1680,Claim_8079,extends
6567,258,Claim_656,Claim_5523,contradicts
6568,141,Claim_2917,Claim_8429,contradicts
6569,810,Claim_831,Claim_8272,contradicts
6570,961,Claim_404,Claim_8535,contradicts
6571,217,Claim_1864,Claim_5212,contradicts
6572,303,Claim_500,Claim_8311,requires
6573,379,Claim_819,Claim_7261,extends
6574,395,Claim_4572,Claim_6446,requires
6575,145,Claim_2778,Claim_8330,extends
6576,939,Claim_2030,Claim_5303,supports
6577,596,Claim_1212,Claim_6271,contradicts
6578,883,Claim_595,Claim_5749,requires
6579,486,Claim_969,Claim_8012,contradicts
6580,721,Claim_1573,Claim_8515,requires
6581,248,Claim_923,Claim_8961,contradicts
6582,969,Claim_1285,Claim_5541,supports
6583,351,Claim_1084,Claim_5838,extends
6584,839,Claim_3551,Claim_9928,extends
6585,430,Claim_59,Claim_9734,requires
6586,41,Claim_3851,Claim_6558,contradicts
6587,373,Claim_821,Claim_6906,supports
6588,25,Claim_1971,Claim_9658,requires
6589,789,Claim_4434,Claim_9263,requires
6590,200,Claim_2728,Claim_9875,contradicts
6591,103,Claim_1153,Claim_6846,supports
6592,688,Claim_3870,Claim_7915,requires
6593,777,Claim_3681,Claim_7472,contradicts
6594,256,Claim_3814,Claim_9010,supports
6595,623,Claim_3240,Claim_7078,extends
6596,140,Claim_3008,Claim_8389,extends
6597,521,Claim_2981,Claim_5557,requires
6598,30,Claim_1625,Claim_5897,extends
6599,66,Claim_666,Claim_7457,contradicts
6600,136,Claim_1572,Claim_9433,supports
6601,320,Claim_2716,Claim_7260,supports
6602,251,Claim_1131,Claim_8907,contradicts
6603,106,Claim_2807,Claim_7088,requires
6604,258,Claim_1500,Claim_6272,contradicts
6605,379,Claim_4655,Claim_6141,extends
6606,512,Claim_607,Claim_6502,supports
6607,482,Claim_2480,Claim_7252,supports
6608,687,Claim_865,Claim_7406,requires
6609,168,Claim_4983,Claim_8989,extends
6610,135,Claim_4130,Claim_7341,contradicts
6611,198,Claim_4267,Claim_5946,extends
6612,783,Claim_4688,Claim_6023,requires
6613,445,Claim_469,Claim_7208,supports
6614,919,Claim_225,Claim_9748,extends
6615,753,Claim_3465,Claim_9441,requires
6616,43,Claim_543,Claim_8851,extends
6617,78,Claim_3012,Claim_5712,contradicts
6618,662,Claim_3819,Claim_7319,contradicts
6619,815,Claim_342,Claim_5509,supports
6620,326,Claim_2078,Claim_7047,supports
6621,998,Claim_1326,Claim_6041,extends
6622,730,Claim_3420,Claim_7451,extends
6623,227,Claim_1275,Claim_8623,extends
6624,305,Claim_2525,Claim_7941,supports
6625,901,Claim_1817,Claim_9126,extends
6626,312,Claim_3944,Claim_8477,contradicts
6627,982,Claim_4790,Claim_7627,extends
6628,728,Claim_1537,Claim_6240,contradicts
6629,205,Claim_3875,Claim_8895,contradicts
6630,795,Claim_1480,Claim_6292,requires
6631,777,Claim_3622,Claim_5518,requires
6632,295,Claim_4493,Claim_7094,extends
6633,779,Claim_2818,Claim_5999,contradicts
6634,368,Claim_2348,Claim_8315,extends
6635,400,Claim_328,Claim_7645,contradicts
6636,235,Claim_4123,Claim_7976,contradicts
6637,359,Claim_4436,Claim_9098,contradicts
6638,586,Claim_4830,Claim_5805,supports
6639,226,Claim_2194,Claim_8865,requires
6640,701,Claim_2065,Claim_7241,contradicts
6641,805,Claim_4546,Claim_7740,extends
6642,722,Claim_4979,Claim_5860,supports
6643,772,Claim_576,Claim_6828,supports
6644,825,Claim_4366,Claim_6702,extends
6645,755,Claim_672,Claim_6527,supports
6646,876,Claim_3497,Claim_5830,requires
6647,430,Claim_1142,Claim_7921,supports
6648,778,Claim_4708,Claim_8733,extends
6649,861,Claim_819,Claim_5247,extends
6650,813,Claim_4925,Claim_9238,extends
6651,224,Claim_772,Claim_6176,requires
6652,334,Claim_1158,Claim_9101,supports
6653,2,Claim_453,Claim_8642,contradicts
6654,821,Claim_4477,Claim_9495,requires
6655,78,Claim_79,Claim_7919,contradicts
6656,536,Claim_2390,Claim_5304,contradicts
6657,803,Claim_2015,Claim_9556,supports
6658,59,Claim_4439,Claim_8118,requires
6659,421,Claim_2710,Claim_9253,supports
6660,323,Claim_1711,Claim_7033,requires
6661,160,Claim_1197,Claim_6980,extends
6662,958,Claim_1728,Claim_8154,contradicts
6663,793,Claim_3518,Claim_9695,contradicts
6664,274,Claim_4649,Claim_7547,requires
6665,949,Claim_2947,Claim_9613,extends
6666,16,Claim_2972,Claim_7463,contradicts
6667,53,Claim_3830,Claim_6740,extends
6668,378,Claim_3796,Claim_9925,supports
6669,419,Claim_1514,Claim_5467,requires
6670,922,Claim_3905,Claim_6357,requires
6671,621,Claim_1054,Claim_7986,extends
6672,216,Claim_1060,Claim_5326,requires
6673,428,Claim_1199,Claim_8704,extends
6674,349,Claim_275,Claim_8989,supports
6675,72,Claim_1109,Claim_5306,supports
6676,874,Claim_4505,Claim_7329,supports
6677,488,Claim_2993,Claim_9251,extends
6678,134,Claim_1194,Claim_8924,extends
6679,696,Claim_2560,Claim_9200,contradicts
6680,607,Claim_1834,Claim_5519,requires
6681,527,Claim_2740,Claim_9138,requires
6682,518,Claim_3961,Claim_6682,contradicts
6683,55,Claim_2878,Claim_6908,requires
6684,933,Claim_3928,Claim_8312,requires
6685,467,Claim_100,Claim_6544,requires
6686,911,Claim_1555,Claim_8624,requires
6687,960,Claim_3896,Claim_6160,supports
6688,208,Claim_3349,Claim_8632,supports
6689,727,Claim_4711,Claim_9725,contradicts
6690,701,Claim_3311,Claim_8025,supports
6691,91,Claim_1527,Claim_6583,contradicts
6692,495,Claim_4312,Claim_6194,extends
6693,202,Claim_2227,Claim_8777,supports
6694,947,Claim_4442,Claim_6804,contradicts
6695,50,Claim_3562,Claim_6244,requires
6696,145,Claim_3020,Claim_6898,requires
6697,320,Claim_2531,Claim_5600,contradicts
6698,552,Claim_3881,Claim_9015,requires
6699,955,Claim_2403,Claim_7776,contradicts
6700,125,Claim_4107,Claim_9393,extends
6701,389,Claim_4223,Claim_5044,supports
6702,601,Claim_1582,Claim_6362,supports
6703,450,Claim_4903,Claim_8195,contradicts
6704,300,Claim_4316,Claim_5533,requires
6705,852,Claim_2911,Claim_7908,extends
6706,835,Claim_2750,Claim_6886,supports
6707,642,Claim_1495,Claim_7878,contradicts
6708,142,Claim_2630,Claim_5231,supports
6709,778,Claim_1577,Claim_5417,requires
6710,945,Claim_1642,Claim_8897,requires
6711,52,Claim_1430,Claim_8854,requires
6712,58,Claim_1630,Claim_7048,extends
6713,905,Claim_931,Claim_7775,extends
6714,645,Claim_3312,Claim_6706,supports
6715,202,Claim_1029,Claim_9186,contradicts
6716,538,Claim_3516,Claim_8813,contradicts
6717,230,Claim_3151,Claim_5185,contradicts
6718,516,Claim_4350,Claim_9266,extends
6719,248,Claim_3213,Claim_6126,supports
6720,955,Claim_3595,Claim_7594,supports
6721,444,Claim_326,Claim_9837,contradicts
6722,732,Claim_3808,Claim_5534,supports
6723,691,Claim_3194,Claim_7830,supports
6724,867,Claim_1905,Claim_5691,supports
6725,908,Claim_2257,Claim_6339,requires
6726,459,Claim_1643,Claim_5128,requires
6727,259,Claim_3204,Claim_9492,requires
6728,758,Claim_1674,Claim_9413,requires
6729,304,Claim_3186,Claim_5628,supports
6730,920,Claim_3734,Claim_9494,supports
6731,176,Claim_3699,Claim_8743,contradicts
6732,635,Claim_1003,Claim_8860,requires
6733,334,Claim_2621,Claim_9198,extends
6734,226,Claim_4911,Claim_5534,requires
6735,735,Claim_1188,Claim_8954,supports
6736,301,Claim_826,Claim_7333,supports
6737,535,Claim_2975,Claim_8410,extends
6738,244,Claim_1941,Claim_6691,extends
6739,113,Claim_3289,Claim_9086,extends
6740,595,Claim_385,Claim_5286,extends
6741,464,Claim_1152,Claim_7514,requires
6742,889,Claim_484,Claim_9790,contradicts
6743,122,Claim_2931,Claim_5708,extends
6744,54,Claim_4002,Claim_7438,contradicts
6745,376,Claim_1206,Claim_9911,supports
6746,651,Claim_66,Claim_6623,contradicts
6747,629,Claim_1385,Claim_5166,contradicts
6748,931,Claim_3918,Claim_5280,extends
6749,596,Claim_1077,Claim_6272,requires
6750,248,Claim_18,Claim_6686,supports
6751,509,Claim_4136,Claim_6918,requires
6752,68,Claim_3355,Claim_7132,extends
6753,745,Claim_4969,Claim_7257,requires
6754,104,Claim_1201,Claim_7892,requires
6755,625,Claim_4387,Claim_6007,extends
6756,194,Claim_1556,Claim_5962,requires
6757,30,Claim_1632,Claim_5422,extends
6758,696,Claim_3046,Claim_8299,extends
6759,915,Claim_654,Claim_5716,contradicts
6760,927,Claim_177,Claim_6394,supports
6761,359,Claim_1720,Claim_5409,supports
6762,828,Claim_2317,Claim_5454,extends
6763,471,Claim_3382,Claim_5591,requires
6764,914,Claim_4005,Claim_9472,supports
6765,173,Claim_4201,Claim_9829,extends
6766,252,Claim_1082,Claim_6796,contradicts
6767,960,Claim_3057,Claim_7102,extends
6768,678,Claim_1196,Claim_6684,supports
6769,766,Claim_3912,Claim_9091,supports
6770,948,Claim_3181,Claim_6456,supports
6771,747,Claim_2247,Claim_6312,requires
6772,426,Claim_2975,Claim_8538,contradicts
6773,449,Claim_177,Claim_8914,requires
6774,155,Claim_554,Claim_7085,supports
6775,419,Claim_1791,Claim_7565,supports
6776,695,Claim_1140,Claim_5526,contradicts
6777,192,Claim_676,Claim_5187,requires
6778,667,Claim_986,Claim_6000,contradicts
6779,897,Claim_568,Claim_5383,requires
6780,982,Claim_2320,Claim_7635,contradicts
6781,973,Claim_4124,Claim_6526,supports
6782,26,Claim_4692,Claim_7087,supports
6783,710,Claim_1042,Claim_7216,contradicts
6784,368,Claim_1020,Claim_8075,supports
6785,611,Claim_2518,Claim_8339,contradicts
6786,254,Claim_3808,Claim_5021,extends
6787,224,Claim_4191,Claim_8859,extends
6788,824,Claim_1500,Claim_6827,extends
6789,771,Claim_1998,Claim_8118,requires
6790,451,Claim_201,Claim_9896,contradicts
6791,209,Claim_2443,Claim_6201,contradicts
6792,710,Claim_544,Claim_9066,supports
6793,125,Claim_1575,Claim_7596,supports
6794,695,Claim_1287,Claim_5990,contradicts
6795,384,Claim_2869,Claim_6104,contradicts
6796,573,Claim_4721,Claim_7046,supports
6797,897,Claim_4138,Claim_8871,supports
6798,209,Claim_108,Claim_5837,requires
6799,94,Claim_4553,Claim_9283,supports
6800,317,Claim_564,Claim_5849,extends
6801,909,Claim_537,Claim_6070,requires
6802,126,Claim_409,Claim_9836,supports
6803,436,Claim_970,Claim_5398,extends
6804,743,Claim_4682,Claim_8194,requires
6805,274,Claim_3428,Claim_9868,requires
6806,450,Claim_4189,Claim_5207,extends
6807,292,Claim_4681,Claim_6593,supports
6808,447,Claim_1908,Claim_9866,extends
6809,713,Claim_2490,Claim_9455,extends
6810,376,Claim_2976,Claim_8619,contradicts
6811,591,Claim_242,Claim_9439,contradicts
6812,451,Claim_2456,Claim_8995,supports
6813,503,Claim_3626,Claim_5879,contradicts
6814,343,Claim_3359,Claim_7391,requires
6815,259,Claim_1931,Claim_6250,extends
6816,731,Claim_2145,Claim_8213,requires
6817,239,Claim_876,Claim_9376,supports
6818,334,Claim_4367,Claim_9877,requires
6819,2,Claim_4805,Claim_6613,extends
6820,398,Claim_1657,Claim_7061,extends
6821,54,Claim_4908,Claim_6227,requires
6822,162,Claim_160,Claim_7317,extends
6823,258,Claim_164,Claim_5913,contradicts
6824,149,Claim_576,Claim_8691,extends
6825,553,Claim_904,Claim_5416,supports
6826,675,Claim_4275,Claim_8643,extends
6827,760,Claim_1686,Claim_6498,contradicts
6828,809,Claim_3910,Claim_5807,contradicts
6829,676,Claim_1331,Claim_7799,requires
6830,786,Claim_3896,Claim_6917,supports
6831,195,Claim_845,Claim_8177,requires
6832,797,Claim_1445,Claim_9262,supports
6833,968,Claim_4420,Claim_9179,contradicts
6834,660,Claim_4376,Claim_7052,supports
6835,469,Claim_1981,Claim_7369,extends
6836,85,Claim_4683,Claim_5168,contradicts
6837,643,Claim_3670,Claim_6739,contradicts
6838,404,Claim_4225,Claim_8567,requires
6839,348,Claim_4506,Claim_9872,requires
6840,63,Claim_763,Claim_7702,contradicts
6841,947,Claim_1245,Claim_6092,requires
6842,41,Claim_3013,Claim_8066,requires
6843,467,Claim_1284,Claim_5285,supports
6844,738,Claim_2631,Claim_6920,requires
6845,797,Claim_4497,Claim_9300,supports
6846,568,Claim_4721,Claim_8541,contradicts
6847,226,Claim_2568,Claim_7016,extends
6848,33,Claim_839,Claim_9419,requires
6849,501,Claim_3384,Claim_8702,supports
6850,168,Claim_4683,Claim_7203,contradicts
6851,748,Claim_632,Claim_5569,contradicts
6852,227,Claim_18,Claim_5883,extends
6853,720,Claim_4045,Claim_5462,requires
6854,199,Claim_3160,Claim_8278,extends
6855,53,Claim_3355,Claim_6240,requires
6856,129,Claim_2118,Claim_7282,requires
6857,954,Claim_97,Claim_9643,requires
6858,482,Claim_2130,Claim_7988,supports
6859,465,Claim_531,Claim_8537,extends
6860,239,Claim_4841,Claim_6271,contradicts
6861,137,Claim_3564,Claim_7845,contradicts
6862,341,Claim_3639,Claim_7776,requires
6863,418,Claim_4210,Claim_6005,supports
6864,167,Claim_64,Claim_5298,contradicts
6865,430,Claim_2627,Claim_7594,contradicts
6866,959,Claim_1998,Claim_5399,contradicts
6867,21,Claim_3950,Claim_7279,extends
6868,643,Claim_4879,Claim_6671,requires
6869,162,Claim_3682,Claim_5080,requires
6870,670,Claim_2962,Claim_9965,extends
6871,233,Claim_2884,Claim_6443,contradicts
6872,172,Claim_1598,Claim_9576,contradicts
6873,257,Claim_4540,Claim_6061,extends
6874,705,Claim_1233,Claim_9463,supports
6875,100,Claim_3863,Claim_5513,supports
6876,407,Claim_1650,Claim_8988,supports
6877,706,Claim_1001,Claim_9469,requires
6878,535,Claim_4816,Claim_6989,extends
6879,599,Claim_2815,Claim_7134,extends
6880,284,Claim_2730,Claim_9090,supports
6881,137,Claim_4577,Claim_7334,supports
6882,829,Claim_1787,Claim_9156,contradicts
6883,773,Claim_509,Claim_8016,requires
6884,802,Claim_54,Claim_7062,supports
6885,582,Claim_1627,Claim_5934,requires
6886,225,Claim_1064,Claim_6910,extends
6887,335,Claim_835,Claim_9645,contradicts
6888,54,Claim_3394,Claim_6151,extends
6889,862,Claim_2019,Claim_7497,contradicts
6890,27,Claim_2981,Claim_9641,extends
6891,967,Claim_4530,Claim_9457,extends
6892,249,Claim_1611,Claim_6721,requires
6893,696,Claim_4271,Claim_8987,extends
6894,685,Claim_1883,Claim_7675,supports
6895,335,Claim_4502,Claim_6324,contradicts
6896,583,Claim_4127,Claim_5556,contradicts
6897,978,Claim_4240,Claim_9393,supports
6898,332,Claim_2739,Claim_5548,contradicts
6899,351,Claim_3364,Claim_8999,contradicts
6900,414,Claim_2466,Claim_6093,extends
6901,474,Claim_1630,Claim_5429,supports
6902,426,Claim_1964,Claim_8207,contradicts
6903,475,Claim_313,Claim_7277,requires
6904,62,Claim_2407,Claim_6152,supports
6905,992,Claim_2221,Claim_9431,supports
6906,619,Claim_1155,Claim_7389,contradicts
6907,454,Claim_3458,Claim_6758,extends
6908,651,Claim_3731,Claim_9003,extends
6909,523,Claim_156,Claim_7083,requires
6910,804,Claim_334,Claim_5930,extends
6911,861,Claim_73,Claim_6632,requires
6912,441,Claim_90,Claim_7215,supports
6913,601,Claim_804,Claim_9040,requires
6914,22,Claim_2718,Claim_8730,requires
6915,222,Claim_817,Claim_5168,supports
6916,750,Claim_1420,Claim_8998,supports
6917,234,Claim_3459,Claim_6361,extends
6918,929,Claim_2602,Claim_8011,requires
6919,533,Claim_2313,Claim_5589,supports
6920,256,Claim_1218,Claim_6052,extends
6921,76,Claim_958,Claim_6806,requires
6922,632,Claim_558,Claim_9546,requires
6923,444,Claim_248,Claim_8869,supports
6924,631,Claim_2528,Claim_5654,contradicts
6925,508,Claim_1307,Claim_7071,supports
6926,947,Claim_3368,Claim_9567,contradicts
6927,760,Claim_4159,Claim_7097,contradicts
6928,715,Claim_1710,Claim_8195,supports
6929,641,Claim_318,Claim_7862,extends
6930,748,Claim_2533,Claim_5077,contradicts
6931,228,Claim_2408,Claim_9071,contradicts
6932,584,Claim_1497,Claim_6738,supports
6933,704,Claim_4422,Claim_5541,supports
6934,483,Claim_4777,Claim_6904,contradicts
6935,363,Claim_3328,Claim_7930,supports
6936,890,Claim_1839,Claim_9832,supports
6937,859,Claim_3846,Claim_6381,requires
6938,466,Claim_2462,Claim_7641,extends
6939,750,Claim_1845,Claim_8076,extends
6940,325,Claim_4701,Claim_9861,supports
6941,452,Claim_4508,Claim_5241,extends
6942,493,Claim_807,Claim_7600,extends
6943,894,Claim_1140,Claim_8708,extends
6944,494,Claim_1322,Claim_6142,requires
6945,205,Claim_4326,Claim_8459,supports
6946,958,Claim_3833,Claim_5903,requires
6947,576,Claim_519,Claim_6580,extends
6948,348,Claim_4306,Claim_5850,requires
6949,520,Claim_777,Claim_5239,contradicts
6950,158,Claim_2442,Claim_7628,supports
6951,193,Claim_2573,Claim_8717,extends
6952,376,Claim_2546,Claim_6458,supports
6953,769,Claim_955,Claim_6640,contradicts
6954,485,Claim_3236,Claim_5751,contradicts
6955,985,Claim_2145,Claim_7432,supports
6956,62,Claim_2694,Claim_8750,requires
6957,620,Claim_4495,Claim_7482,extends
6958,85,Claim_2794,Claim_6405,extends
6959,497,Claim_691,Claim_5903,supports
6960,695,Claim_3820,Claim_7499,requires
6961,360,Claim_2794,Claim_5332,requires
6962,379,Claim_1939,Claim_5080,extends
6963,670,Claim_56,Claim_5209,requires
6964,551,Claim_3319,Claim_7843,extends
6965,194,Claim_1282,Claim_5414,contradicts
6966,140,Claim_182,Claim_7368,extends
6967,152,Claim_2282,Claim_8809,supports
6968,268,Claim_1283,Claim_9276,contradicts
6969,514,Claim_2591,Claim_5398,supports
6970,206,Claim_3306,Claim_8954,extends
6971,303,Claim_2755,Claim_5164,extends
6972,145,Claim_438,Claim_5181,contradicts
6973,917,Claim_4507,Claim_8627,contradicts
6974,149,Claim_532,Claim_9666,extends
6975,164,Claim_3140,Claim_9965,contradicts
6976,284,Claim_3073,Claim_7511,extends
6977,102,Claim_161,Claim_6032,supports
6978,757,Claim_1104,Claim_5221,requires
6979,447,Claim_2798,Claim_9257,extends
6980,646,Claim_2941,Claim_9039,supports
6981,660,Claim_3852,Claim_9269,requires
6982,140,Claim_106,Claim_9268,extends
6983,469,Claim_4742,Claim_9726,requires
6984,631,Claim_1573,Claim_7055,extends
6985,179,Claim_4672,Claim_7067,supports
6986,505,Claim_2173,Claim_6153,requires
6987,515,Claim_73,Claim_5978,requires
6988,361,Claim_500,Claim_5781,requires
6989,490,Claim_2853,Claim_7276,requires
6990,867,Claim_2850,Claim_5266,extends
6991,661,Claim_624,Claim_8426,supports
6992,367,Claim_3750,Claim_6567,requires
6993,439,Claim_2549,Claim_5115,requires
6994,574,Claim_55,Claim_5949,extends
6995,27,Claim_155,Claim_6723,supports
6996,985,Claim_4343,Claim_6000,requires
6997,747,Claim_472,Claim_7517,requires
6998,416,Claim_2775,Claim_7722,contradicts
6999,896,Claim_2367,Claim_5310,contradicts
7000,905,Claim_89,Claim_6616,requires
7001,167,Claim_553,Claim_9697,extends
7002,28,Claim_2516,Claim_5753,supports
7003,533,Claim_2445,Claim_9568,extends
7004,601,Claim_3341,Claim_5141,contradicts
7005,430,Claim_1285,Claim_5457,requires
7006,238,Claim_4510,Claim_7498,extends
7007,143,Claim_1376,Claim_5817,contradicts
7008,783,Claim_3206,Claim_6890,contradicts
7009,916,Claim_1632,Claim_9956,requires
7010,431,Claim_4128,Claim_6169,contradicts
7011,132,Claim_1999,Claim_9154,supports
7012,352,Claim_2308,Claim_8878,contradicts
7013,937,Claim_1718,Claim_6401,contradicts
7014,982,Claim_2666,Claim_8668,contradicts
7015,321,Claim_1949,Claim_9336,extends
7016,372,Claim_256,Claim_8569,contradicts
7017,712,Claim_2069,Claim_5590,extends
7018,812,Claim_4709,Claim_5248,requires
7019,656,Claim_2246,Claim_7059,extends
7020,131,Claim_4679,Claim_8973,extends
7021,707,Claim_22,Claim_6522,extends
7022,959,Claim_1521,Claim_6012,extends
7023,241,Claim_3710,Claim_5068,extends
7024,160,Claim_1131,Claim_9304,requires
7025,815,Claim_485,Claim_6483,requires
7026,32,Claim_475,Claim_7885,extends
7027,63,Claim_3470,Claim_5940,supports
7028,773,Claim_4295,Claim_7354,supports
7029,900,Claim_199,Claim_8161,requires
7030,486,Claim_3785,Claim_7763,extends
7031,916,Claim_1143,Claim_6985,requires
7032,197,Claim_3968,Claim_8855,extends
7033,947,Claim_3303,Claim_7421,extends
7034,120,Claim_3623,Claim_9477,contradicts
7035,730,Claim_3861,Claim_6315,extends
7036,528,Claim_159,Claim_7187,extends
7037,406,Claim_4932,Claim_5736,requires
7038,990,Claim_2415,Claim_6534,extends
7039,568,Claim_435,Claim_9385,requires
7040,618,Claim_728,Claim_9763,supports
7041,536,Claim_439,Claim_9698,supports
7042,932,Claim_3888,Claim_7453,contradicts
7043,338,Claim_1073,Claim_8683,contradicts
7044,654,Claim_1630,Claim_9062,supports
7045,911,Claim_198,Claim_7060,supports
7046,939,Claim_278,Claim_6420,extends
7047,225,Claim_3168,Claim_6312,requires
7048,294,Claim_646,Claim_5563,requires
7049,903,Claim_4948,Claim_6032,requires
7050,483,Claim_406,Claim_6999,extends
7051,695,Claim_582,Claim_6835,requires
7052,672,Claim_2115,Claim_9768,supports
7053,825,Claim_1998,Claim_8538,contradicts
7054,462,Claim_618,Claim_8469,requires
7055,152,Claim_4833,Claim_6815,supports
7056,616,Claim_247,Claim_5618,supports
7057,936,Claim_683,Claim_9442,contradicts
7058,984,Claim_2889,Claim_7225,supports
7059,384,Claim_3973,Claim_7126,contradicts
7060,529,Claim_3982,Claim_5188,extends
7061,918,Claim_4549,Claim_5704,requires
7062,100,Claim_3963,Claim_7193,requires
7063,298,Claim_4924,Claim_5183,requires
7064,628,Claim_1496,Claim_6997,extends
7065,539,Claim_3032,Claim_6662,extends
7066,912,Claim_3961,Claim_7036,requires
7067,150,Claim_1629,Claim_5203,contradicts
7068,778,Claim_3643,Claim_8288,extends
7069,949,Claim_411,Claim_8786,extends
7070,396,Claim_3329,Claim_9943,extends
7071,126,Claim_4368,Claim_7995,contradicts
7072,178,Claim_830,Claim_9269,requires
7073,146,Claim_3027,Claim_6817,contradicts
7074,951,Claim_3195,Claim_6751,contradicts
7075,965,Claim_4403,Claim_9031,contradicts
7076,191,Claim_1096,Claim_7084,extends
7077,747,Claim_2393,Claim_9797,supports
7078,605,Claim_1646,Claim_7081,extends
7079,396,Claim_4792,Claim_6281,requires
7080,227,Claim_2516,Claim_7087,contradicts
7081,575,Claim_1723,Claim_5053,contradicts
7082,115,Claim_150,Claim_8036,contradicts
7083,346,Claim_4341,Claim_8194,supports
7084,72,Claim_4880,Claim_6847,requires
7085,503,Claim_1386,Claim_9516,requires
7086,512,Claim_2597,Claim_8556,requires
7087,758,Claim_4402,Claim_5194,requires
7088,200,Claim_2537,Claim_7773,requires
7089,852,Claim_1019,Claim_5191,requires
7090,108,Claim_3753,Claim_9201,supports
7091,419,Claim_2881,Claim_7652,supports
7092,177,Claim_3502,Claim_7486,requires
7093,138,Claim_1094,Claim_6653,supports
7094,268,Claim_3377,Claim_7403,extends
7095,48,Claim_1243,Claim_5105,requires
7096,405,Claim_2936,Claim_8993,requires
7097,981,Claim_3234,Claim_8729,contradicts
7098,535,Claim_661,Claim_6693,contradicts
7099,234,Claim_2428,Claim_7221,requires
7100,961,Claim_3620,Claim_8115,extends
7101,238,Claim_3251,Claim_9661,requires
7102,418,Claim_2030,Claim_8658,requires
7103,123,Claim_1490,Claim_5043,contradicts
7104,982,Claim_2896,Claim_9044,requires
7105,793,Claim_3360,Claim_8948,contradicts
7106,59,Claim_2069,Claim_7856,supports
7107,406,Claim_4902,Claim_6366,contradicts
7108,850,Claim_697,Claim_9947,supports
7109,89,Claim_2843,Claim_8057,requires
7110,352,Claim_1454,Claim_6154,requires
7111,685,Claim_4548,Claim_6020,extends
7112,415,Claim_1178,Claim_7117,supports
7113,791,Claim_2182,Claim_8551,requires
7114,481,Claim_4986,Claim_6793,extends
7115,570,Claim_1940,Claim_9777,contradicts
7116,807,Claim_441,Claim_6237,requires
7117,574,Claim_3166,Claim_6285,requires
7118,207,Claim_887,Claim_7165,supports
7119,234,Claim_2597,Claim_5279,extends
7120,706,Claim_4962,Claim_8693,contradicts
7121,84,Claim_2456,Claim_5581,extends
7122,17,Claim_548,Claim_5607,supports
7123,395,Claim_4045,Claim_8986,extends
7124,896,Claim_3423,Claim_9461,contradicts
7125,180,Claim_1930,Claim_8726,contradicts
7126,950,Claim_3803,Claim_8406,supports
7127,119,Claim_2739,Claim_7804,contradicts
7128,599,Claim_3914,Claim_6564,contradicts
7129,10,Claim_27,Claim_9255,supports
7130,77,Claim_509,Claim_7921,extends
7131,94,Claim_1376,Claim_7167,supports
7132,683,Claim_3921,Claim_8467,requires
7133,494,Claim_4284,Claim_8099,supports
7134,629,Claim_4356,Claim_8186,requires
7135,297,Claim_2895,Claim_6652,extends
7136,530,Claim_1634,Claim_8734,extends
7137,209,Claim_1007,Claim_5375,requires
7138,843,Claim_2471,Claim_8588,requires
7139,26,Claim_1582,Claim_5707,supports
7140,481,Claim_3634,Claim_8751,extends
7141,661,Claim_3011,Claim_7020,extends
7142,592,Claim_3355,Claim_7161,supports
7143,277,Claim_2530,Claim_5742,extends
7144,493,Claim_3026,Claim_8932,supports
7145,180,Claim_3749,Claim_6145,supports
7146,629,Claim_4992,Claim_6616,contradicts
7147,168,Claim_2985,Claim_5589,extends
7148,1,Claim_4346,Claim_8718,contradicts
7149,349,Claim_2558,Claim_8279,requires
7150,892,Claim_462,Claim_5086,contradicts
7151,487,Claim_2899,Claim_9487,requires
7152,45,Claim_813,Claim_6088,supports
7153,576,Claim_3759,Claim_5267,extends
7154,281,Claim_818,Claim_5987,requires
7155,201,Claim_4415,Claim_8431,supports
7156,37,Claim_746,Claim_5073,extends
7157,55,Claim_847,Claim_8044,extends
7158,352,Claim_1131,Claim_8678,supports
7159,47,Claim_2678,Claim_8347,supports
7160,522,Claim_4365,Claim_8342,extends
7161,806,Claim_4570,Claim_7364,supports
7162,616,Claim_3151,Claim_6150,contradicts
7163,831,Claim_868,Claim_9906,contradicts
7164,270,Claim_3593,Claim_7307,requires
7165,636,Claim_238,Claim_7947,requires
7166,594,Claim_1363,Claim_7037,extends
7167,679,Claim_517,Claim_9443,extends
7168,586,Claim_2643,Claim_8940,requires
7169,722,Claim_4417,Claim_7821,extends
7170,542,Claim_4965,Claim_6901,extends
7171,336,Claim_3074,Claim_6033,contradicts
7172,116,Claim_4983,Claim_7842,supports
7173,478,Claim_4547,Claim_8291,extends
7174,102,Claim_4456,Claim_9772,extends
7175,475,Claim_4247,Claim_8114,contradicts
7176,423,Claim_4199,Claim_8841,requires
7177,908,Claim_3722,Claim_6658,requires
7178,705,Claim_4888,Claim_7970,requires
7179,548,Claim_4266,Claim_5267,contradicts
7180,757,Claim_4900,Claim_8343,requires
7181,358,Claim_1172,Claim_5971,requires
7182,875,Claim_1789,Claim_7492,requires
7183,566,Claim_3102,Claim_7204,supports
7184,128,Claim_422,Claim_7702,supports
7185,666,Claim_761,Claim_9143,contradicts
7186,820,Claim_1137,Claim_8074,contradicts
7187,127,Claim_40,Claim_6286,extends
7188,831,Claim_414,Claim_7996,extends
7189,330,Claim_4737,Claim_7647,requires
7190,791,Claim_4529,Claim_9287,supports
7191,713,Claim_4366,Claim_6830,contradicts
7192,138,Claim_3084,Claim_6418,requires
7193,251,Claim_4415,Claim_6477,requires
7194,406,Claim_133,Claim_8575,requires
7195,37,Claim_3260,Claim_6190,contradicts
7196,5,Claim_660,Claim_8862,extends
7197,893,Claim_3305,Claim_5807,supports
7198,634,Claim_4414,Claim_5501,contradicts
7199,934,Claim_3582,Claim_5493,requires
7200,664,Claim_4694,Claim_9993,extends
7201,743,Claim_1481,Claim_7008,extends
7202,754,Claim_1590,Claim_8533,requires
7203,710,Claim_1968,Claim_8275,contradicts
7204,704,Claim_2094,Claim_5391,supports
7205,770,Claim_4611,Claim_8905,extends
7206,123,Claim_572,Claim_5736,extends
7207,24,Claim_1161,Claim_8803,extends
7208,183,Claim_931,Claim_8231,extends
7209,978,Claim_551,Claim_9002,contradicts
7210,685,Claim_783,Claim_9868,extends
7211,561,Claim_4659,Claim_6051,requires
7212,249,Claim_1835,Claim_7287,supports
7213,621,Claim_2749,Claim_9416,requires
7214,251,Claim_2624,Claim_7381,requires
7215,600,Claim_1518,Claim_7045,extends
7216,393,Claim_3518,Claim_6140,contradicts
7217,156,Claim_4764,Claim_9858,requires
7218,913,Claim_3084,Claim_6827,supports
7219,890,Claim_3674,Claim_7272,extends
7220,678,Claim_3156,Claim_8467,extends
7221,216,Claim_4111,Claim_5690,extends
7222,152,Claim_4324,Claim_5222,supports
7223,190,Claim_1823,Claim_8871,supports
7224,648,Claim_3360,Claim_5175,extends
7225,74,Claim_2342,Claim_5544,requires
7226,686,Claim_2010,Claim_7040,requires
7227,116,Claim_1311,Claim_6919,extends
7228,207,Claim_4485,Claim_5745,contradicts
7229,352,Claim_2292,Claim_9777,requires
7230,360,Claim_666,Claim_7758,extends
7231,247,Claim_4342,Claim_7797,requires
7232,155,Claim_2852,Claim_5173,requires
7233,468,Claim_621,Claim_6841,extends
7234,137,Claim_1804,Claim_8691,supports
7235,594,Claim_133,Claim_6952,supports
7236,246,Claim_2532,Claim_8208,contradicts
7237,299,Claim_1864,Claim_9945,supports
7238,720,Claim_685,Claim_7696,extends
7239,227,Claim_4736,Claim_7748,extends
7240,860,Claim_1549,Claim_6095,requires
7241,370,Claim_321,Claim_5107,supports
7242,179,Claim_4324,Claim_5579,contradicts
7243,668,Claim_4369,Claim_6819,requires
7244,307,Claim_2733,Claim_9922,supports
7245,253,Claim_428,Claim_5469,requires
7246,477,Claim_4714,Claim_9855,supports
7247,669,Claim_1663,Claim_7327,requires
7248,573,Claim_324,Claim_8127,supports
7249,394,Claim_2841,Claim_8241,supports
7250,149,Claim_920,Claim_9039,contradicts
7251,484,Claim_1137,Claim_8381,requires
7252,185,Claim_1736,Claim_7489,supports
7253,445,Claim_4420,Claim_9477,requires
7254,509,Claim_1222,Claim_8944,contradicts
7255,944,Claim_1626,Claim_9490,requires
7256,399,Claim_4501,Claim_9876,requires
7257,725,Claim_454,Claim_8643,extends
7258,845,Claim_2454,Claim_6026,supports
7259,551,Claim_133,Claim_9182,extends
7260,112,Claim_3256,Claim_9957,extends
7261,906,Claim_1634,Claim_9083,contradicts
7262,251,Claim_2470,Claim_6096,supports
7263,338,Claim_3366,Claim_8328,supports
7264,986,Claim_3740,Claim_6837,contradicts
7265,832,Claim_1408,Claim_8245,requires
7266,325,Claim_3183,Claim_7889,extends
7267,637,Claim_4417,Claim_5062,contradicts
7268,249,Claim_315,Claim_6594,requires
7269,122,Claim_74,Claim_5136,contradicts
7270,642,Claim_3563,Claim_5166,contradicts
7271,112,Claim_18,Claim_5189,supports
7272,921,Claim_4620,Claim_7799,supports
7273,48,Claim_4569,Claim_8845,extends
7274,405,Claim_2224,Claim_8429,extends
7275,461,Claim_834,Claim_8422,requires
7276,360,Claim_1065,Claim_5078,contradicts
7277,588,Claim_2005,Claim_7731,contradicts
7278,81,Claim_3025,Claim_9075,extends
7279,241,Claim_4745,Claim_9063,contradicts
7280,190,Claim_2063,Claim_8796,contradicts
7281,153,Claim_2666,Claim_9431,supports
7282,640,Claim_4761,Claim_7588,requires
7283,773,Claim_2535,Claim_8511,contradicts
7284,92,Claim_4705,Claim_9364,contradicts
7285,434,Claim_3067,Claim_8103,extends
7286,935,Claim_903,Claim_8244,supports
7287,813,Claim_1669,Claim_6514,contradicts
7288,688,Claim_4382,Claim_9689,requires
7289,572,Claim_2482,Claim_5862,requires
7290,130,Claim_3528,Claim_6856,contradicts
7291,137,Claim_4253,Claim_9513,extends
7292,898,Claim_4114,Claim_5086,extends
7293,882,Claim_1759,Claim_5798,contradicts
7294,198,Claim_313,Claim_6246,contradicts
7295,153,Claim_325,Claim_5095,extends
7296,795,Claim_4712,Claim_9233,supports
7297,297,Claim_1325,Claim_8396,supports
7298,556,Claim_3919,Claim_9452,extends
7299,907,Claim_2589,Claim_6938,contradicts
7300,387,Claim_4057,Claim_5004,requires
7301,903,Claim_4132,Claim_7697,supports
7302,773,Claim_3568,Claim_5580,requires
7303,69,Claim_2042,Claim_5965,extends
7304,963,Claim_993,Claim_8763,supports
7305,445,Claim_1506,Claim_8214,requires
7306,960,Claim_3298,Claim_9162,requires
7307,275,Claim_1147,Claim_6313,extends
7308,899,Claim_1865,Claim_9343,contradicts
7309,312,Claim_2553,Claim_8275,supports
7310,94,Claim_3773,Claim_9653,contradicts
7311,310,Claim_4866,Claim_8015,requires
7312,837,Claim_552,Claim_5683,requires
7313,799,Claim_86,Claim_7413,contradicts
7314,660,Claim_2535,Claim_5583,contradicts
7315,955,Claim_1577,Claim_8164,supports
7316,264,Claim_2744,Claim_5590,extends
7317,76,Claim_1878,Claim_6239,supports
7318,859,Claim_4315,Claim_5900,requires
7319,823,Claim_3877,Claim_5326,contradicts
7320,846,Claim_4778,Claim_5852,contradicts
7321,403,Claim_889,Claim_5092,supports
7322,947,Claim_3987,Claim_6048,requires
7323,64,Claim_3821,Claim_8119,contradicts
7324,73,Claim_3449,Claim_7385,supports
7325,657,Claim_3481,Claim_7359,supports
7326,900,Claim_422,Claim_7757,contradicts
7327,980,Claim_2412,Claim_7844,supports
7328,741,Claim_1101,Claim_9118,extends
7329,494,Claim_1148,Claim_7143,extends
7330,916,Claim_4386,Claim_9459,supports
7331,113,Claim_3464,Claim_8544,contradicts
7332,831,Claim_4894,Claim_8897,extends
7333,687,Claim_2211,Claim_9300,extends
7334,815,Claim_1269,Claim_7586,contradicts
7335,508,Claim_2459,Claim_9518,contradicts
7336,637,Claim_890,Claim_6794,extends
7337,938,Claim_4091,Claim_7882,extends
7338,229,Claim_2095,Claim_8008,extends
7339,799,Claim_1698,Claim_9492,supports
7340,515,Claim_4004,Claim_5916,requires
7341,606,Claim_2071,Claim_8140,requires
7342,785,Claim_2823,Claim_8543,extends
7343,769,Claim_4947,Claim_6489,contradicts
7344,663,Claim_3738,Claim_8331,supports
7345,484,Claim_1116,Claim_7702,requires
7346,679,Claim_4674,Claim_8626,contradicts
7347,863,Claim_597,Claim_6555,supports
7348,332,Claim_2282,Claim_8427,extends
7349,434,Claim_4086,Claim_8460,extends
7350,107,Claim_1779,Claim_8555,supports
7351,444,Claim_1209,Claim_7336,contradicts
7352,958,Claim_2184,Claim_8811,extends
7353,807,Claim_4085,Claim_6108,contradicts
7354,364,Claim_2642,Claim_8985,requires
7355,614,Claim_4812,Claim_9787,requires
7356,321,Claim_552,Claim_5858,contradicts
7357,542,Claim_4851,Claim_7045,extends
7358,735,Claim_1823,Claim_8257,extends
7359,632,Claim_4638,Claim_8536,supports
7360,69,Claim_2556,Claim_7226,requires
7361,117,Claim_2986,Claim_9734,requires
7362,508,Claim_617,Claim_9714,contradicts
7363,950,Claim_2239,Claim_7690,contradicts
7364,714,Claim_3217,Claim_5644,contradicts
7365,40,Claim_3722,Claim_8717,contradicts
7366,87,Claim_4164,Claim_7307,supports
7367,850,Claim_1167,Claim_8117,contradicts
7368,843,Claim_237,Claim_7668,extends
7369,987,Claim_2966,Claim_6108,extends
7370,863,Claim_1428,Claim_6105,requires
7371,416,Claim_4809,Claim_8979,extends
7372,713,Claim_484,Claim_7668,requires
7373,185,Claim_977,Claim_9179,requires
7374,286,Claim_2764,Claim_6813,extends
7375,674,Claim_3568,Claim_5756,requires
7376,633,Claim_627,Claim_8840,contradicts
7377,587,Claim_4628,Claim_6819,contradicts
7378,354,Claim_1335,Claim_6361,requires
7379,727,Claim_4863,Claim_5820,supports
7380,363,Claim_2573,Claim_7163,requires
7381,53,Claim_456,Claim_8408,requires
7382,986,Claim_1939,Claim_5038,extends
7383,831,Claim_4609,Claim_8419,extends
7384,26,Claim_2829,Claim_8347,extends
7385,239,Claim_3204,Claim_7122,supports
7386,791,Claim_4741,Claim_8707,requires
7387,151,Claim_4454,Claim_6319,requires
7388,88,Claim_1305,Claim_9570,extends
7389,948,Claim_3361,Claim_7005,supports
7390,21,Claim_4656,Claim_8326,requires
7391,930,Claim_1413,Claim_8063,contradicts
7392,48,Claim_3605,Claim_9038,contradicts
7393,552,Claim_4342,Claim_5602,requires
7394,885,Claim_4160,Claim_6243,supports
7395,286,Claim_1769,Claim_6338,supports
7396,139,Claim_3783,Claim_8976,extends
7397,116,Claim_3730,Claim_8800,contradicts
7398,696,Claim_1379,Claim_8944,contradicts
7399,194,Claim_3918,Claim_9462,requires
7400,164,Claim_2212,Claim_6136,requires
7401,358,Claim_4106,Claim_5663,contradicts
7402,26,Claim_3132,Claim_7685,supports
7403,742,Claim_2716,Claim_9474,supports
7404,848,Claim_4684,Claim_8029,extends
7405,111,Claim_3504,Claim_7440,requires
7406,49,Claim_3063,Claim_7159,requires
7407,347,Claim_1565,Claim_7216,supports
7408,495,Claim_1772,Claim_6475,contradicts
7409,354,Claim_3081,Claim_9449,extends
7410,148,Claim_1136,Claim_9298,supports
7411,653,Claim_3931,Claim_5714,supports
7412,562,Claim_1531,Claim_6172,supports
7413,580,Claim_2195,Claim_5460,extends
7414,208,Claim_2105,Claim_9659,requires
7415,469,Claim_2939,Claim_7031,extends
7416,394,Claim_3627,Claim_9446,extends
7417,366,Claim_4212,Claim_9514,contradicts
7418,350,Claim_2244,Claim_9761,supports
7419,689,Claim_4457,Claim_8360,requires
7420,649,Claim_4301,Claim_5773,extends
7421,516,Claim_1154,Claim_6904,supports
7422,889,Claim_812,Claim_8338,requires
7423,796,Claim_3256,Claim_7304,requires
7424,323,Claim_4269,Claim_7043,extends
7425,365,Claim_3096,Claim_8108,extends
7426,531,Claim_4225,Claim_6363,extends
7427,186,Claim_3659,Claim_5073,requires
7428,955,Claim_4756,Claim_8868,requires
7429,467,Claim_3980,Claim_6935,supports
7430,546,Claim_2559,Claim_6478,contradicts
7431,930,Claim_496,Claim_8691,requires
7432,40,Claim_1147,Claim_6739,requires
7433,553,Claim_732,Claim_5438,contradicts
7434,891,Claim_3464,Claim_6896,requires
7435,684,Claim_2003,Claim_6159,supports
7436,90,Claim_2822,Claim_7452,requires
7437,73,Claim_1071,Claim_5596,contradicts
7438,749,Claim_4804,Claim_5746,extends
7439,656,Claim_1491,Claim_9396,requires
7440,694,Claim_3658,Claim_6551,supports
7441,680,Claim_4833,Claim_7132,supports
7442,857,Claim_4727,Claim_7097,extends
7443,661,Claim_3403,Claim_7614,supports
7444,121,Claim_4355,Claim_7713,supports
7445,861,Claim_1451,Claim_5052,extends
7446,665,Claim_1742,Claim_5755,contradicts
7447,647,Claim_1364,Claim_5832,supports
7448,584,Claim_3366,Claim_5573,extends
7449,318,Claim_1265,Claim_5506,supports
7450,563,Claim_2438,Claim_6896,contradicts
7451,752,Claim_4872,Claim_8888,extends
7452,13,Claim_4266,Claim_5443,requires
7453,328,Claim_3858,Claim_6195,requires
7454,903,Claim_1545,Claim_9258,supports
7455,106,Claim_3410,Claim_7772,contradicts
7456,872,Claim_2961,Claim_8429,extends
7457,187,Claim_2053,Claim_7835,contradicts
7458,762,Claim_57,Claim_7945,extends
7459,443,Claim_7,Claim_8275,contradicts
7460,433,Claim_4150,Claim_5822,contradicts
7461,268,Claim_69,Claim_9927,contradicts
7462,701,Claim_1292,Claim_5791,requires
7463,721,Claim_3871,Claim_6491,requires
7464,134,Claim_1221,Claim_9738,extends
7465,233,Claim_2320,Claim_8377,requires
7466,110,Claim_4419,Claim_7465,contradicts
7467,427,Claim_609,Claim_8606,extends
7468,144,Claim_3708,Claim_7439,extends
7469,26,Claim_3638,Claim_8231,requires
7470,457,Claim_2066,Claim_5044,supports
7471,102,Claim_4253,Claim_7457,requires
7472,819,Claim_3495,Claim_8160,contradicts
7473,196,Claim_2822,Claim_9685,requires
7474,25,Claim_3636,Claim_5717,extends
7475,281,Claim_438,Claim_9506,contradicts
7476,688,Claim_3889,Claim_8135,contradicts
7477,718,Claim_1267,Claim_5238,contradicts
7478,391,Claim_1427,Claim_6511,contradicts
7479,780,Claim_3720,Claim_6024,supports
7480,193,Claim_4225,Claim_9325,supports
7481,826,Claim_2384,Claim_6961,requires
7482,106,Claim_493,Claim_7348,contradicts
7483,659,Claim_4285,Claim_6533,requires
7484,62,Claim_4848,Claim_8295,supports
7485,897,Claim_215,Claim_8727,contradicts
7486,57,Claim_3766,Claim_9735,requires
7487,345,Claim_1188,Claim_6319,supports
7488,467,Claim_4149,Claim_5074,requires
7489,420,Claim_4046,Claim_8637,contradicts
7490,872,Claim_4104,Claim_5576,extends
7491,12,Claim_550,Claim_8268,extends
7492,707,Claim_3530,Claim_9115,contradicts
7493,129,Claim_3477,Claim_6978,extends
7494,448,Claim_672,Claim_9482,supports
7495,999,Claim_1951,Claim_7595,contradicts
7496,919,Claim_4883,Claim_8568,contradicts
7497,469,Claim_1329,Claim_8813,extends
7498,564,Claim_4035,Claim_9524,supports
7499,673,Claim_4131,Claim_7095,supports
7500,742,Claim_2493,Claim_8801,requires
7501,190,Claim_1944,Claim_9173,supports
7502,162,Claim_3220,Claim_9001,supports
7503,803,Claim_4869,Claim_7371,requires
7504,72,Claim_4565,Claim_8489,requires
7505,695,Claim_3964,Claim_5719,requires
7506,903,Claim_2282,Claim_5596,supports
7507,270,Claim_3441,Claim_5426,contradicts
7508,906,Claim_4719,Claim_9741,supports
7509,155,Claim_4801,Claim_6821,requires
7510,917,Claim_1640,Claim_6190,extends
7511,532,Claim_242,Claim_6371,requires
7512,616,Claim_4184,Claim_5038,supports
7513,218,Claim_2436,Claim_8980,extends
7514,766,Claim_347,Claim_9627,requires
7515,502,Claim_2003,Claim_9410,requires
7516,397,Claim_3956,Claim_7826,supports
7517,639,Claim_3532,Claim_8067,extends
7518,455,Claim_3178,Claim_8747,supports
7519,249,Claim_1418,Claim_8941,contradicts
7520,636,Claim_4879,Claim_5704,contradicts
7521,238,Claim_4461,Claim_6941,requires
7522,691,Claim_2616,Claim_5008,contradicts
7523,912,Claim_1799,Claim_5114,extends
7524,218,Claim_3079,Claim_5303,supports
7525,301,Claim_3518,Claim_9013,supports
7526,359,Claim_621,Claim_5679,extends
7527,899,Claim_3999,Claim_5430,extends
7528,164,Claim_1391,Claim_7431,supports
7529,243,Claim_3086,Claim_5320,contradicts
7530,909,Claim_1600,Claim_8680,contradicts
7531,353,Claim_3025,Claim_8679,requires
7532,447,Claim_2026,Claim_9668,contradicts
7533,19,Claim_4392,Claim_5698,extends
7534,509,Claim_2717,Claim_9153,contradicts
7535,726,Claim_4268,Claim_6287,requires
7536,452,Claim_3022,Claim_9857,contradicts
7537,926,Claim_3701,Claim_9945,extends
7538,870,Claim_1400,Claim_8804,supports
7539,86,Claim_4841,Claim_6236,contradicts
7540,669,Claim_3076,Claim_8796,contradicts
7541,627,Claim_2578,Claim_8966,requires
7542,211,Claim_2016,Claim_8888,supports
7543,952,Claim_585,Claim_9921,extends
7544,327,Claim_969,Claim_8800,supports
7545,566,Claim_3734,Claim_5908,requires
7546,321,Claim_434,Claim_9328,supports
7547,479,Claim_406,Claim_6670,requires
7548,405,Claim_560,Claim_6778,contradicts
7549,167,Claim_2359,Claim_6251,supports
7550,439,Claim_4754,Claim_7255,contradicts
7551,247,Claim_4456,Claim_7121,contradicts
7552,352,Claim_2437,Claim_6330,requires
7553,137,Claim_2281,Claim_7230,requires
7554,355,Claim_1662,Claim_9544,requires
7555,646,Claim_4773,Claim_6089,supports
7556,92,Claim_2314,Claim_9244,extends
7557,919,Claim_1376,Claim_6630,requires
7558,626,Claim_1475,Claim_8008,requires
7559,547,Claim_3363,Claim_7636,supports
7560,389,Claim_3420,Claim_5210,supports
7561,876,Claim_702,Claim_8294,contradicts
7562,345,Claim_4310,Claim_8267,contradicts
7563,97,Claim_669,Claim_7837,supports
7564,244,Claim_2654,Claim_7984,contradicts
7565,566,Claim_844,Claim_9456,supports
7566,690,Claim_420,Claim_8408,requires
7567,671,Claim_244,Claim_7913,requires
7568,870,Claim_3962,Claim_8933,extends
7569,655,Claim_860,Claim_6539,requires
7570,19,Claim_329,Claim_9404,contradicts
7571,751,Claim_1752,Claim_9424,supports
7572,940,Claim_200,Claim_8483,extends
7573,738,Claim_4989,Claim_9937,extends
7574,506,Claim_4339,Claim_6131,extends
7575,433,Claim_4793,Claim_5935,supports
7576,618,Claim_4092,Claim_9320,requires
7577,173,Claim_532,Claim_9723,supports
7578,831,Claim_3141,Claim_6622,supports
7579,705,Claim_903,Claim_8540,contradicts
7580,94,Claim_3433,Claim_9453,supports
7581,32,Claim_2211,Claim_8945,extends
7582,105,Claim_2676,Claim_6631,contradicts
7583,484,Claim_262,Claim_5168,extends
7584,339,Claim_4167,Claim_8687,supports
7585,497,Claim_481,Claim_6526,supports
7586,54,Claim_2879,Claim_7684,contradicts
7587,15,Claim_890,Claim_9453,requires
7588,966,Claim_4334,Claim_9743,supports
7589,930,Claim_467,Claim_7662,extends
7590,604,Claim_4963,Claim_7159,extends
7591,231,Claim_1074,Claim_7911,contradicts
7592,680,Claim_2170,Claim_6655,extends
7593,264,Claim_4991,Claim_6402,extends
7594,179,Claim_687,Claim_6418,contradicts
7595,204,Claim_60,Claim_6156,contradicts
7596,528,Claim_1662,Claim_7017,supports
7597,224,Claim_3276,Claim_5599,extends
7598,139,Claim_1145,Claim_9025,requires
7599,752,Claim_4749,Claim_5121,contradicts
7600,842,Claim_3962,Claim_7160,contradicts
7601,509,Claim_1884,Claim_5098,supports
7602,124,Claim_252,Claim_8645,supports
7603,827,Claim_4575,Claim_8998,requires
7604,845,Claim_3120,Claim_8937,contradicts
7605,348,Claim_1689,Claim_6623,contradicts
7606,654,Claim_1567,Claim_6986,contradicts
7607,695,Claim_3769,Claim_9198,contradicts
7608,225,Claim_3733,Claim_5323,supports
7609,696,Claim_603,Claim_9157,supports
7610,204,Claim_1621,Claim_8267,supports
7611,210,Claim_3209,Claim_6742,requires
7612,723,Claim_2673,Claim_5197,requires
7613,23,Claim_2563,Claim_5493,extends
7614,250,Claim_3065,Claim_5799,supports
7615,405,Claim_1936,Claim_8921,contradicts
7616,889,Claim_2899,Claim_8695,extends
7617,423,Claim_1377,Claim_7877,extends
7618,14,Claim_2008,Claim_7191,extends
7619,827,Claim_3547,Claim_5031,extends
7620,452,Claim_1936,Claim_6529,extends
7621,412,Claim_4988,Claim_6070,requires
7622,139,Claim_4240,Claim_8801,supports
7623,134,Claim_1511,Claim_9951,contradicts
7624,763,Claim_116,Claim_5134,requires
7625,339,Claim_666,Claim_5572,supports
7626,798,Claim_1528,Claim_9658,extends
7627,620,Claim_2167,Claim_5093,requires
7628,361,Claim_3425,Claim_8833,contradicts
7629,647,Claim_3112,Claim_7250,contradicts
7630,621,Claim_4293,Claim_5750,requires
7631,66,Claim_1728,Claim_5309,extends
7632,165,Claim_4860,Claim_6189,contradicts
7633,306,Claim_1424,Claim_6366,supports
7634,218,Claim_4464,Claim_7396,extends
7635,223,Claim_1047,Claim_5765,extends
7636,900,Claim_1887,Claim_5306,supports
7637,663,Claim_413,Claim_7371,extends
7638,637,Claim_2711,Claim_8076,supports
7639,195,Claim_237,Claim_6058,extends
7640,699,Claim_15,Claim_9763,contradicts
7641,892,Claim_4127,Claim_9018,extends
7642,28,Claim_1391,Claim_5196,requires
7643,365,Claim_1255,Claim_5412,supports
7644,859,Claim_1411,Claim_7668,contradicts
7645,403,Claim_4867,Claim_6736,supports
7646,524,Claim_3542,Claim_5058,requires
7647,724,Claim_1328,Claim_6826,supports
7648,273,Claim_1981,Claim_9316,requires
7649,289,Claim_2472,Claim_6893,requires
7650,872,Claim_2012,Claim_5058,contradicts
7651,234,Claim_2885,Claim_8439,extends
7652,967,Claim_3998,Claim_8389,extends
7653,15,Claim_287,Claim_9807,requires
7654,392,Claim_1879,Claim_6528,contradicts
7655,141,Claim_3752,Claim_7001,requires
7656,926,Claim_3161,Claim_8980,contradicts
7657,563,Claim_4492,Claim_5727,extends
7658,972,Claim_4737,Claim_5776,contradicts
7659,150,Claim_65,Claim_6893,requires
7660,372,Claim_3220,Claim_7541,supports
7661,815,Claim_2534,Claim_7034,supports
7662,857,Claim_2436,Claim_5238,supports
7663,241,Claim_4828,Claim_9327,requires
7664,716,Claim_4596,Claim_7529,extends
7665,991,Claim_3015,Claim_6974,extends
7666,738,Claim_3785,Claim_5847,contradicts
7667,910,Claim_1536,Claim_9389,contradicts
7668,13,Claim_4398,Claim_9367,contradicts
7669,422,Claim_1817,Claim_9111,supports
7670,188,Claim_4466,Claim_7750,extends
7671,71,Claim_1245,Claim_5419,supports
7672,845,Claim_2350,Claim_5743,requires
7673,274,Claim_4541,Claim_7947,supports
7674,882,Claim_3014,Claim_7884,requires
7675,268,Claim_4427,Claim_8908,supports
7676,193,Claim_1110,Claim_5992,requires
7677,16,Claim_1958,Claim_8008,supports
7678,744,Claim_4490,Claim_9512,contradicts
7679,169,Claim_1899,Claim_7972,contradicts
7680,9,Claim_1108,Claim_5567,requires
7681,590,Claim_4430,Claim_5371,requires
7682,566,Claim_569,Claim_6864,contradicts
7683,643,Claim_3192,Claim_6672,requires
7684,882,Claim_1199,Claim_6171,contradicts
7685,702,Claim_2353,Claim_8545,extends
7686,980,Claim_3513,Claim_7733,contradicts
7687,422,Claim_997,Claim_7990,requires
7688,673,Claim_3692,Claim_6052,extends
7689,347,Claim_2821,Claim_5689,requires
7690,136,Claim_3780,Claim_7299,contradicts
7691,467,Claim_4876,Claim_6522,requires
7692,44,Claim_2895,Claim_9744,contradicts
7693,947,Claim_2280,Claim_8096,supports
7694,461,Claim_1833,Claim_7584,extends
7695,412,Claim_460,Claim_8433,contradicts
7696,967,Claim_2382,Claim_9084,supports
7697,433,Claim_4009,Claim_7518,supports
7698,624,Claim_520,Claim_6286,requires
7699,31,Claim_1258,Claim_9156,requires
7700,939,Claim_448,Claim_5192,requires
7701,775,Claim_533,Claim_5882,supports
7702,440,Claim_2428,Claim_9168,supports
7703,913,Claim_1187,Claim_6593,extends
7704,970,Claim_2924,Claim_9165,requires
7705,577,Claim_4178,Claim_5132,supports
7706,793,Claim_4444,Claim_9387,supports
7707,292,Claim_4302,Claim_7464,contradicts
7708,397,Claim_2695,Claim_7148,supports
7709,717,Claim_558,Claim_6477,contradicts
7710,734,Claim_1430,Claim_6184,requires
7711,977,Claim_485,Claim_8478,supports
7712,256,Claim_4557,Claim_6485,supports
7713,486,Claim_1299,Claim_7563,extends
7714,705,Claim_635,Claim_9575,requires
7715,441,Claim_3633,Claim_9237,extends
7716,217,Claim_4756,Claim_8331,requires
7717,331,Claim_3523,Claim_8721,requires
7718,726,Claim_3039,Claim_9791,contradicts
7719,702,Claim_4560,Claim_8255,extends
7720,461,Claim_4564,Claim_8870,contradicts
7721,343,Claim_4832,Claim_8643,supports
7722,914,Claim_660,Claim_9274,requires
7723,712,Claim_1073,Claim_7313,supports
7724,543,Claim_3635,Claim_5149,requires
7725,204,Claim_1784,Claim_8919,requires
7726,268,Claim_3644,Claim_6252,requires
7727,786,Claim_3628,Claim_6735,extends
7728,855,Claim_3158,Claim_9251,supports
7729,240,Claim_3416,Claim_5538,contradicts
7730,979,Claim_1821,Claim_8269,contradicts
7731,49,Claim_3958,Claim_8210,extends
7732,48,Claim_1443,Claim_9413,extends
7733,973,Claim_237,Claim_8946,contradicts
7734,645,Claim_4811,Claim_7638,requires
7735,186,Claim_2283,Claim_5730,extends
7736,944,Claim_1172,Claim_7292,contradicts
7737,615,Claim_890,Claim_6057,extends
7738,694,Claim_598,Claim_7340,supports
7739,277,Claim_1388,Claim_5671,contradicts
7740,534,Claim_1214,Claim_7808,contradicts
7741,981,Claim_2801,Claim_5961,contradicts
7742,225,Claim_2507,Claim_6785,extends
7743,354,Claim_500,Claim_5464,requires
7744,970,Claim_4950,Claim_9818,extends
7745,37,Claim_2857,Claim_5567,supports
7746,198,Claim_2058,Claim_5614,contradicts
7747,607,Claim_2486,Claim_6122,extends
7748,290,Claim_4751,Claim_7322,extends
7749,530,Claim_2023,Claim_7889,extends
7750,454,Claim_498,Claim_8435,supports
7751,457,Claim_3952,Claim_5609,contradicts
7752,615,Claim_3921,Claim_8245,contradicts
7753,147,Claim_1898,Claim_8242,supports
7754,505,Claim_382,Claim_6922,extends
7755,320,Claim_1419,Claim_6493,extends
7756,290,Claim_570,Claim_8765,requires
7757,602,Claim_1245,Claim_5654,supports
7758,469,Claim_487,Claim_5296,contradicts
7759,167,Claim_2358,Claim_7575,requires
7760,14,Claim_197,Claim_5775,extends
7761,771,Claim_3866,Claim_5991,requires
7762,175,Claim_312,Claim_9613,contradicts
7763,929,Claim_133,Claim_6282,requires
7764,794,Claim_284,Claim_9711,contradicts
7765,202,Claim_745,Claim_7879,extends
7766,120,Claim_758,Claim_9980,requires
7767,126,Claim_3869,Claim_9284,requires
7768,739,Claim_1500,Claim_7827,requires
7769,712,Claim_742,Claim_8016,requires
7770,247,Claim_3464,Claim_9550,requires
7771,280,Claim_3162,Claim_7770,supports
7772,292,Claim_2655,Claim_8078,requires
7773,6,Claim_3397,Claim_6311,contradicts
7774,234,Claim_3164,Claim_8997,contradicts
7775,620,Claim_1395,Claim_9577,supports
7776,542,Claim_3852,Claim_5626,supports
7777,835,Claim_1653,Claim_8366,extends
7778,360,Claim_2367,Claim_6566,supports
7779,239,Claim_1996,Claim_5964,supports
7780,712,Claim_1159,Claim_9007,supports
7781,448,Claim_2343,Claim_7622,contradicts
7782,492,Claim_4330,Claim_6678,supports
7783,286,Claim_4741,Claim_8883,supports
7784,19,Claim_1959,Claim_5328,extends
7785,232,Claim_3889,Claim_9816,supports
7786,415,Claim_582,Claim_9206,contradicts
7787,734,Claim_13,Claim_6318,requires
7788,409,Claim_3597,Claim_5429,requires
7789,264,Claim_2315,Claim_5050,extends
7790,778,Claim_244,Claim_7624,requires
7791,451,Claim_3488,Claim_5712,contradicts
7792,986,Claim_101,Claim_8140,extends
7793,402,Claim_182,Claim_5358,contradicts
7794,292,Claim_1267,Claim_9571,requires
7795,221,Claim_2848,Claim_9002,contradicts
7796,40,Claim_4567,Claim_9126,contradicts
7797,110,Claim_3631,Claim_7517,contradicts
7798,305,Claim_2377,Claim_5613,extends
7799,781,Claim_4318,Claim_9472,extends
7800,324,Claim_4432,Claim_6483,extends
7801,795,Claim_2879,Claim_7813,extends
7802,402,Claim_1869,Claim_8767,extends
7803,252,Claim_4386,Claim_5484,requires
7804,783,Claim_821,Claim_9058,requires
7805,633,Claim_4921,Claim_9199,supports
7806,290,Claim_1711,Claim_9377,supports
7807,936,Claim_434,Claim_5085,requires
7808,221,Claim_882,Claim_5022,contradicts
7809,966,Claim_4884,Claim_7883,supports
7810,473,Claim_3301,Claim_6020,contradicts
7811,5,Claim_2154,Claim_9216,requires
7812,519,Claim_3830,Claim_5925,requires
7813,611,Claim_487,Claim_8943,extends
7814,878,Claim_1847,Claim_9558,extends
7815,820,Claim_875,Claim_5467,extends
7816,55,Claim_378,Claim_5882,supports
7817,286,Claim_4940,Claim_9306,extends
7818,120,Claim_3129,Claim_9545,contradicts
7819,902,Claim_186,Claim_9702,contradicts
7820,474,Claim_1581,Claim_9268,extends
7821,688,Claim_3154,Claim_7106,requires
7822,617,Claim_92,Claim_8453,supports
7823,15,Claim_3501,Claim_5291,extends
7824,918,Claim_1917,Claim_9259,extends
7825,942,Claim_1210,Claim_6717,extends
7826,188,Claim_1964,Claim_8064,extends
7827,470,Claim_2596,Claim_7670,requires
7828,140,Claim_3810,Claim_5305,contradicts
7829,627,Claim_1082,Claim_7597,supports
7830,667,Claim_530,Claim_9454,requires
7831,156,Claim_380,Claim_8353,requires
7832,369,Claim_3616,Claim_9066,requires
7833,499,Claim_3811,Claim_9480,requires
7834,126,Claim_1555,Claim_5082,contradicts
7835,837,Claim_4118,Claim_6728,requires
7836,135,Claim_13,Claim_5323,requires
7837,721,Claim_3483,Claim_6743,extends
7838,633,Claim_2742,Claim_8501,requires
7839,363,Claim_3600,Claim_7541,extends
7840,411,Claim_3813,Claim_5150,requires
7841,768,Claim_538,Claim_9648,requires
7842,940,Claim_2933,Claim_5068,supports
7843,223,Claim_4293,Claim_5630,contradicts
7844,664,Claim_459,Claim_7109,extends
7845,897,Claim_4574,Claim_9431,supports
7846,91,Claim_2897,Claim_6676,supports
7847,362,Claim_52,Claim_5086,contradicts
7848,711,Claim_4366,Claim_6721,contradicts
7849,687,Claim_1559,Claim_7478,contradicts
7850,669,Claim_4545,Claim_7403,extends
7851,339,Claim_2690,Claim_8258,supports
7852,283,Claim_519,Claim_8617,contradicts
7853,224,Claim_3697,Claim_8195,supports
7854,101,Claim_4274,Claim_6624,extends
7855,798,Claim_2941,Claim_8915,supports
7856,989,Claim_3150,Claim_9886,contradicts
7857,713,Claim_1895,Claim_8000,extends
7858,268,Claim_3335,Claim_9860,extends
7859,775,Claim_3503,Claim_5424,contradicts
7860,779,Claim_1506,Claim_7688,supports
7861,265,Claim_60,Claim_5565,extends
7862,944,Claim_4697,Claim_7563,supports
7863,724,Claim_4170,Claim_7384,extends
7864,733,Claim_1528,Claim_7290,contradicts
7865,912,Claim_2966,Claim_9066,contradicts
7866,847,Claim_1918,Claim_7556,extends
7867,323,Claim_4841,Claim_7908,supports
7868,162,Claim_1278,Claim_9563,requires
7869,777,Claim_4774,Claim_7735,extends
7870,599,Claim_1820,Claim_9107,extends
7871,106,Claim_404,Claim_8566,extends
7872,552,Claim_3128,Claim_9527,contradicts
7873,139,Claim_808,Claim_5352,supports
7874,721,Claim_3745,Claim_6836,contradicts
7875,611,Claim_266,Claim_5626,extends
7876,188,Claim_2886,Claim_8781,supports
7877,662,Claim_2493,Claim_7352,supports
7878,815,Claim_2126,Claim_9176,extends
7879,153,Claim_2288,Claim_6716,supports
7880,188,Claim_2780,Claim_7657,contradicts
7881,902,Claim_2670,Claim_8636,extends
7882,609,Claim_1804,Claim_9961,requires
7883,274,Claim_1379,Claim_8266,supports
7884,557,Claim_2941,Claim_7908,supports
7885,139,Claim_3222,Claim_6290,contradicts
7886,812,Claim_4808,Claim_5897,contradicts
7887,778,Claim_1947,Claim_7596,extends
7888,809,Claim_4683,Claim_7956,contradicts
7889,418,Claim_4933,Claim_5997,requires
7890,166,Claim_120,Claim_8861,supports
7891,254,Claim_3567,Claim_8981,extends
7892,486,Claim_1588,Claim_8186,extends
7893,921,Claim_394,Claim_5789,contradicts
7894,916,Claim_1501,Claim_8865,requires
7895,206,Claim_3835,Claim_7318,supports
7896,126,Claim_4355,Claim_7465,contradicts
7897,560,Claim_4051,Claim_9374,supports
7898,366,Claim_1230,Claim_9706,supports
7899,556,Claim_2328,Claim_7371,supports
7900,583,Claim_186,Claim_5501,extends
7901,351,Claim_2634,Claim_9227,requires
7902,523,Claim_1250,Claim_7655,requires
7903,204,Claim_897,Claim_6735,supports
7904,184,Claim_1283,Claim_5256,extends
7905,464,Claim_2015,Claim_7836,contradicts
7906,44,Claim_2994,Claim_6907,extends
7907,703,Claim_2071,Claim_5002,supports
7908,428,Claim_2277,Claim_8770,contradicts
7909,681,Claim_499,Claim_8411,supports
7910,640,Claim_1875,Claim_6622,requires
7911,71,Claim_4393,Claim_8118,contradicts
7912,518,Claim_2618,Claim_5582,supports
7913,134,Claim_571,Claim_7367,requires
7914,331,Claim_2132,Claim_9405,supports
7915,578,Claim_1685,Claim_6421,extends
7916,895,Claim_182,Claim_8207,supports
7917,362,Claim_1398,Claim_7593,supports
7918,82,Claim_4913,Claim_5648,requires
7919,494,Claim_4932,Claim_9180,requires
7920,578,Claim_2570,Claim_5172,contradicts
7921,478,Claim_260,Claim_5094,requires
7922,188,Claim_1151,Claim_7642,supports
7923,78,Claim_3700,Claim_9043,contradicts
7924,626,Claim_637,Claim_8809,contradicts
7925,823,Claim_4477,Claim_9862,supports
7926,615,Claim_1458,Claim_6632,extends
7927,419,Claim_141,Claim_7525,contradicts
7928,497,Claim_147,Claim_8802,supports
7929,430,Claim_3549,Claim_5420,contradicts
7930,505,Claim_3115,Claim_7632,extends
7931,484,Claim_1686,Claim_9732,extends
7932,992,Claim_579,Claim_5783,extends
7933,750,Claim_2665,Claim_9855,extends
7934,143,Claim_701,Claim_9223,requires
7935,810,Claim_70,Claim_5901,requires
7936,976,Claim_1278,Claim_7385,contradicts
7937,276,Claim_2817,Claim_5578,requires
7938,623,Claim_3371,Claim_5675,extends
7939,501,Claim_119,Claim_6997,contradicts
7940,31,Claim_4434,Claim_7307,requires
7941,534,Claim_2648,Claim_6842,supports
7942,326,Claim_364,Claim_6138,requires
7943,652,Claim_2387,Claim_6983,extends
7944,961,Claim_4962,Claim_5949,supports
7945,701,Claim_3114,Claim_7887,contradicts
7946,323,Claim_4847,Claim_7303,supports
7947,421,Claim_1103,Claim_5449,contradicts
7948,818,Claim_1075,Claim_9053,contradicts
7949,513,Claim_3236,Claim_5488,requires
7950,161,Claim_2899,Claim_5498,extends
7951,195,Claim_1799,Claim_5177,extends
7952,52,Claim_3421,Claim_9481,extends
7953,818,Claim_1168,Claim_5110,contradicts
7954,220,Claim_4180,Claim_7315,contradicts
7955,809,Claim_1325,Claim_9553,supports
7956,212,Claim_2051,Claim_9694,requires
7957,527,Claim_2596,Claim_8662,contradicts
7958,887,Claim_1227,Claim_6831,extends
7959,387,Claim_3085,Claim_5704,supports
7960,215,Claim_4506,Claim_6274,supports
7961,122,Claim_4297,Claim_8383,extends
7962,8,Claim_2618,Claim_5353,extends
7963,381,Claim_2614,Claim_5540,extends
7964,49,Claim_4619,Claim_9807,requires
7965,841,Claim_1414,Claim_9989,contradicts
7966,185,Claim_3338,Claim_7382,requires
7967,782,Claim_4026,Claim_5136,requires
7968,21,Claim_1792,Claim_7389,contradicts
7969,387,Claim_1430,Claim_5592,contradicts
7970,368,Claim_2708,Claim_6120,requires
7971,919,Claim_2098,Claim_6256,supports
7972,409,Claim_4667,Claim_5844,contradicts
7973,777,Claim_3974,Claim_7911,contradicts
7974,118,Claim_4654,Claim_5126,contradicts
7975,331,Claim_2165,Claim_9706,supports
7976,446,Claim_2640,Claim_7467,requires
7977,539,Claim_1201,Claim_9989,extends
7978,308,Claim_460,Claim_9111,requires
7979,819,Claim_3503,Claim_8303,supports
7980,951,Claim_885,Claim_9327,requires
7981,894,Claim_471,Claim_5110,requires
7982,276,Claim_4541,Claim_9975,supports
7983,14,Claim_3405,Claim_5749,supports
7984,157,Claim_265,Claim_6554,supports
7985,383,Claim_3029,Claim_8539,requires
7986,473,Claim_2597,Claim_6521,supports
7987,901,Claim_3366,Claim_6601,contradicts
7988,635,Claim_1289,Claim_7103,contradicts
7989,309,Claim_2912,Claim_5237,requires
7990,445,Claim_2648,Claim_7512,requires
7991,541,Claim_4196,Claim_9731,supports
7992,817,Claim_2594,Claim_8043,extends
7993,638,Claim_4386,Claim_9792,requires
7994,503,Claim_2971,Claim_5963,contradicts
7995,137,Claim_2615,Claim_9098,supports
7996,510,Claim_2423,Claim_6189,extends
7997,117,Claim_1323,Claim_5011,extends
7998,800,Claim_3843,Claim_6749,requires
7999,13,Claim_91,Claim_5870,contradicts
8000,330,Claim_1529,Claim_6983,extends
8001,251,Claim_1074,Claim_5895,contradicts
8002,137,Claim_278,Claim_7164,supports
8003,500,Claim_4820,Claim_6739,contradicts
8004,225,Claim_4187,Claim_7390,extends
8005,16,Claim_3961,Claim_5580,contradicts
8006,421,Claim_3532,Claim_5096,supports
8007,250,Claim_2707,Claim_5902,contradicts
8008,612,Claim_417,Claim_6707,extends
8009,946,Claim_1906,Claim_5796,extends
8010,583,Claim_1599,Claim_8124,supports
8011,930,Claim_2915,Claim_8877,extends
8012,749,Claim_432,Claim_8692,extends
8013,91,Claim_583,Claim_7960,requires
8014,502,Claim_3380,Claim_6435,extends
8015,515,Claim_3502,Claim_7941,extends
8016,415,Claim_1920,Claim_5215,supports
8017,725,Claim_3086,Claim_5636,supports
8018,194,Claim_282,Claim_6763,requires
8019,831,Claim_4758,Claim_7249,extends
8020,408,Claim_1730,Claim_7316,supports
8021,750,Claim_2903,Claim_7416,requires
8022,367,Claim_3052,Claim_5596,contradicts
8023,859,Claim_3294,Claim_9261,extends
8024,960,Claim_1283,Claim_6536,supports
8025,720,Claim_4485,Claim_5549,extends
8026,520,Claim_57,Claim_9986,supports
8027,829,Claim_4617,Claim_5693,requires
8028,482,Claim_236,Claim_5657,extends
8029,858,Claim_3994,Claim_8794,supports
8030,468,Claim_4840,Claim_7753,requires
8031,509,Claim_4250,Claim_7700,requires
8032,837,Claim_3251,Claim_8579,supports
8033,159,Claim_658,Claim_8691,requires
8034,732,Claim_2318,Claim_7116,contradicts
8035,111,Claim_2831,Claim_8094,contradicts
8036,461,Claim_2343,Claim_6756,requires
8037,914,Claim_2752,Claim_9916,extends
8038,301,Claim_4366,Claim_5612,extends
8039,149,Claim_4413,Claim_5954,supports
8040,803,Claim_777,Claim_6483,contradicts
8041,361,Claim_4113,Claim_7235,contradicts
8042,325,Claim_3666,Claim_6551,contradicts
8043,171,Claim_3200,Claim_7160,supports
8044,822,Claim_3664,Claim_5886,contradicts
8045,872,Claim_4678,Claim_5687,extends
8046,111,Claim_341,Claim_7169,requires
8047,945,Claim_3045,Claim_6173,requires
8048,319,Claim_454,Claim_7149,contradicts
8049,443,Claim_2060,Claim_7630,contradicts
8050,814,Claim_1729,Claim_5551,extends
8051,589,Claim_461,Claim_6949,extends
8052,433,Claim_2615,Claim_5813,extends
8053,775,Claim_4808,Claim_7092,requires
8054,190,Claim_4694,Claim_9770,extends
8055,416,Claim_1836,Claim_6599,requires
8056,34,Claim_275,Claim_9908,contradicts
8057,125,Claim_569,Claim_6789,supports
8058,696,Claim_1512,Claim_6193,extends
8059,451,Claim_3549,Claim_5810,contradicts
8060,567,Claim_2085,Claim_6240,contradicts
8061,715,Claim_692,Claim_5714,requires
8062,710,Claim_2425,Claim_6485,extends
8063,245,Claim_984,Claim_9591,contradicts
8064,520,Claim_1769,Claim_5718,extends
8065,176,Claim_3954,Claim_7873,requires
8066,27,Claim_1637,Claim_7387,supports
8067,638,Claim_3625,Claim_5961,supports
8068,275,Claim_4382,Claim_8027,contradicts
8069,235,Claim_3293,Claim_6190,requires
8070,979,Claim_2185,Claim_9265,supports
8071,575,Claim_3806,Claim_6553,supports
8072,491,Claim_4535,Claim_7575,extends
8073,607,Claim_3925,Claim_8540,contradicts
8074,167,Claim_4165,Claim_7074,requires
8075,564,Claim_2599,Claim_6018,extends
8076,413,Claim_539,Claim_8994,contradicts
8077,703,Claim_4423,Claim_8267,extends
8078,462,Claim_2322,Claim_6317,supports
8079,850,Claim_435,Claim_6840,supports
8080,402,Claim_996,Claim_5340,extends
8081,525,Claim_672,Claim_5888,supports
8082,969,Claim_832,Claim_9014,supports
8083,308,Claim_168,Claim_7374,requires
8084,558,Claim_3846,Claim_6886,requires
8085,307,Claim_4182,Claim_5404,contradicts
8086,139,Claim_967,Claim_8793,supports
8087,132,Claim_381,Claim_9093,extends
8088,579,Claim_3958,Claim_5461,supports
8089,427,Claim_1864,Claim_6021,requires
8090,133,Claim_4743,Claim_7585,supports
8091,941,Claim_425,Claim_8699,requires
8092,115,Claim_4767,Claim_8241,requires
8093,445,Claim_4016,Claim_7099,supports
8094,703,Claim_3297,Claim_8152,supports
8095,415,Claim_2184,Claim_9491,contradicts
8096,895,Claim_4501,Claim_9290,contradicts
8097,806,Claim_2557,Claim_7178,extends
8098,294,Claim_2796,Claim_5478,contradicts
8099,751,Claim_4155,Claim_9188,requires
8100,299,Claim_2901,Claim_6820,requires
8101,573,Claim_2400,Claim_7591,supports
8102,177,Claim_3416,Claim_7703,extends
8103,506,Claim_3405,Claim_8454,requires
8104,964,Claim_1945,Claim_5890,contradicts
8105,378,Claim_1409,Claim_7589,contradicts
8106,95,Claim_3819,Claim_9417,extends
8107,932,Claim_1496,Claim_5726,supports
8108,155,Claim_3112,Claim_9415,supports
8109,567,Claim_3379,Claim_9239,contradicts
8110,25,Claim_3202,Claim_6758,contradicts
8111,334,Claim_4320,Claim_7793,requires
8112,765,Claim_4833,Claim_9028,requires
8113,65,Claim_11,Claim_7367,contradicts
8114,669,Claim_3085,Claim_9136,extends
8115,445,Claim_1936,Claim_7480,extends
8116,837,Claim_2490,Claim_6498,extends
8117,369,Claim_1514,Claim_9346,requires
8118,12,Claim_135,Claim_7719,extends
8119,358,Claim_673,Claim_6718,requires
8120,187,Claim_3901,Claim_6442,contradicts
8121,547,Claim_3302,Claim_5962,extends
8122,101,Claim_534,Claim_7106,supports
8123,727,Claim_4495,Claim_7239,requires
8124,265,Claim_1270,Claim_8383,supports
8125,356,Claim_2553,Claim_8832,supports
8126,822,Claim_1396,Claim_5562,requires
8127,962,Claim_1029,Claim_8869,contradicts
8128,466,Claim_1570,Claim_6976,extends
8129,34,Claim_201,Claim_8441,supports
8130,116,Claim_1829,Claim_8562,contradicts
8131,957,Claim_1274,Claim_8847,contradicts
8132,830,Claim_4421,Claim_5081,extends
8133,886,Claim_1591,Claim_6893,contradicts
8134,164,Claim_1966,Claim_7614,contradicts
8135,698,Claim_3062,Claim_9895,requires
8136,242,Claim_4576,Claim_6758,contradicts
8137,401,Claim_511,Claim_8690,contradicts
8138,598,Claim_580,Claim_8221,supports
8139,325,Claim_2678,Claim_7649,requires
8140,105,Claim_1586,Claim_9985,requires
8141,771,Claim_421,Claim_7547,requires
8142,662,Claim_2649,Claim_5954,supports
8143,298,Claim_1513,Claim_7202,extends
8144,329,Claim_4559,Claim_7129,requires
8145,384,Claim_4243,Claim_9853,extends
8146,205,Claim_2001,Claim_7776,requires
8147,95,Claim_3669,Claim_8546,contradicts
8148,197,Claim_4160,Claim_7221,contradicts
8149,23,Claim_4287,Claim_7213,requires
8150,476,Claim_1210,Claim_8841,requires
8151,158,Claim_4188,Claim_5199,extends
8152,510,Claim_3745,Claim_5603,contradicts
8153,1,Claim_200,Claim_7335,requires
8154,946,Claim_2102,Claim_5431,requires
8155,616,Claim_4439,Claim_5821,requires
8156,242,Claim_3540,Claim_5901,contradicts
8157,461,Claim_2815,Claim_6220,contradicts
8158,908,Claim_2978,Claim_6322,supports
8159,400,Claim_2396,Claim_6351,supports
8160,710,Claim_765,Claim_5909,supports
8161,538,Claim_1384,Claim_9951,contradicts
8162,259,Claim_4604,Claim_7611,extends
8163,86,Claim_670,Claim_6124,supports
8164,986,Claim_2988,Claim_9724,contradicts
8165,806,Claim_3463,Claim_7016,extends
8166,254,Claim_4605,Claim_5879,requires
8167,992,Claim_4664,Claim_9385,contradicts
8168,152,Claim_3587,Claim_8442,supports
8169,104,Claim_3826,Claim_8828,supports
8170,909,Claim_3076,Claim_5425,contradicts
8171,960,Claim_1876,Claim_6611,requires
8172,63,Claim_1012,Claim_9911,extends
8173,389,Claim_1863,Claim_9942,requires
8174,753,Claim_2779,Claim_5515,contradicts
8175,656,Claim_1775,Claim_8343,contradicts
8176,441,Claim_1507,Claim_9657,requires
8177,731,Claim_4686,Claim_5456,contradicts
8178,320,Claim_2791,Claim_6476,supports
8179,604,Claim_330,Claim_9774,extends
8180,406,Claim_3885,Claim_6019,extends
8181,988,Claim_2614,Claim_9400,contradicts
8182,12,Claim_2418,Claim_9050,requires
8183,830,Claim_478,Claim_9156,extends
8184,831,Claim_222,Claim_8587,extends
8185,338,Claim_2287,Claim_8444,supports
8186,16,Claim_3997,Claim_9762,requires
8187,723,Claim_2083,Claim_5487,requires
8188,808,Claim_3581,Claim_9228,contradicts
8189,777,Claim_3130,Claim_7210,contradicts
8190,857,Claim_4869,Claim_6246,contradicts
8191,814,Claim_2784,Claim_9724,extends
8192,253,Claim_2076,Claim_9362,requires
8193,582,Claim_2615,Claim_7526,requires
8194,560,Claim_495,Claim_5042,extends
8195,182,Claim_122,Claim_8632,requires
8196,282,Claim_3196,Claim_7975,extends
8197,71,Claim_4078,Claim_8063,contradicts
8198,580,Claim_3432,Claim_6091,requires
8199,271,Claim_1046,Claim_6771,extends
8200,308,Claim_1001,Claim_6253,extends
8201,295,Claim_1952,Claim_8856,supports
8202,247,Claim_3779,Claim_7791,extends
8203,402,Claim_3415,Claim_9200,contradicts
8204,490,Claim_2919,Claim_6869,supports
8205,392,Claim_4988,Claim_5850,extends
8206,637,Claim_2154,Claim_8112,extends
8207,241,Claim_1045,Claim_8968,requires
8208,407,Claim_723,Claim_8083,extends
8209,638,Claim_4112,Claim_7303,supports
8210,806,Claim_987,Claim_8757,extends
8211,792,Claim_1219,Claim_7771,supports
8212,179,Claim_2663,Claim_8940,contradicts
8213,531,Claim_969,Claim_7862,extends
8214,184,Claim_2521,Claim_8547,supports
8215,653,Claim_3089,Claim_6859,supports
8216,641,Claim_4296,Claim_5047,contradicts
8217,360,Claim_2227,Claim_6409,supports
8218,793,Claim_3208,Claim_5019,extends
8219,625,Claim_3235,Claim_5436,supports
8220,723,Claim_3978,Claim_9487,contradicts
8221,591,Claim_1758,Claim_7775,supports
8222,411,Claim_803,Claim_8991,requires
8223,186,Claim_1679,Claim_9186,extends
8224,33,Claim_3736,Claim_7879,supports
8225,116,Claim_1964,Claim_7458,requires
8226,348,Claim_3693,Claim_9843,requires
8227,724,Claim_4563,Claim_5922,supports
8228,250,Claim_1527,Claim_5497,extends
8229,168,Claim_2123,Claim_5025,supports
8230,499,Claim_1822,Claim_6313,supports
8231,327,Claim_2640,Claim_7526,extends
8232,962,Claim_529,Claim_6169,contradicts
8233,650,Claim_3344,Claim_9002,contradicts
8234,10,Claim_35,Claim_7365,supports
8235,308,Claim_2000,Claim_8675,supports
8236,889,Claim_2333,Claim_5574,supports
8237,598,Claim_3068,Claim_9332,requires
8238,736,Claim_1837,Claim_8436,supports
8239,899,Claim_3377,Claim_6902,contradicts
8240,41,Claim_3041,Claim_5652,extends
8241,38,Claim_379,Claim_7863,requires
8242,191,Claim_1909,Claim_9632,contradicts
8243,211,Claim_1534,Claim_8705,supports
8244,520,Claim_1397,Claim_6858,extends
8245,839,Claim_1011,Claim_8351,requires
8246,122,Claim_3430,Claim_6123,requires
8247,1000,Claim_4510,Claim_5537,requires
8248,794,Claim_2731,Claim_7522,supports
8249,295,Claim_2415,Claim_6060,extends
8250,225,Claim_2819,Claim_6275,supports
8251,323,Claim_3322,Claim_5401,extends
8252,223,Claim_1377,Claim_7466,requires
8253,314,Claim_3248,Claim_9317,requires
8254,994,Claim_4651,Claim_6087,requires
8255,88,Claim_4513,Claim_7869,contradicts
8256,755,Claim_585,Claim_6884,requires
8257,56,Claim_1710,Claim_7880,requires
8258,910,Claim_4911,Claim_8745,supports
8259,573,Claim_4049,Claim_9147,contradicts
8260,103,Claim_3752,Claim_9195,requires
8261,916,Claim_3861,Claim_6834,extends
8262,446,Claim_4884,Claim_6804,contradicts
8263,756,Claim_4874,Claim_9804,contradicts
8264,830,Claim_4029,Claim_6517,supports
8265,135,Claim_421,Claim_6688,contradicts
8266,168,Claim_994,Claim_5507,contradicts
8267,554,Claim_789,Claim_5972,contradicts
8268,955,Claim_3420,Claim_9333,supports
8269,249,Claim_4374,Claim_9813,extends
8270,250,Claim_602,Claim_6734,requires
8271,204,Claim_2368,Claim_9709,extends
8272,221,Claim_2651,Claim_6101,contradicts
8273,622,Claim_1613,Claim_8995,supports
8274,46,Claim_2284,Claim_5815,requires
8275,408,Claim_1528,Claim_9554,contradicts
8276,858,Claim_862,Claim_5053,extends
8277,666,Claim_56,Claim_5579,requires
8278,281,Claim_343,Claim_7190,supports
8279,234,Claim_3836,Claim_8279,extends
8280,119,Claim_906,Claim_9328,supports
8281,448,Claim_304,Claim_7266,extends
8282,863,Claim_4127,Claim_9818,supports
8283,111,Claim_2491,Claim_9199,extends
8284,72,Claim_4985,Claim_9723,supports
8285,174,Claim_1,Claim_8079,extends
8286,833,Claim_2079,Claim_7354,supports
8287,541,Claim_2587,Claim_5172,supports
8288,685,Claim_3414,Claim_8438,contradicts
8289,686,Claim_648,Claim_7785,supports
8290,620,Claim_3015,Claim_9051,contradicts
8291,396,Claim_4317,Claim_5711,supports
8292,663,Claim_1874,Claim_7071,extends
8293,79,Claim_2771,Claim_6827,extends
8294,616,Claim_1821,Claim_5769,contradicts
8295,599,Claim_1904,Claim_9953,extends
8296,917,Claim_4238,Claim_6268,extends
8297,213,Claim_3007,Claim_9995,requires
8298,249,Claim_2272,Claim_8919,extends
8299,792,Claim_3516,Claim_6363,contradicts
8300,858,Claim_3643,Claim_5854,extends
8301,586,Claim_775,Claim_8446,contradicts
8302,914,Claim_1364,Claim_8636,requires
8303,878,Claim_1632,Claim_5045,requires
8304,719,Claim_1108,Claim_7065,supports
8305,240,Claim_3245,Claim_7350,supports
8306,13,Claim_1353,Claim_7909,contradicts
8307,10,Claim_3535,Claim_7205,requires
8308,686,Claim_3714,Claim_8461,contradicts
8309,969,Claim_530,Claim_9031,extends
8310,496,Claim_4090,Claim_7568,extends
8311,161,Claim_4736,Claim_5926,extends
8312,209,Claim_3142,Claim_7659,contradicts
8313,446,Claim_2398,Claim_7118,supports
8314,267,Claim_4806,Claim_6607,supports
8315,32,Claim_593,Claim_8016,supports
8316,224,Claim_4590,Claim_6495,contradicts
8317,972,Claim_103,Claim_6950,supports
8318,599,Claim_1345,Claim_6132,extends
8319,801,Claim_2535,Claim_6650,requires
8320,279,Claim_2463,Claim_8027,requires
8321,435,Claim_1642,Claim_5192,supports
8322,388,Claim_3494,Claim_9677,contradicts
8323,563,Claim_435,Claim_7351,contradicts
8324,20,Claim_3206,Claim_8331,contradicts
8325,319,Claim_3343,Claim_8022,supports
8326,340,Claim_3794,Claim_5771,requires
8327,679,Claim_4732,Claim_6247,extends
8328,52,Claim_104,Claim_6124,extends
8329,963,Claim_2276,Claim_9736,extends
8330,934,Claim_4394,Claim_7186,contradicts
8331,340,Claim_2687,Claim_5339,requires
8332,318,Claim_1405,Claim_9220,extends
8333,893,Claim_4464,Claim_5166,extends
8334,729,Claim_3997,Claim_9756,contradicts
8335,275,Claim_247,Claim_5429,supports
8336,67,Claim_31,Claim_7695,requires
8337,544,Claim_4728,Claim_8963,requires
8338,612,Claim_413,Claim_6837,requires
8339,851,Claim_2109,Claim_9991,requires
8340,312,Claim_2470,Claim_6101,extends
8341,856,Claim_943,Claim_8300,requires
8342,851,Claim_4288,Claim_9972,extends
8343,712,Claim_4097,Claim_8543,requires
8344,598,Claim_3718,Claim_9758,extends
8345,862,Claim_2404,Claim_9097,contradicts
8346,635,Claim_3543,Claim_6538,contradicts
8347,486,Claim_1026,Claim_6054,extends
8348,743,Claim_696,Claim_7588,extends
8349,793,Claim_3299,Claim_5274,contradicts
8350,705,Claim_3750,Claim_9863,contradicts
8351,561,Claim_564,Claim_7565,requires
8352,327,Claim_4343,Claim_5980,supports
8353,37,Claim_634,Claim_8023,contradicts
8354,316,Claim_3764,Claim_7948,supports
8355,184,Claim_2140,Claim_8042,requires
8356,241,Claim_3906,Claim_9671,contradicts
8357,524,Claim_311,Claim_5468,extends
8358,822,Claim_34,Claim_6825,extends
8359,876,Claim_4248,Claim_9049,supports
8360,453,Claim_4280,Claim_9735,requires
8361,732,Claim_556,Claim_8922,extends
8362,817,Claim_1229,Claim_6091,contradicts
8363,682,Claim_476,Claim_9901,supports
8364,806,Claim_3018,Claim_7956,requires
8365,235,Claim_1301,Claim_6457,extends
8366,189,Claim_1987,Claim_6106,requires
8367,906,Claim_303,Claim_5739,requires
8368,924,Claim_2941,Claim_7345,extends
8369,403,Claim_4349,Claim_9265,extends
8370,172,Claim_495,Claim_9707,supports
8371,140,Claim_2233,Claim_6222,extends
8372,319,Claim_4525,Claim_6544,supports
8373,737,Claim_3426,Claim_5645,contradicts
8374,789,Claim_2719,Claim_8322,requires
8375,148,Claim_3592,Claim_9187,contradicts
8376,492,Claim_1613,Claim_5190,extends
8377,725,Claim_1721,Claim_9849,contradicts
8378,571,Claim_2387,Claim_8933,requires
8379,82,Claim_2201,Claim_8228,requires
8380,240,Claim_1687,Claim_9826,supports
8381,638,Claim_1261,Claim_6001,extends
8382,766,Claim_3625,Claim_5326,supports
8383,535,Claim_1740,Claim_6281,requires
8384,269,Claim_92,Claim_6587,supports
8385,448,Claim_4836,Claim_7368,requires
8386,818,Claim_2197,Claim_6981,contradicts
8387,88,Claim_4409,Claim_9348,supports
8388,983,Claim_2953,Claim_8660,requires
8389,853,Claim_3041,Claim_5681,contradicts
8390,925,Claim_499,Claim_6166,supports
8391,524,Claim_3288,Claim_7136,contradicts
8392,623,Claim_4589,Claim_6138,supports
8393,589,Claim_2481,Claim_5959,contradicts
8394,87,Claim_3894,Claim_8345,extends
8395,524,Claim_3347,Claim_5725,supports
8396,562,Claim_2868,Claim_7467,supports
8397,646,Claim_1827,Claim_5505,extends
8398,147,Claim_2939,Claim_6819,contradicts
8399,331,Claim_2704,Claim_9834,contradicts
8400,201,Claim_4895,Claim_8679,extends
8401,12,Claim_2659,Claim_8391,supports
8402,4,Claim_3422,Claim_7408,extends
8403,3,Claim_4967,Claim_6422,extends
8404,869,Claim_2969,Claim_9652,requires
8405,829,Claim_2022,Claim_8397,requires
8406,822,Claim_388,Claim_8652,supports
8407,44,Claim_3188,Claim_5181,supports
8408,762,Claim_700,Claim_6906,supports
8409,230,Claim_1113,Claim_6329,extends
8410,683,Claim_1307,Claim_7047,contradicts
8411,727,Claim_2497,Claim_6834,extends
8412,705,Claim_4047,Claim_7126,contradicts
8413,213,Claim_3521,Claim_7745,requires
8414,39,Claim_1127,Claim_8197,requires
8415,722,Claim_2555,Claim_5818,extends
8416,83,Claim_3240,Claim_6807,extends
8417,257,Claim_2575,Claim_9783,requires
8418,942,Claim_1529,Claim_6374,extends
8419,935,Claim_3996,Claim_6173,contradicts
8420,707,Claim_4403,Claim_7152,extends
8421,586,Claim_3504,Claim_5405,requires
8422,715,Claim_445,Claim_8758,extends
8423,595,Claim_650,Claim_5034,contradicts
8424,975,Claim_784,Claim_7894,supports
8425,760,Claim_3767,Claim_5572,supports
8426,960,Claim_4349,Claim_5635,requires
8427,776,Claim_3035,Claim_6639,contradicts
8428,589,Claim_4365,Claim_7967,supports
8429,793,Claim_2992,Claim_6648,extends
8430,64,Claim_1398,Claim_9575,extends
8431,670,Claim_3049,Claim_6947,contradicts
8432,155,Claim_2254,Claim_9945,contradicts
8433,10,Claim_656,Claim_7616,extends
8434,734,Claim_4362,Claim_5120,supports
8435,745,Claim_3415,Claim_7155,requires
8436,126,Claim_2570,Claim_8661,requires
8437,814,Claim_4826,Claim_9768,extends
8438,927,Claim_1516,Claim_7197,requires
8439,726,Claim_3279,Claim_7179,extends
8440,973,Claim_4287,Claim_9828,requires
8441,206,Claim_4327,Claim_9609,requires
8442,522,Claim_89,Claim_5847,extends
8443,728,Claim_3452,Claim_8090,extends
8444,852,Claim_444,Claim_5278,contradicts
8445,319,Claim_3655,Claim_8300,contradicts
8446,992,Claim_1383,Claim_7359,contradicts
8447,315,Claim_1163,Claim_9607,extends
8448,861,Claim_4425,Claim_5741,extends
8449,159,Claim_2764,Claim_7978,supports
8450,842,Claim_1297,Claim_8076,requires
8451,810,Claim_4867,Claim_5538,requires
8452,664,Claim_4397,Claim_6491,requires
8453,161,Claim_4962,Claim_8757,extends
8454,116,Claim_1960,Claim_8554,supports
8455,571,Claim_3229,Claim_8507,supports
8456,173,Claim_1058,Claim_9802,requires
8457,235,Claim_608,Claim_8363,contradicts
8458,866,Claim_394,Claim_5960,extends
8459,282,Claim_489,Claim_7424,supports
8460,768,Claim_1712,Claim_7557,supports
8461,909,Claim_3933,Claim_8422,supports
8462,681,Claim_3999,Claim_5936,extends
8463,940,Claim_4096,Claim_8911,requires
8464,864,Claim_1775,Claim_9258,requires
8465,305,Claim_181,Claim_7145,requires
8466,842,Claim_251,Claim_7226,extends
8467,45,Claim_4454,Claim_8472,requires
8468,739,Claim_2434,Claim_9044,requires
8469,194,Claim_2981,Claim_9863,contradicts
8470,256,Claim_113,Claim_5623,extends
8471,133,Claim_3176,Claim_9952,contradicts
8472,121,Claim_2658,Claim_6999,contradicts
8473,258,Claim_1624,Claim_5998,requires
8474,830,Claim_105,Claim_7841,supports
8475,636,Claim_4503,Claim_6329,extends
8476,67,Claim_3332,Claim_6137,contradicts
8477,931,Claim_1819,Claim_6422,extends
8478,282,Claim_72,Claim_9265,contradicts
8479,650,Claim_135,Claim_9080,contradicts
8480,588,Claim_1631,Claim_9349,extends
8481,272,Claim_656,Claim_8335,extends
8482,902,Claim_1987,Claim_6193,contradicts
8483,663,Claim_1089,Claim_9177,requires
8484,283,Claim_2526,Claim_5211,extends
8485,584,Claim_921,Claim_6612,extends
8486,140,Claim_1244,Claim_8921,requires
8487,878,Claim_168,Claim_6696,extends
8488,815,Claim_1009,Claim_9610,supports
8489,949,Claim_3365,Claim_7678,supports
8490,398,Claim_2114,Claim_6748,contradicts
8491,809,Claim_2718,Claim_5517,extends
8492,629,Claim_4767,Claim_9154,requires
8493,414,Claim_1934,Claim_5922,supports
8494,331,Claim_4166,Claim_7005,supports
8495,629,Claim_3699,Claim_8201,supports
8496,805,Claim_2427,Claim_8078,extends
8497,857,Claim_2589,Claim_5190,requires
8498,486,Claim_1906,Claim_5896,contradicts
8499,910,Claim_1933,Claim_8833,requires
8500,371,Claim_1966,Claim_6787,contradicts
8501,610,Claim_2112,Claim_5365,contradicts
8502,938,Claim_1999,Claim_6584,extends
8503,661,Claim_2178,Claim_7030,extends
8504,872,Claim_2683,Claim_5157,requires
8505,590,Claim_4311,Claim_7378,contradicts
8506,250,Claim_1787,Claim_9240,supports
8507,165,Claim_2654,Claim_7178,requires
8508,766,Claim_733,Claim_6443,requires
8509,999,Claim_4454,Claim_5040,requires
8510,387,Claim_2058,Claim_7534,contradicts
8511,658,Claim_3332,Claim_8956,requires
8512,528,Claim_4896,Claim_6399,requires
8513,767,Claim_4099,Claim_7923,contradicts
8514,113,Claim_1208,Claim_8935,supports
8515,758,Claim_781,Claim_5846,extends
8516,432,Claim_459,Claim_8240,extends
8517,819,Claim_4070,Claim_5099,contradicts
8518,345,Claim_2522,Claim_7927,requires
8519,728,Claim_2760,Claim_5852,contradicts
8520,280,Claim_732,Claim_7280,extends
8521,944,Claim_1808,Claim_9409,requires
8522,78,Claim_2507,Claim_7581,supports
8523,623,Claim_2498,Claim_6024,extends
8524,654,Claim_4547,Claim_6394,extends
8525,820,Claim_2908,Claim_9217,supports
8526,274,Claim_277,Claim_5695,supports
8527,999,Claim_894,Claim_5995,supports
8528,353,Claim_285,Claim_7480,contradicts
8529,751,Claim_1399,Claim_9447,supports
8530,430,Claim_2499,Claim_7599,supports
8531,665,Claim_4324,Claim_5894,supports
8532,649,Claim_3252,Claim_6856,contradicts
8533,366,Claim_828,Claim_9743,requires
8534,801,Claim_1174,Claim_8268,extends
8535,299,Claim_2235,Claim_7927,contradicts
8536,427,Claim_3048,Claim_9520,extends
8537,298,Claim_4048,Claim_8422,extends
8538,707,Claim_2591,Claim_9379,contradicts
8539,366,Claim_4827,Claim_9087,extends
8540,153,Claim_393,Claim_8036,supports
8541,124,Claim_704,Claim_8142,supports
8542,23,Claim_1147,Claim_8506,contradicts
8543,691,Claim_4792,Claim_8575,requires
8544,470,Claim_4049,Claim_8548,supports
8545,599,Claim_1449,Claim_5391,extends
8546,593,Claim_3818,Claim_8292,extends
8547,451,Claim_3657,Claim_7797,contradicts
8548,853,Claim_2960,Claim_8628,contradicts
8549,741,Claim_1903,Claim_5850,extends
8550,872,Claim_3138,Claim_8130,requires
8551,901,Claim_755,Claim_5751,requires
8552,169,Claim_2935,Claim_6662,contradicts
8553,184,Claim_1108,Claim_9971,extends
8554,996,Claim_4578,Claim_8259,extends
8555,884,Claim_4706,Claim_5667,requires
8556,653,Claim_4792,Claim_6647,requires
8557,349,Claim_4968,Claim_7046,requires
8558,650,Claim_1075,Claim_8918,contradicts
8559,989,Claim_810,Claim_6775,supports
8560,799,Claim_2680,Claim_9261,requires
8561,147,Claim_191,Claim_8865,supports
8562,999,Claim_1684,Claim_9296,contradicts
8563,488,Claim_3817,Claim_9538,contradicts
8564,307,Claim_425,Claim_8638,contradicts
8565,931,Claim_2832,Claim_7017,extends
8566,281,Claim_695,Claim_5846,extends
8567,973,Claim_1789,Claim_8343,contradicts
8568,843,Claim_3331,Claim_6484,contradicts
8569,51,Claim_3075,Claim_9698,requires
8570,468,Claim_1276,Claim_5051,requires
8571,979,Claim_2177,Claim_8774,contradicts
8572,6,Claim_2790,Claim_8036,supports
8573,230,Claim_3898,Claim_7586,supports
8574,128,Claim_3354,Claim_5001,contradicts
8575,374,Claim_4009,Claim_5356,contradicts
8576,872,Claim_3936,Claim_9165,requires
8577,685,Claim_517,Claim_6087,extends
8578,492,Claim_1445,Claim_9554,requires
8579,725,Claim_1944,Claim_7963,requires
8580,411,Claim_4249,Claim_7931,requires
8581,260,Claim_1242,Claim_8386,contradicts
8582,218,Claim_4749,Claim_9843,supports
8583,635,Claim_2562,Claim_7326,requires
8584,84,Claim_4069,Claim_8593,contradicts
8585,901,Claim_789,Claim_8463,requires
8586,500,Claim_2317,Claim_7276,requires
8587,122,Claim_2755,Claim_5845,requires
8588,15,Claim_143,Claim_9560,supports
8589,261,Claim_2328,Claim_6669,contradicts
8590,755,Claim_4389,Claim_6869,contradicts
8591,738,Claim_869,Claim_5016,supports
8592,427,Claim_3860,Claim_5274,requires
8593,643,Claim_3537,Claim_5201,extends
8594,925,Claim_2174,Claim_8001,extends
8595,20,Claim_259,Claim_8753,extends
8596,288,Claim_719,Claim_7947,extends
8597,492,Claim_2264,Claim_6261,supports
8598,145,Claim_4403,Claim_5995,extends
8599,206,Claim_485,Claim_9990,contradicts
8600,247,Claim_4307,Claim_5449,supports
8601,773,Claim_4495,Claim_5450,requires
8602,896,Claim_2882,Claim_6548,requires
8603,997,Claim_2436,Claim_5876,extends
8604,743,Claim_3423,Claim_5146,supports
8605,951,Claim_1323,Claim_8471,requires
8606,273,Claim_2806,Claim_9203,requires
8607,76,Claim_4278,Claim_9668,contradicts
8608,134,Claim_242,Claim_8138,extends
8609,885,Claim_2412,Claim_9392,requires
8610,515,Claim_1064,Claim_5254,extends
8611,769,Claim_4598,Claim_6174,contradicts
8612,1000,Claim_1598,Claim_8519,contradicts
8613,815,Claim_2605,Claim_6224,extends
8614,23,Claim_2570,Claim_6552,contradicts
8615,867,Claim_4291,Claim_5510,extends
8616,9,Claim_1426,Claim_7891,supports
8617,353,Claim_3818,Claim_5947,requires
8618,849,Claim_515,Claim_9935,contradicts
8619,732,Claim_2439,Claim_8360,requires
8620,156,Claim_1554,Claim_9895,supports
8621,780,Claim_2366,Claim_7490,supports
8622,560,Claim_3008,Claim_5306,requires
8623,72,Claim_635,Claim_6700,extends
8624,860,Claim_2825,Claim_5547,contradicts
8625,447,Claim_2022,Claim_7957,contradicts
8626,473,Claim_3275,Claim_8012,contradicts
8627,550,Claim_4542,Claim_7645,contradicts
8628,790,Claim_3753,Claim_8352,extends
8629,2,Claim_3487,Claim_9648,extends
8630,724,Claim_2325,Claim_9181,requires
8631,957,Claim_3969,Claim_6737,requires
8632,18,Claim_1516,Claim_5890,requires
8633,402,Claim_989,Claim_8920,contradicts
8634,206,Claim_1135,Claim_8449,contradicts
8635,738,Claim_686,Claim_8938,extends
8636,820,Claim_1518,Claim_7950,contradicts
8637,123,Claim_2399,Claim_7864,contradicts
8638,23,Claim_1018,Claim_9446,extends
8639,600,Claim_4794,Claim_9672,supports
8640,627,Claim_761,Claim_5082,supports
8641,58,Claim_1398,Claim_8101,extends
8642,891,Claim_4775,Claim_5324,supports
8643,684,Claim_837,Claim_9931,supports
8644,459,Claim_1909,Claim_9649,contradicts
8645,575,Claim_4562,Claim_7025,contradicts
8646,1,Claim_1741,Claim_9922,supports
8647,434,Claim_8,Claim_8708,requires
8648,856,Claim_538,Claim_9368,requires
8649,181,Claim_4874,Claim_8984,supports
8650,195,Claim_2129,Claim_7576,supports
8651,693,Claim_3052,Claim_9467,extends
8652,682,Claim_356,Claim_6405,contradicts
8653,259,Claim_3276,Claim_9830,contradicts
8654,644,Claim_1700,Claim_8860,contradicts
8655,185,Claim_1220,Claim_7658,requires
8656,504,Claim_4863,Claim_9183,extends
8657,10,Claim_2534,Claim_6074,supports
8658,282,Claim_2632,Claim_6679,extends
8659,951,Claim_1614,Claim_6966,extends
8660,93,Claim_1771,Claim_5299,supports
8661,865,Claim_4864,Claim_6790,requires
8662,913,Claim_4210,Claim_6332,extends
8663,407,Claim_3820,Claim_6418,extends
8664,352,Claim_3442,Claim_5823,supports
8665,612,Claim_2358,Claim_6573,requires
8666,101,Claim_2317,Claim_9020,contradicts
8667,398,Claim_1130,Claim_9805,requires
8668,572,Claim_4450,Claim_6227,extends
8669,366,Claim_2779,Claim_6716,supports
8670,948,Claim_4357,Claim_7107,contradicts
8671,895,Claim_2523,Claim_8198,supports
8672,307,Claim_4216,Claim_9306,extends
8673,344,Claim_3211,Claim_6633,contradicts
8674,501,Claim_809,Claim_8528,supports
8675,109,Claim_3868,Claim_8750,supports
8676,60,Claim_4466,Claim_8539,requires
8677,376,Claim_2133,Claim_5325,requires
8678,371,Claim_220,Claim_5424,extends
8679,203,Claim_3031,Claim_8300,contradicts
8680,800,Claim_683,Claim_7448,supports
8681,483,Claim_3716,Claim_5901,contradicts
8682,877,Claim_1174,Claim_5667,supports
8683,326,Claim_2519,Claim_7007,contradicts
8684,762,Claim_704,Claim_6567,requires
8685,103,Claim_4154,Claim_6916,contradicts
8686,913,Claim_4843,Claim_9023,extends
8687,807,Claim_1258,Claim_5836,supports
8688,736,Claim_4480,Claim_5348,requires
8689,457,Claim_4439,Claim_8044,contradicts
8690,625,Claim_4907,Claim_5702,extends
8691,527,Claim_4826,Claim_6221,supports
8692,800,Claim_3786,Claim_8553,requires
8693,818,Claim_476,Claim_6862,extends
8694,268,Claim_4023,Claim_9304,requires
8695,153,Claim_3355,Claim_7249,requires
8696,805,Claim_688,Claim_8246,supports
8697,340,Claim_428,Claim_5547,requires
8698,23,Claim_2765,Claim_5106,extends
8699,335,Claim_281,Claim_5108,requires
8700,548,Claim_3327,Claim_5561,supports
8701,715,Claim_2090,Claim_5178,requires
8702,442,Claim_3702,Claim_5167,extends
8703,309,Claim_3808,Claim_5169,supports
8704,519,Claim_1075,Claim_8240,extends
8705,495,Claim_2459,Claim_8358,contradicts
8706,385,Claim_1243,Claim_6113,contradicts
8707,45,Claim_3668,Claim_7134,requires
8708,446,Claim_1376,Claim_5768,extends
8709,966,Claim_4451,Claim_6775,contradicts
8710,585,Claim_1881,Claim_5111,supports
8711,403,Claim_4154,Claim_7087,requires
8712,63,Claim_3617,Claim_5542,extends
8713,371,Claim_3960,Claim_7680,supports
8714,106,Claim_3751,Claim_5635,contradicts
8715,303,Claim_206,Claim_6576,contradicts
8716,183,Claim_4397,Claim_8738,contradicts
8717,868,Claim_3315,Claim_8622,extends
8718,928,Claim_928,Claim_5872,supports
8719,128,Claim_3811,Claim_8148,requires
8720,3,Claim_1494,Claim_8606,supports
8721,698,Claim_1088,Claim_8396,supports
8722,353,Claim_2270,Claim_5301,contradicts
8723,411,Claim_4932,Claim_5680,supports
8724,235,Claim_4833,Claim_6654,contradicts
8725,573,Claim_999,Claim_5474,supports
8726,249,Claim_1568,Claim_7557,contradicts
8727,216,Claim_4704,Claim_6548,supports
8728,651,Claim_3898,Claim_7539,extends
8729,148,Claim_762,Claim_8551,contradicts
8730,997,Claim_4773,Claim_9105,supports
8731,87,Claim_2959,Claim_8907,supports
8732,962,Claim_1626,Claim_8171,requires
8733,682,Claim_4279,Claim_9905,contradicts
8734,254,Claim_3626,Claim_9972,extends
8735,554,Claim_488,Claim_8197,extends
8736,633,Claim_3131,Claim_9468,extends
8737,268,Claim_4277,Claim_5610,requires
8738,831,Claim_1525,Claim_9037,supports
8739,223,Claim_555,Claim_5757,contradicts
8740,762,Claim_4220,Claim_6381,contradicts
8741,52,Claim_4414,Claim_7389,extends
8742,286,Claim_1508,Claim_5767,supports
8743,997,Claim_1312,Claim_5777,extends
8744,551,Claim_4302,Claim_6380,supports
8745,266,Claim_2866,Claim_7545,requires
8746,45,Claim_2623,Claim_7314,extends
8747,215,Claim_1456,Claim_5765,extends
8748,329,Claim_4828,Claim_7937,contradicts
8749,197,Claim_1153,Claim_7263,contradicts
8750,726,Claim_1764,Claim_9996,extends
8751,179,Claim_489,Claim_8822,supports
8752,837,Claim_202,Claim_7707,supports
8753,859,Claim_4492,Claim_9782,contradicts
8754,749,Claim_432,Claim_9429,supports
8755,416,Claim_3780,Claim_6317,extends
8756,955,Claim_1753,Claim_8293,extends
8757,382,Claim_819,Claim_5359,requires
8758,223,Claim_4203,Claim_8064,supports
8759,325,Claim_1789,Claim_7365,extends
8760,371,Claim_3476,Claim_8911,contradicts
8761,74,Claim_2826,Claim_7358,supports
8762,911,Claim_2472,Claim_8432,supports
8763,456,Claim_2269,Claim_8009,contradicts
8764,420,Claim_1601,Claim_9004,supports
8765,124,Claim_4263,Claim_8969,supports
8766,736,Claim_2672,Claim_5735,extends
8767,831,Claim_72,Claim_5044,requires
8768,194,Claim_2432,Claim_5291,requires
8769,819,Claim_791,Claim_6433,extends
8770,387,Claim_1220,Claim_6867,requires
8771,113,Claim_4451,Claim_5912,contradicts
8772,450,Claim_4863,Claim_8824,requires
8773,417,Claim_2354,Claim_6080,extends
8774,479,Claim_4347,Claim_9111,contradicts
8775,38,Claim_3711,Claim_9616,supports
8776,657,Claim_2520,Claim_8775,contradicts
8777,357,Claim_1283,Claim_6615,supports
8778,800,Claim_1994,Claim_6708,contradicts
8779,648,Claim_164,Claim_5864,extends
8780,234,Claim_1370,Claim_9663,supports
8781,846,Claim_414,Claim_5848,supports
8782,723,Claim_1331,Claim_7183,extends
8783,287,Claim_870,Claim_7906,extends
8784,143,Claim_686,Claim_6367,supports
8785,772,Claim_3038,Claim_5623,supports
8786,45,Claim_4520,Claim_9428,supports
8787,718,Claim_4950,Claim_9442,contradicts
8788,949,Claim_404,Claim_8178,requires
8789,822,Claim_3053,Claim_9925,extends
8790,351,Claim_3242,Claim_5770,contradicts
8791,888,Claim_480,Claim_5200,supports
8792,309,Claim_2870,Claim_6057,requires
8793,12,Claim_3297,Claim_9390,extends
8794,827,Claim_719,Claim_8961,contradicts
8795,269,Claim_4032,Claim_5135,requires
8796,258,Claim_4917,Claim_7721,extends
8797,143,Claim_2431,Claim_9976,contradicts
8798,677,Claim_4965,Claim_9473,requires
8799,409,Claim_1878,Claim_9662,supports
8800,388,Claim_244,Claim_5388,requires
8801,405,Claim_4660,Claim_7368,supports
8802,710,Claim_3425,Claim_7670,requires
8803,28,Claim_598,Claim_7854,extends
8804,949,Claim_2852,Claim_5429,requires
8805,251,Claim_2754,Claim_7433,supports
8806,650,Claim_3551,Claim_8634,contradicts
8807,228,Claim_215,Claim_7268,contradicts
8808,322,Claim_3176,Claim_8812,contradicts
8809,661,Claim_4741,Claim_9204,supports
8810,569,Claim_3307,Claim_6998,extends
8811,656,Claim_2462,Claim_6714,extends
8812,327,Claim_72,Claim_9395,contradicts
8813,92,Claim_944,Claim_6042,requires
8814,267,Claim_4197,Claim_5820,requires
8815,147,Claim_3445,Claim_9343,contradicts
8816,178,Claim_203,Claim_7784,requires
8817,682,Claim_3389,Claim_5057,contradicts
8818,711,Claim_4716,Claim_9620,extends
8819,150,Claim_528,Claim_9721,requires
8820,787,Claim_2231,Claim_8289,contradicts
8821,404,Claim_1693,Claim_9349,extends
8822,381,Claim_3350,Claim_9908,supports
8823,162,Claim_4309,Claim_8636,requires
8824,94,Claim_3597,Claim_8385,supports
8825,227,Claim_4149,Claim_9618,supports
8826,23,Claim_1067,Claim_5323,requires
8827,733,Claim_2552,Claim_5267,extends
8828,975,Claim_4364,Claim_9829,extends
8829,858,Claim_3438,Claim_7727,supports
8830,44,Claim_2041,Claim_5527,supports
8831,545,Claim_2590,Claim_8742,extends
8832,325,Claim_4291,Claim_7221,extends
8833,189,Claim_155,Claim_9198,requires
8834,365,Claim_1034,Claim_5435,requires
8835,511,Claim_2400,Claim_9285,requires
8836,50,Claim_1473,Claim_7897,requires
8837,916,Claim_1903,Claim_8892,supports
8838,92,Claim_3179,Claim_9821,supports
8839,701,Claim_4981,Claim_8587,extends
8840,876,Claim_3619,Claim_6991,extends
8841,672,Claim_4100,Claim_8038,contradicts
8842,863,Claim_4033,Claim_8783,requires
8843,274,Claim_4555,Claim_7085,supports
8844,535,Claim_2956,Claim_6351,extends
8845,537,Claim_3416,Claim_5707,extends
8846,450,Claim_1207,Claim_8348,supports
8847,387,Claim_2777,Claim_8917,requires
8848,522,Claim_1305,Claim_9927,requires
8849,482,Claim_1203,Claim_9287,extends
8850,840,Claim_2519,Claim_5857,requires
8851,514,Claim_3298,Claim_9150,supports
8852,270,Claim_1381,Claim_9316,requires
8853,524,Claim_4883,Claim_6326,contradicts
8854,824,Claim_4672,Claim_9301,requires
8855,910,Claim_3605,Claim_6266,contradicts
8856,125,Claim_4962,Claim_7929,contradicts
8857,951,Claim_1014,Claim_7979,requires
8858,72,Claim_3893,Claim_8573,extends
8859,414,Claim_4666,Claim_8117,requires
8860,859,Claim_1440,Claim_9378,extends
8861,369,Claim_3979,Claim_8507,contradicts
8862,341,Claim_2754,Claim_5542,contradicts
8863,442,Claim_2958,Claim_9970,extends
8864,67,Claim_2201,Claim_6639,supports
8865,609,Claim_4870,Claim_7830,extends
8866,163,Claim_843,Claim_9437,extends
8867,109,Claim_2974,Claim_7037,supports
8868,335,Claim_4190,Claim_8118,contradicts
8869,270,Claim_4456,Claim_6710,extends
8870,685,Claim_4123,Claim_9602,supports
8871,436,Claim_4092,Claim_5892,supports
8872,505,Claim_2332,Claim_6421,contradicts
8873,968,Claim_675,Claim_9206,requires
8874,639,Claim_3820,Claim_7689,requires
8875,388,Claim_3886,Claim_5830,requires
8876,672,Claim_2986,Claim_6026,contradicts
8877,877,Claim_374,Claim_8743,contradicts
8878,530,Claim_3084,Claim_5886,extends
8879,671,Claim_4618,Claim_6885,contradicts
8880,949,Claim_3855,Claim_7130,contradicts
8881,840,Claim_349,Claim_5398,contradicts
8882,314,Claim_526,Claim_9420,contradicts
8883,648,Claim_459,Claim_5080,requires
8884,38,Claim_1587,Claim_5065,requires
8885,967,Claim_4878,Claim_9255,contradicts
8886,245,Claim_3084,Claim_6906,contradicts
8887,539,Claim_3273,Claim_5677,contradicts
8888,738,Claim_3510,Claim_7621,requires
8889,617,Claim_1582,Claim_7393,supports
8890,922,Claim_2104,Claim_9539,requires
8891,620,Claim_2033,Claim_9447,contradicts
8892,74,Claim_1637,Claim_8890,supports
8893,454,Claim_4274,Claim_8856,supports
8894,235,Claim_1557,Claim_5423,supports
8895,287,Claim_543,Claim_5919,extends
8896,933,Claim_3175,Claim_5463,requires
8897,710,Claim_355,Claim_8183,extends
8898,952,Claim_663,Claim_8882,requires
8899,920,Claim_3438,Claim_7240,requires
8900,512,Claim_166,Claim_7810,requires
8901,817,Claim_2445,Claim_6384,supports
8902,353,Claim_271,Claim_5502,supports
8903,904,Claim_76,Claim_5299,supports
8904,542,Claim_1246,Claim_8428,supports
8905,706,Claim_3272,Claim_6517,supports
8906,977,Claim_966,Claim_5997,supports
8907,811,Claim_3141,Claim_9392,requires
8908,905,Claim_39,Claim_9970,supports
8909,597,Claim_444,Claim_7523,extends
8910,252,Claim_1227,Claim_8349,requires
8911,229,Claim_2300,Claim_7861,requires
8912,317,Claim_2776,Claim_5293,contradicts
8913,793,Claim_273,Claim_8922,contradicts
8914,824,Claim_1207,Claim_7877,extends
8915,129,Claim_126,Claim_6365,supports
8916,982,Claim_1866,Claim_7677,extends
8917,27,Claim_3870,Claim_8387,contradicts
8918,975,Claim_2035,Claim_7816,extends
8919,156,Claim_2993,Claim_8442,supports
8920,946,Claim_4176,Claim_6657,requires
8921,41,Claim_1019,Claim_7808,requires
8922,862,Claim_3936,Claim_7508,contradicts
8923,88,Claim_3456,Claim_8471,extends
8924,120,Claim_2346,Claim_7668,contradicts
8925,696,Claim_4237,Claim_7206,requires
8926,662,Claim_650,Claim_8493,extends
8927,432,Claim_802,Claim_9046,contradicts
8928,385,Claim_4532,Claim_6399,requires
8929,548,Claim_525,Claim_7116,supports
8930,964,Claim_2999,Claim_7691,supports
8931,941,Claim_705,Claim_7421,contradicts
8932,896,Claim_3730,Claim_5114,supports
8933,289,Claim_134,Claim_5770,requires
8934,195,Claim_1862,Claim_8751,contradicts
8935,600,Claim_743,Claim_5846,extends
8936,540,Claim_3448,Claim_5637,extends
8937,123,Claim_4274,Claim_9226,extends
8938,626,Claim_2779,Claim_7698,requires
8939,37,Claim_741,Claim_8441,supports
8940,100,Claim_3500,Claim_5708,contradicts
8941,843,Claim_4697,Claim_7435,extends
8942,356,Claim_2045,Claim_7662,extends
8943,893,Claim_2959,Claim_6942,requires
8944,15,Claim_2463,Claim_6273,supports
8945,853,Claim_3180,Claim_7929,contradicts
8946,668,Claim_2297,Claim_7252,supports
8947,563,Claim_99,Claim_9797,contradicts
8948,574,Claim_4968,Claim_6276,extends
8949,838,Claim_945,Claim_7737,contradicts
8950,878,Claim_4745,Claim_8491,extends
8951,12,Claim_4135,Claim_6928,requires
8952,490,Claim_1121,Claim_7777,supports
8953,555,Claim_4103,Claim_6875,extends
8954,575,Claim_4833,Claim_7749,extends
8955,310,Claim_4804,Claim_5644,supports
8956,183,Claim_3184,Claim_6842,requires
8957,295,Claim_4852,Claim_6796,contradicts
8958,302,Claim_2114,Claim_9860,requires
8959,13,Claim_3666,Claim_7779,contradicts
8960,298,Claim_2961,Claim_6562,extends
8961,160,Claim_1976,Claim_7225,supports
8962,579,Claim_990,Claim_8653,supports
8963,794,Claim_4116,Claim_9640,contradicts
8964,925,Claim_3976,Claim_7501,extends
8965,539,Claim_1182,Claim_8507,requires
8966,542,Claim_1228,Claim_9584,extends
8967,452,Claim_2890,Claim_9756,requires
8968,386,Claim_4297,Claim_5361,requires
8969,589,Claim_4542,Claim_5562,supports
8970,858,Claim_2917,Claim_5999,extends
8971,112,Claim_2514,Claim_8580,extends
8972,596,Claim_1795,Claim_6666,requires
8973,761,Claim_1776,Claim_7172,contradicts
8974,517,Claim_3977,Claim_6391,extends
8975,394,Claim_2033,Claim_8073,extends
8976,538,Claim_2713,Claim_9118,contradicts
8977,916,Claim_4814,Claim_9464,supports
8978,109,Claim_2114,Claim_8051,requires
8979,370,Claim_4327,Claim_8762,extends
8980,917,Claim_4356,Claim_8348,supports
8981,376,Claim_397,Claim_8756,contradicts
8982,321,Claim_790,Claim_6010,contradicts
8983,183,Claim_2403,Claim_8790,supports
8984,995,Claim_4319,Claim_8601,supports
8985,830,Claim_153,Claim_5317,supports
8986,777,Claim_1626,Claim_5010,supports
8987,252,Claim_2794,Claim_6095,requires
8988,333,Claim_803,Claim_8800,extends
8989,543,Claim_3217,Claim_6818,extends
8990,287,Claim_2506,Claim_9512,requires
8991,900,Claim_4134,Claim_6962,requires
8992,936,Claim_307,Claim_5342,extends
8993,623,Claim_4139,Claim_7481,contradicts
8994,661,Claim_2940,Claim_9460,extends
8995,826,Claim_4130,Claim_5580,contradicts
8996,771,Claim_3308,Claim_5825,requires
8997,895,Claim_1373,Claim_8847,supports
8998,86,Claim_4552,Claim_9668,supports
8999,215,Claim_4212,Claim_9569,requires
9000,800,Claim_1026,Claim_5929,requires
9001,691,Claim_1074,Claim_9435,extends
9002,413,Claim_17,Claim_8553,requires
9003,433,Claim_4415,Claim_9140,contradicts
9004,800,Claim_2059,Claim_9469,requires
9005,600,Claim_2358,Claim_9996,extends
9006,90,Claim_3702,Claim_6585,extends
9007,952,Claim_1097,Claim_6065,supports
9008,418,Claim_1440,Claim_7284,supports
9009,475,Claim_1314,Claim_8740,contradicts
9010,223,Claim_2752,Claim_9178,contradicts
9011,394,Claim_4675,Claim_6733,extends
9012,515,Claim_4008,Claim_7176,extends
9013,914,Claim_2373,Claim_6122,supports
9014,989,Claim_2710,Claim_5138,extends
9015,294,Claim_454,Claim_9779,supports
9016,362,Claim_337,Claim_9582,extends
9017,728,Claim_2336,Claim_7850,supports
9018,201,Claim_3702,Claim_6910,contradicts
9019,13,Claim_4982,Claim_6472,requires
9020,933,Claim_4656,Claim_6414,contradicts
9021,715,Claim_1327,Claim_8489,supports
9022,484,Claim_3044,Claim_5686,contradicts
9023,869,Claim_2093,Claim_5712,extends
9024,907,Claim_1457,Claim_9156,requires
9025,33,Claim_452,Claim_6170,supports
9026,884,Claim_1784,Claim_8517,supports
9027,222,Claim_4938,Claim_9740,extends
9028,214,Claim_1270,Claim_6773,requires
9029,851,Claim_2295,Claim_7373,contradicts
9030,98,Claim_1316,Claim_6200,requires
9031,431,Claim_22,Claim_8693,requires
9032,440,Claim_62,Claim_8662,requires
9033,298,Claim_2365,Claim_6041,supports
9034,935,Claim_3719,Claim_5308,requires
9035,501,Claim_844,Claim_6895,contradicts
9036,691,Claim_4692,Claim_6278,extends
9037,931,Claim_2022,Claim_5722,extends
9038,561,Claim_4780,Claim_9099,contradicts
9039,120,Claim_727,Claim_9163,requires
9040,753,Claim_23,Claim_7845,contradicts
9041,131,Claim_1635,Claim_5617,supports
9042,671,Claim_1350,Claim_8090,extends
9043,362,Claim_3687,Claim_7217,contradicts
9044,405,Claim_3291,Claim_9049,contradicts
9045,396,Claim_2667,Claim_7803,supports
9046,372,Claim_3698,Claim_7567,supports
9047,583,Claim_2186,Claim_6902,contradicts
9048,131,Claim_2755,Claim_7268,extends
9049,650,Claim_2613,Claim_5073,contradicts
9050,760,Claim_516,Claim_5650,contradicts
9051,314,Claim_4679,Claim_7174,requires
9052,708,Claim_3062,Claim_5070,contradicts
9053,434,Claim_3039,Claim_6766,contradicts
9054,864,Claim_1401,Claim_7794,contradicts
9055,670,Claim_1252,Claim_6235,supports
9056,670,Claim_1870,Claim_6255,requires
9057,3,Claim_1393,Claim_9667,requires
9058,663,Claim_2371,Claim_9595,supports
9059,834,Claim_2644,Claim_8737,requires
9060,709,Claim_4543,Claim_8684,extends
9061,951,Claim_1697,Claim_7824,extends
9062,37,Claim_818,Claim_9258,requires
9063,405,Claim_737,Claim_5698,supports
9064,701,Claim_4908,Claim_8661,requires
9065,997,Claim_1641,Claim_5318,extends
9066,844,Claim_4246,Claim_8463,requires
9067,893,Claim_2817,Claim_6997,contradicts
9068,720,Claim_4553,Claim_5628,contradicts
9069,839,Claim_3808,Claim_5875,requires
9070,163,Claim_660,Claim_7176,requires
9071,571,Claim_4390,Claim_6349,extends
9072,570,Claim_2928,Claim_7826,supports
9073,686,Claim_2825,Claim_5834,supports
9074,796,Claim_4786,Claim_7008,contradicts
9075,414,Claim_3466,Claim_8590,extends
9076,51,Claim_4148,Claim_9431,supports
9077,267,Claim_4448,Claim_5033,supports
9078,177,Claim_3969,Claim_6052,requires
9079,713,Claim_2275,Claim_8528,supports
9080,43,Claim_657,Claim_5999,supports
9081,375,Claim_3565,Claim_8404,extends
9082,964,Claim_987,Claim_5534,supports
9083,752,Claim_4176,Claim_7192,contradicts
9084,350,Claim_3739,Claim_9976,extends
9085,882,Claim_4938,Claim_6838,supports
9086,902,Claim_1216,Claim_7049,supports
9087,107,Claim_2344,Claim_9024,requires
9088,396,Claim_4773,Claim_8263,contradicts
9089,562,Claim_2166,Claim_8533,supports
9090,849,Claim_2718,Claim_5871,supports
9091,117,Claim_2455,Claim_7622,extends
9092,942,Claim_4703,Claim_8630,supports
9093,467,Claim_1662,Claim_5066,contradicts
9094,193,Claim_807,Claim_5572,extends
9095,517,Claim_3648,Claim_7656,supports
9096,930,Claim_4621,Claim_6565,supports
9097,652,Claim_23,Claim_8365,supports
9098,494,Claim_1849,Claim_7793,contradicts
9099,681,Claim_4009,Claim_6006,requires
9100,489,Claim_3619,Claim_6283,supports
9101,440,Claim_3131,Claim_7368,supports
9102,915,Claim_647,Claim_8186,extends
9103,329,Claim_4619,Claim_7804,extends
9104,983,Claim_2093,Claim_7946,contradicts
9105,466,Claim_3876,Claim_6141,supports
9106,514,Claim_4889,Claim_6594,requires
9107,159,Claim_2628,Claim_9715,contradicts
9108,836,Claim_3515,Claim_5875,requires
9109,739,Claim_4383,Claim_9902,extends
9110,872,Claim_4065,Claim_7587,supports
9111,109,Claim_2506,Claim_9536,supports
9112,772,Claim_377,Claim_6386,requires
9113,29,Claim_1958,Claim_8254,contradicts
9114,733,Claim_3321,Claim_7888,requires
9115,408,Claim_554,Claim_5354,contradicts
9116,144,Claim_4085,Claim_6418,extends
9117,700,Claim_4088,Claim_7826,contradicts
9118,937,Claim_1609,Claim_7659,contradicts
9119,484,Claim_3951,Claim_9551,supports
9120,122,Claim_2615,Claim_6410,requires
9121,838,Claim_90,Claim_9016,contradicts
9122,547,Claim_3153,Claim_9638,extends
9123,345,Claim_4213,Claim_9277,extends
9124,585,Claim_3972,Claim_9522,contradicts
9125,459,Claim_4908,Claim_5919,requires
9126,922,Claim_3275,Claim_7645,supports
9127,291,Claim_2469,Claim_7121,contradicts
9128,18,Claim_1855,Claim_6465,extends
9129,127,Claim_1222,Claim_7155,supports
9130,782,Claim_2092,Claim_6304,requires
9131,271,Claim_1051,Claim_7690,supports
9132,369,Claim_4928,Claim_8113,contradicts
9133,307,Claim_2710,Claim_9441,extends
9134,824,Claim_3952,Claim_6778,requires
9135,719,Claim_1512,Claim_5192,contradicts
9136,118,Claim_3573,Claim_9159,extends
9137,624,Claim_2186,Claim_6375,contradicts
9138,123,Claim_4292,Claim_7624,supports
9139,297,Claim_4302,Claim_9809,supports
9140,12,Claim_3175,Claim_5163,requires
9141,505,Claim_108,Claim_9305,requires
9142,409,Claim_1035,Claim_7196,supports
9143,521,Claim_1045,Claim_9584,extends
9144,967,Claim_1767,Claim_5430,supports
9145,690,Claim_4735,Claim_6497,requires
9146,224,Claim_1895,Claim_9265,contradicts
9147,157,Claim_4573,Claim_9924,extends
9148,867,Claim_2597,Claim_9047,supports
9149,846,Claim_1166,Claim_8279,requires
9150,162,Claim_549,Claim_9437,extends
9151,362,Claim_4010,Claim_5618,contradicts
9152,464,Claim_4024,Claim_6903,supports
9153,977,Claim_3934,Claim_7694,extends
9154,813,Claim_3326,Claim_6859,requires
9155,552,Claim_3134,Claim_9871,supports
9156,226,Claim_3217,Claim_5955,contradicts
9157,246,Claim_3350,Claim_9389,extends
9158,164,Claim_4792,Claim_9221,extends
9159,992,Claim_1701,Claim_8373,supports
9160,601,Claim_2753,Claim_8616,supports
9161,488,Claim_4489,Claim_6701,supports
9162,53,Claim_1591,Claim_5231,contradicts
9163,389,Claim_2529,Claim_7061,supports
9164,330,Claim_4533,Claim_9871,requires
9165,562,Claim_4749,Claim_8975,contradicts
9166,534,Claim_1219,Claim_9475,requires
9167,325,Claim_4393,Claim_6711,extends
9168,774,Claim_797,Claim_9475,extends
9169,688,Claim_149,Claim_6063,supports
9170,335,Claim_4032,Claim_6963,extends
9171,964,Claim_53,Claim_9378,extends
9172,719,Claim_3363,Claim_5818,requires
9173,720,Claim_1514,Claim_6164,requires
9174,604,Claim_2368,Claim_8871,extends
9175,90,Claim_526,Claim_5128,extends
9176,61,Claim_2413,Claim_9266,supports
9177,417,Claim_782,Claim_5521,extends
9178,256,Claim_3515,Claim_6414,contradicts
9179,490,Claim_510,Claim_5845,contradicts
9180,557,Claim_4954,Claim_8339,requires
9181,111,Claim_4664,Claim_8406,contradicts
9182,164,Claim_3546,Claim_6966,supports
9183,170,Claim_3330,Claim_8448,supports
9184,811,Claim_1673,Claim_6136,requires
9185,738,Claim_1714,Claim_9612,requires
9186,445,Claim_3149,Claim_6458,supports
9187,592,Claim_559,Claim_6666,requires
9188,960,Claim_2309,Claim_5551,extends
9189,559,Claim_1713,Claim_9806,supports
9190,673,Claim_3621,Claim_7826,requires
9191,498,Claim_1749,Claim_7777,supports
9192,700,Claim_4369,Claim_6433,extends
9193,711,Claim_82,Claim_7248,requires
9194,674,Claim_1807,Claim_5181,supports
9195,608,Claim_1070,Claim_7157,supports
9196,869,Claim_3658,Claim_7291,extends
9197,285,Claim_811,Claim_9484,extends
9198,657,Claim_1773,Claim_7889,requires
9199,479,Claim_1206,Claim_5255,requires
9200,696,Claim_517,Claim_9820,supports
9201,112,Claim_2217,Claim_8964,extends
9202,751,Claim_2267,Claim_6145,requires
9203,178,Claim_1419,Claim_5407,contradicts
9204,551,Claim_85,Claim_5212,supports
9205,370,Claim_613,Claim_8800,contradicts
9206,679,Claim_4424,Claim_9860,requires
9207,136,Claim_1043,Claim_5159,requires
9208,550,Claim_3439,Claim_8938,extends
9209,420,Claim_2251,Claim_6956,contradicts
9210,66,Claim_3051,Claim_6338,extends
9211,367,Claim_4822,Claim_9266,extends
9212,661,Claim_506,Claim_6107,supports
9213,72,Claim_3229,Claim_8281,contradicts
9214,909,Claim_865,Claim_7973,supports
9215,475,Claim_2153,Claim_9031,requires
9216,991,Claim_1307,Claim_6990,contradicts
9217,215,Claim_3527,Claim_8220,requires
9218,290,Claim_3590,Claim_9307,contradicts
9219,648,Claim_3533,Claim_7750,supports
9220,223,Claim_1969,Claim_7935,supports
9221,273,Claim_3137,Claim_9139,supports
9222,720,Claim_838,Claim_7628,extends
9223,459,Claim_3326,Claim_7862,supports
9224,640,Claim_3220,Claim_5276,extends
9225,38,Claim_3724,Claim_7964,contradicts
9226,419,Claim_4984,Claim_6656,requires
9227,922,Claim_1909,Claim_6084,extends
9228,603,Claim_1006,Claim_9982,contradicts
9229,740,Claim_2756,Claim_8974,requires
9230,242,Claim_2090,Claim_6791,extends
9231,613,Claim_4766,Claim_9078,supports
9232,179,Claim_2005,Claim_8391,extends
9233,39,Claim_3574,Claim_5964,extends
9234,957,Claim_3645,Claim_8826,supports
9235,406,Claim_978,Claim_9137,requires
9236,891,Claim_4382,Claim_5390,supports
9237,563,Claim_3816,Claim_5542,requires
9238,902,Claim_3151,Claim_9796,extends
9239,274,Claim_720,Claim_5449,contradicts
9240,873,Claim_2791,Claim_8129,requires
9241,783,Claim_1349,Claim_7163,extends
9242,995,Claim_3691,Claim_7243,extends
9243,36,Claim_3628,Claim_9200,contradicts
9244,183,Claim_3788,Claim_5971,requires
9245,954,Claim_520,Claim_6574,requires
9246,865,Claim_2809,Claim_8276,contradicts
9247,571,Claim_3429,Claim_8616,supports
9248,270,Claim_1816,Claim_8383,contradicts
9249,955,Claim_4361,Claim_9706,extends
9250,864,Claim_3074,Claim_5684,requires
9251,323,Claim_4899,Claim_5092,requires
9252,707,Claim_107,Claim_5488,extends
9253,378,Claim_883,Claim_9325,extends
9254,572,Claim_909,Claim_8232,supports
9255,172,Claim_2670,Claim_7047,extends
9256,269,Claim_2388,Claim_5566,supports
9257,982,Claim_10,Claim_6407,extends
9258,35,Claim_603,Claim_6834,extends
9259,74,Claim_3369,Claim_5204,extends
9260,153,Claim_4322,Claim_6549,requires
9261,2,Claim_4891,Claim_8990,extends
9262,954,Claim_3430,Claim_7005,extends
9263,153,Claim_4627,Claim_6604,extends
9264,681,Claim_427,Claim_5100,extends
9265,830,Claim_1670,Claim_6395,contradicts
9266,167,Claim_983,Claim_6159,contradicts
9267,9,Claim_335,Claim_8189,extends
9268,134,Claim_2217,Claim_5769,requires
9269,983,Claim_2485,Claim_9326,requires
9270,45,Claim_178,Claim_8285,contradicts
9271,820,Claim_4850,Claim_9195,extends
9272,257,Claim_3713,Claim_8559,supports
9273,652,Claim_1390,Claim_9849,supports
9274,886,Claim_1433,Claim_8798,requires
9275,600,Claim_4972,Claim_9763,supports
9276,848,Claim_2198,Claim_7583,supports
9277,689,Claim_4572,Claim_6528,supports
9278,858,Claim_1392,Claim_8545,extends
9279,469,Claim_4515,Claim_6353,requires
9280,166,Claim_2715,Claim_6752,extends
9281,715,Claim_4013,Claim_7373,contradicts
9282,232,Claim_3637,Claim_7184,supports
9283,77,Claim_1528,Claim_8151,contradicts
9284,772,Claim_296,Claim_9394,contradicts
9285,427,Claim_2397,Claim_6625,extends
9286,664,Claim_78,Claim_8370,contradicts
9287,980,Claim_1857,Claim_5964,extends
9288,270,Claim_4248,Claim_6957,extends
9289,995,Claim_3681,Claim_9987,supports
9290,400,Claim_2592,Claim_7493,contradicts
9291,463,Claim_1949,Claim_7159,contradicts
9292,280,Claim_968,Claim_6780,extends
9293,239,Claim_3572,Claim_8123,supports
9294,427,Claim_1502,Claim_8014,extends
9295,229,Claim_264,Claim_9523,supports
9296,612,Claim_3778,Claim_6781,extends
9297,997,Claim_2145,Claim_7451,contradicts
9298,149,Claim_124,Claim_7063,contradicts
9299,797,Claim_1211,Claim_7296,extends
9300,672,Claim_487,Claim_7902,extends
9301,424,Claim_4029,Claim_6653,supports
9302,661,Claim_3700,Claim_8102,supports
9303,255,Claim_987,Claim_9492,requires
9304,719,Claim_3144,Claim_6872,contradicts
9305,298,Claim_343,Claim_5199,extends
9306,837,Claim_1127,Claim_5072,extends
9307,899,Claim_3558,Claim_8735,requires
9308,600,Claim_2948,Claim_5841,extends
9309,489,Claim_15,Claim_7572,requires
9310,30,Claim_1310,Claim_8957,extends
9311,649,Claim_170,Claim_6905,extends
9312,929,Claim_481,Claim_5445,supports
9313,687,Claim_310,Claim_6786,supports
9314,862,Claim_732,Claim_5897,supports
9315,573,Claim_402,Claim_5415,extends
9316,839,Claim_4581,Claim_6379,supports
9317,792,Claim_31,Claim_6617,requires
9318,524,Claim_861,Claim_7739,supports
9319,913,Claim_2379,Claim_5861,requires
9320,516,Claim_4756,Claim_6316,requires
9321,376,Claim_2339,Claim_5453,supports
9322,894,Claim_3228,Claim_6444,contradicts
9323,887,Claim_1143,Claim_9872,contradicts
9324,945,Claim_3004,Claim_8018,extends
9325,523,Claim_3952,Claim_5405,requires
9326,974,Claim_4761,Claim_5732,contradicts
9327,679,Claim_2479,Claim_6302,extends
9328,943,Claim_421,Claim_7946,extends
9329,969,Claim_1133,Claim_9262,extends
9330,481,Claim_514,Claim_8071,requires
9331,338,Claim_2557,Claim_7085,requires
9332,220,Claim_1488,Claim_7176,extends
9333,299,Claim_3211,Claim_8318,supports
9334,320,Claim_3976,Claim_6486,contradicts
9335,523,Claim_2187,Claim_6260,extends
9336,919,Claim_195,Claim_5189,supports
9337,110,Claim_2392,Claim_6834,supports
9338,978,Claim_326,Claim_5554,requires
9339,657,Claim_497,Claim_9944,requires
9340,745,Claim_212,Claim_8529,requires
9341,665,Claim_369,Claim_7085,extends
9342,12,Claim_1316,Claim_7237,supports
9343,972,Claim_1765,Claim_7854,supports
9344,516,Claim_110,Claim_8040,contradicts
9345,861,Claim_1434,Claim_6679,extends
9346,794,Claim_2867,Claim_9095,contradicts
9347,77,Claim_2917,Claim_5991,supports
9348,769,Claim_1924,Claim_7051,extends
9349,702,Claim_4442,Claim_9212,supports
9350,371,Claim_687,Claim_7289,requires
9351,752,Claim_1975,Claim_9647,supports
9352,334,Claim_1832,Claim_8804,supports
9353,736,Claim_2832,Claim_7743,requires
9354,154,Claim_4524,Claim_8957,requires
9355,564,Claim_2476,Claim_5815,supports
9356,434,Claim_1044,Claim_9549,extends
9357,398,Claim_943,Claim_6629,requires
9358,146,Claim_2134,Claim_6917,contradicts
9359,680,Claim_971,Claim_9713,supports
9360,475,Claim_1632,Claim_9702,contradicts
9361,579,Claim_1877,Claim_6245,contradicts
9362,899,Claim_2504,Claim_7182,supports
9363,344,Claim_2621,Claim_7196,requires
9364,243,Claim_1148,Claim_5711,extends
9365,455,Claim_170,Claim_5081,requires
9366,795,Claim_1139,Claim_8517,requires
9367,98,Claim_352,Claim_9573,contradicts
9368,305,Claim_3867,Claim_8431,supports
9369,655,Claim_4001,Claim_9038,requires
9370,701,Claim_1289,Claim_9265,requires
9371,511,Claim_2388,Claim_6788,extends
9372,203,Claim_4527,Claim_9955,contradicts
9373,840,Claim_1273,Claim_7624,supports
9374,315,Claim_4674,Claim_8264,extends
9375,365,Claim_1366,Claim_7905,contradicts
9376,903,Claim_4563,Claim_5241,extends
9377,721,Claim_927,Claim_7682,extends
9378,619,Claim_2746,Claim_6764,supports
9379,746,Claim_1594,Claim_5605,extends
9380,365,Claim_1063,Claim_5547,contradicts
9381,741,Claim_4148,Claim_7736,requires
9382,347,Claim_623,Claim_8687,contradicts
9383,241,Claim_522,Claim_9969,extends
9384,953,Claim_3364,Claim_6056,supports
9385,926,Claim_4815,Claim_8667,extends
9386,108,Claim_2446,Claim_7977,requires
9387,186,Claim_3502,Claim_8011,contradicts
9388,191,Claim_2651,Claim_9213,requires
9389,756,Claim_3218,Claim_5026,supports
9390,584,Claim_2159,Claim_8286,supports
9391,124,Claim_3472,Claim_5005,supports
9392,835,Claim_151,Claim_8970,contradicts
9393,683,Claim_2760,Claim_6308,contradicts
9394,312,Claim_4471,Claim_8312,supports
9395,661,Claim_2703,Claim_5341,contradicts
9396,335,Claim_910,Claim_5757,supports
9397,882,Claim_4406,Claim_5146,extends
9398,16,Claim_3287,Claim_5950,contradicts
9399,303,Claim_3920,Claim_5767,supports
9400,327,Claim_3793,Claim_9401,requires
9401,986,Claim_498,Claim_7031,requires
9402,108,Claim_1686,Claim_5909,supports
9403,932,Claim_4800,Claim_7531,extends
9404,931,Claim_3736,Claim_5632,supports
9405,63,Claim_1621,Claim_8431,requires
9406,442,Claim_75,Claim_8557,extends
9407,156,Claim_4552,Claim_8869,supports
9408,780,Claim_2879,Claim_9785,contradicts
9409,730,Claim_2758,Claim_8512,supports
9410,404,Claim_4687,Claim_7779,contradicts
9411,666,Claim_4849,Claim_9655,supports
9412,339,Claim_1456,Claim_7182,extends
9413,486,Claim_2570,Claim_5483,supports
9414,105,Claim_3084,Claim_5854,contradicts
9415,202,Claim_3206,Claim_7100,contradicts
9416,793,Claim_1814,Claim_5541,requires
9417,169,Claim_1812,Claim_5123,supports
9418,860,Claim_2033,Claim_5053,supports
9419,316,Claim_2875,Claim_6397,supports
9420,540,Claim_1302,Claim_6662,contradicts
9421,4,Claim_3103,Claim_9202,extends
9422,69,Claim_717,Claim_7372,requires
9423,203,Claim_4169,Claim_8373,requires
9424,418,Claim_4439,Claim_7093,contradicts
9425,281,Claim_540,Claim_6232,supports
9426,894,Claim_4877,Claim_5548,requires
9427,784,Claim_420,Claim_8131,extends
9428,892,Claim_1181,Claim_5910,requires
9429,556,Claim_4786,Claim_7523,extends
9430,927,Claim_3381,Claim_5032,extends
9431,155,Claim_119,Claim_5058,extends
9432,679,Claim_4675,Claim_5177,extends
9433,639,Claim_929,Claim_7740,contradicts
9434,140,Claim_2882,Claim_9985,contradicts
9435,718,Claim_1249,Claim_9153,extends
9436,794,Claim_4793,Claim_9569,supports
9437,113,Claim_1167,Claim_5943,supports
9438,344,Claim_4837,Claim_9038,supports
9439,923,Claim_703,Claim_6528,contradicts
9440,691,Claim_2300,Claim_6244,extends
9441,407,Claim_60,Claim_6165,contradicts
9442,426,Claim_4014,Claim_6928,extends
9443,715,Claim_1382,Claim_9888,supports
9444,463,Claim_848,Claim_6345,extends
9445,747,Claim_1530,Claim_5431,contradicts
9446,848,Claim_2707,Claim_7509,supports
9447,636,Claim_1599,Claim_7291,extends
9448,922,Claim_3088,Claim_9183,requires
9449,587,Claim_865,Claim_7291,supports
9450,221,Claim_227,Claim_8214,requires
9451,382,Claim_3249,Claim_9736,extends
9452,21,Claim_222,Claim_9983,supports
9453,254,Claim_4164,Claim_8941,contradicts
9454,657,Claim_2715,Claim_8402,requires
9455,394,Claim_658,Claim_6920,contradicts
9456,187,Claim_4559,Claim_6070,extends
9457,198,Claim_2242,Claim_7214,extends
9458,841,Claim_172,Claim_7058,requires
9459,93,Claim_2523,Claim_6410,requires
9460,137,Claim_94,Claim_7842,supports
9461,754,Claim_1582,Claim_9944,contradicts
9462,292,Claim_802,Claim_7382,supports
9463,776,Claim_3484,Claim_5962,supports
9464,82,Claim_1227,Claim_9326,contradicts
9465,151,Claim_2610,Claim_8371,supports
9466,987,Claim_4894,Claim_8235,extends
9467,914,Claim_1978,Claim_6103,requires
9468,763,Claim_4366,Claim_8427,extends
9469,377,Claim_733,Claim_6579,requires
9470,489,Claim_1169,Claim_8883,requires
9471,685,Claim_4926,Claim_5036,contradicts
9472,371,Claim_2929,Claim_9921,supports
9473,890,Claim_4203,Claim_7309,extends
9474,111,Claim_123,Claim_6774,contradicts
9475,318,Claim_3358,Claim_9874,contradicts
9476,221,Claim_471,Claim_8692,contradicts
9477,959,Claim_4873,Claim_9113,extends
9478,49,Claim_4962,Claim_8887,requires
9479,515,Claim_610,Claim_6189,requires
9480,525,Claim_4106,Claim_9230,supports
9481,915,Claim_556,Claim_6471,extends
9482,416,Claim_4632,Claim_7894,supports
9483,968,Claim_4981,Claim_5418,requires
9484,174,Claim_4968,Claim_7493,contradicts
9485,146,Claim_214,Claim_8034,extends
9486,919,Claim_181,Claim_6647,supports
9487,433,Claim_2764,Claim_8985,supports
9488,811,Claim_1188,Claim_9587,requires
9489,363,Claim_1700,Claim_6792,contradicts
9490,519,Claim_164,Claim_9590,supports
9491,76,Claim_1609,Claim_8583,supports
9492,839,Claim_2528,Claim_9615,contradicts
9493,508,Claim_2120,Claim_6061,supports
9494,284,Claim_1445,Claim_7757,contradicts
9495,757,Claim_4393,Claim_6488,requires
9496,102,Claim_4586,Claim_9814,supports
9497,302,Claim_2618,Claim_8754,requires
9498,598,Claim_1468,Claim_6389,requires
9499,161,Claim_2919,Claim_9602,contradicts
9500,780,Claim_3893,Claim_5153,requires
9501,702,Claim_1279,Claim_5948,requires
9502,887,Claim_3502,Claim_9871,contradicts
9503,640,Claim_462,Claim_7881,extends
9504,47,Claim_2149,Claim_7196,extends
9505,789,Claim_709,Claim_9999,requires
9506,308,Claim_461,Claim_8221,extends
9507,963,Claim_2953,Claim_5412,requires
9508,2,Claim_344,Claim_8641,contradicts
9509,64,Claim_3830,Claim_7003,extends
9510,583,Claim_3995,Claim_6782,contradicts
9511,118,Claim_202,Claim_9749,supports
9512,924,Claim_4756,Claim_6640,extends
9513,92,Claim_4267,Claim_8420,extends
9514,684,Claim_4770,Claim_9290,contradicts
9515,590,Claim_540,Claim_7091,requires
9516,634,Claim_1995,Claim_8217,requires
9517,985,Claim_3188,Claim_6896,supports
9518,694,Claim_4483,Claim_9708,supports
9519,44,Claim_4773,Claim_5964,supports
9520,910,Claim_3907,Claim_6920,extends
9521,787,Claim_776,Claim_9253,contradicts
9522,127,Claim_2229,Claim_5525,requires
9523,709,Claim_1679,Claim_7275,requires
9524,33,Claim_3702,Claim_5723,requires
9525,774,Claim_3988,Claim_7563,contradicts
9526,375,Claim_150,Claim_8970,contradicts
9527,955,Claim_3241,Claim_9123,requires
9528,562,Claim_218,Claim_7415,requires
9529,509,Claim_4691,Claim_5437,supports
9530,89,Claim_1557,Claim_9588,contradicts
9531,591,Claim_3642,Claim_9432,requires
9532,955,Claim_587,Claim_9740,supports
9533,256,Claim_1534,Claim_5527,supports
9534,996,Claim_3997,Claim_5451,contradicts
9535,595,Claim_2406,Claim_8189,requires
9536,604,Claim_3195,Claim_5874,contradicts
9537,974,Claim_3885,Claim_9744,requires
9538,686,Claim_4635,Claim_6629,extends
9539,401,Claim_4882,Claim_7185,supports
9540,232,Claim_2027,Claim_8063,extends
9541,604,Claim_2910,Claim_7284,supports
9542,648,Claim_241,Claim_7864,contradicts
9543,339,Claim_1902,Claim_5228,contradicts
9544,138,Claim_892,Claim_7337,extends
9545,840,Claim_700,Claim_8429,requires
9546,358,Claim_938,Claim_9574,contradicts
9547,26,Claim_1624,Claim_8258,contradicts
9548,47,Claim_1143,Claim_9740,supports
9549,444,Claim_4146,Claim_8994,extends
9550,218,Claim_1529,Claim_8111,extends
9551,126,Claim_149,Claim_5190,extends
9552,687,Claim_4422,Claim_7760,contradicts
9553,488,Claim_1062,Claim_9634,supports
9554,858,Claim_2719,Claim_8039,supports
9555,329,Claim_1420,Claim_5861,extends
9556,418,Claim_1161,Claim_6752,supports
9557,549,Claim_660,Claim_8787,extends
9558,728,Claim_3262,Claim_5144,requires
9559,441,Claim_727,Claim_6028,contradicts
9560,132,Claim_412,Claim_7530,contradicts
9561,78,Claim_2726,Claim_8229,extends
9562,866,Claim_491,Claim_8864,extends
9563,496,Claim_4874,Claim_9661,contradicts
9564,586,Claim_2279,Claim_5456,supports
9565,731,Claim_4228,Claim_9272,extends
9566,395,Claim_3475,Claim_6488,extends
9567,774,Claim_3124,Claim_8686,contradicts
9568,58,Claim_4152,Claim_8403,contradicts
9569,420,Claim_318,Claim_5256,extends
9570,889,Claim_1466,Claim_9773,contradicts
9571,774,Claim_4021,Claim_5204,extends
9572,306,Claim_4838,Claim_6572,contradicts
9573,766,Claim_3072,Claim_6738,contradicts
9574,121,Claim_3892,Claim_8186,supports
9575,492,Claim_4908,Claim_9276,requires
9576,403,Claim_3896,Claim_9877,extends
9577,910,Claim_3432,Claim_9525,supports
9578,949,Claim_4914,Claim_7935,extends
9579,46,Claim_4801,Claim_9338,contradicts
9580,386,Claim_2005,Claim_7331,requires
9581,456,Claim_3832,Claim_7110,supports
9582,356,Claim_2455,Claim_8517,extends
9583,641,Claim_1786,Claim_7479,contradicts
9584,956,Claim_1008,Claim_5297,supports
9585,182,Claim_4535,Claim_5232,extends
9586,594,Claim_544,Claim_7488,extends
9587,849,Claim_4713,Claim_7118,extends
9588,786,Claim_443,Claim_8636,contradicts
9589,514,Claim_465,Claim_5560,contradicts
9590,369,Claim_4929,Claim_8752,extends
9591,59,Claim_2844,Claim_8153,contradicts
9592,140,Claim_1401,Claim_8729,supports
9593,620,Claim_1133,Claim_8436,supports
9594,476,Claim_3048,Claim_5292,supports
9595,585,Claim_3171,Claim_8748,supports
9596,526,Claim_1934,Claim_6690,supports
9597,440,Claim_4612,Claim_8767,extends
9598,794,Claim_1625,Claim_9338,extends
9599,520,Claim_3957,Claim_9166,supports
9600,702,Claim_3624,Claim_6237,extends
9601,964,Claim_2770,Claim_6491,supports
9602,365,Claim_785,Claim_6560,requires
9603,611,Claim_4962,Claim_6389,requires
9604,101,Claim_204,Claim_5193,extends
9605,216,Claim_4737,Claim_8860,requires
9606,855,Claim_132,Claim_7204,extends
9607,69,Claim_1702,Claim_7391,contradicts
9608,804,Claim_3040,Claim_5518,requires
9609,211,Claim_4342,Claim_9202,extends
9610,183,Claim_4129,Claim_9999,requires
9611,696,Claim_942,Claim_5333,contradicts
9612,475,Claim_2635,Claim_7175,supports
9613,119,Claim_620,Claim_9380,supports
9614,631,Claim_4577,Claim_5740,requires
9615,447,Claim_75,Claim_9470,supports
9616,733,Claim_964,Claim_6273,supports
9617,307,Claim_3961,Claim_5808,contradicts
9618,244,Claim_4521,Claim_7428,supports
9619,110,Claim_740,Claim_7778,contradicts
9620,30,Claim_1654,Claim_6613,contradicts
9621,628,Claim_3480,Claim_9781,supports
9622,63,Claim_3764,Claim_5322,contradicts
9623,322,Claim_1668,Claim_5138,requires
9624,897,Claim_1101,Claim_9028,requires
9625,85,Claim_4528,Claim_8436,requires
9626,549,Claim_1632,Claim_5488,supports
9627,456,Claim_4051,Claim_8459,extends
9628,416,Claim_437,Claim_7079,extends
9629,912,Claim_3931,Claim_7518,contradicts
9630,252,Claim_3850,Claim_9914,contradicts
9631,773,Claim_3289,Claim_8414,extends
9632,406,Claim_478,Claim_8299,extends
9633,575,Claim_156,Claim_7515,supports
9634,461,Claim_3060,Claim_9554,extends
9635,43,Claim_1944,Claim_6840,contradicts
9636,53,Claim_224,Claim_6762,requires
9637,394,Claim_3223,Claim_5321,supports
9638,185,Claim_4256,Claim_7568,contradicts
9639,62,Claim_1709,Claim_9551,contradicts
9640,695,Claim_3597,Claim_5659,supports
9641,1000,Claim_3439,Claim_9229,requires
9642,199,Claim_610,Claim_8835,extends
9643,442,Claim_3670,Claim_6221,extends
9644,713,Claim_646,Claim_5477,supports
9645,730,Claim_249,Claim_7371,contradicts
9646,856,Claim_4730,Claim_8807,contradicts
9647,679,Claim_852,Claim_7044,supports
9648,112,Claim_1357,Claim_5083,requires
9649,229,Claim_185,Claim_9456,supports
9650,385,Claim_1641,Claim_7367,supports
9651,85,Claim_173,Claim_7778,supports
9652,138,Claim_3789,Claim_6370,contradicts
9653,663,Claim_3592,Claim_8742,extends
9654,444,Claim_684,Claim_9953,contradicts
9655,545,Claim_2535,Claim_6986,requires
9656,116,Claim_1330,Claim_9066,extends
9657,925,Claim_2871,Claim_9599,contradicts
9658,819,Claim_4462,Claim_6201,contradicts
9659,200,Claim_2443,Claim_9305,extends
9660,147,Claim_4299,Claim_5059,contradicts
9661,459,Claim_3119,Claim_6381,extends
9662,395,Claim_1400,Claim_6943,supports
9663,420,Claim_864,Claim_7048,contradicts
9664,819,Claim_17,Claim_6170,contradicts
9665,547,Claim_2814,Claim_7602,extends
9666,345,Claim_3203,Claim_9212,requires
9667,962,Claim_423,Claim_9304,supports
9668,402,Claim_1693,Claim_7867,requires
9669,804,Claim_1165,Claim_9746,extends
9670,45,Claim_2830,Claim_7500,supports
9671,246,Claim_3833,Claim_6410,extends
9672,630,Claim_791,Claim_6449,requires
9673,86,Claim_3273,Claim_7324,extends
9674,114,Claim_3296,Claim_7738,supports
9675,62,Claim_3364,Claim_9280,contradicts
9676,77,Claim_625,Claim_8501,supports
9677,894,Claim_1349,Claim_5445,supports
9678,173,Claim_1187,Claim_5871,extends
9679,364,Claim_4419,Claim_7523,requires
9680,786,Claim_1252,Claim_6937,requires
9681,832,Claim_2552,Claim_9219,contradicts
9682,519,Claim_4678,Claim_6862,requires
9683,585,Claim_4145,Claim_5128,extends
9684,171,Claim_2753,Claim_5379,supports
9685,223,Claim_3061,Claim_8827,supports
9686,221,Claim_3850,Claim_7190,extends
9687,827,Claim_869,Claim_7494,supports
9688,325,Claim_3853,Claim_5187,contradicts
9689,136,Claim_1004,Claim_5499,contradicts
9690,414,Claim_40,Claim_7811,extends
9691,415,Claim_979,Claim_5905,supports
9692,690,Claim_2443,Claim_7380,requires
9693,762,Claim_3380,Claim_5894,contradicts
9694,587,Claim_2177,Claim_6636,contradicts
9695,14,Claim_2846,Claim_5511,supports
9696,237,Claim_3403,Claim_9100,supports
9697,852,Claim_4941,Claim_7506,contradicts
9698,466,Claim_2578,Claim_7109,contradicts
9699,173,Claim_1803,Claim_7589,contradicts
9700,772,Claim_4200,Claim_9932,requires
9701,129,Claim_4773,Claim_7587,contradicts
9702,4,Claim_2871,Claim_7989,extends
9703,288,Claim_562,Claim_5813,supports
9704,532,Claim_3987,Claim_5717,contradicts
9705,313,Claim_86,Claim_9621,extends
9706,177,Claim_1599,Claim_7371,requires
9707,409,Claim_1376,Claim_9889,requires
9708,164,Claim_3004,Claim_7414,extends
9709,362,Claim_2249,Claim_8038,contradicts
9710,466,Claim_1532,Claim_8535,extends
9711,308,Claim_4255,Claim_8070,contradicts
9712,677,Claim_65,Claim_5394,extends
9713,256,Claim_250,Claim_9987,requires
9714,965,Claim_1299,Claim_9875,requires
9715,701,Claim_3744,Claim_9413,extends
9716,555,Claim_3249,Claim_8103,supports
9717,587,Claim_4155,Claim_6121,contradicts
9718,639,Claim_203,Claim_7204,supports
9719,429,Claim_1047,Claim_5436,contradicts
9720,883,Claim_1794,Claim_7315,supports
9721,11,Claim_1242,Claim_6914,supports
9722,109,Claim_1606,Claim_5418,supports
9723,816,Claim_569,Claim_7001,extends
9724,399,Claim_1983,Claim_7024,requires
9725,528,Claim_2446,Claim_9850,requires
9726,437,Claim_3414,Claim_9347,requires
9727,495,Claim_1646,Claim_7260,supports
9728,891,Claim_2913,Claim_6964,supports
9729,188,Claim_1379,Claim_5671,supports
9730,261,Claim_1578,Claim_8283,supports
9731,933,Claim_2595,Claim_8437,supports
9732,275,Claim_1947,Claim_8384,contradicts
9733,716,Claim_2086,Claim_7108,requires
9734,771,Claim_2133,Claim_7478,extends
9735,664,Claim_542,Claim_5624,supports
9736,421,Claim_3630,Claim_5117,supports
9737,975,Claim_2949,Claim_6711,supports
9738,235,Claim_1402,Claim_8358,supports
9739,887,Claim_2773,Claim_5770,requires
9740,106,Claim_271,Claim_7108,supports
9741,693,Claim_2504,Claim_7270,requires
9742,268,Claim_3283,Claim_6875,extends
9743,145,Claim_4239,Claim_7529,supports
9744,68,Claim_2522,Claim_7104,requires
9745,586,Claim_375,Claim_7775,requires
9746,979,Claim_1797,Claim_7672,supports
9747,341,Claim_2206,Claim_5898,requires
9748,250,Claim_857,Claim_9189,extends
9749,928,Claim_3634,Claim_7927,supports
9750,783,Claim_14,Claim_8387,extends
9751,106,Claim_2744,Claim_6554,supports
9752,699,Claim_122,Claim_7670,supports
9753,725,Claim_3413,Claim_8962,contradicts
9754,786,Claim_4126,Claim_6014,requires
9755,629,Claim_4402,Claim_9653,supports
9756,207,Claim_1920,Claim_5268,extends
9757,903,Claim_4853,Claim_6926,requires
9758,367,Claim_4186,Claim_5862,extends
9759,720,Claim_10,Claim_5819,extends
9760,92,Claim_3764,Claim_5189,contradicts
9761,291,Claim_4823,Claim_7648,requires
9762,72,Claim_4416,Claim_5536,extends
9763,261,Claim_935,Claim_5502,extends
9764,881,Claim_4882,Claim_5223,requires
9765,121,Claim_3182,Claim_9648,supports
9766,849,Claim_4452,Claim_7728,extends
9767,426,Claim_629,Claim_5468,requires
9768,512,Claim_232,Claim_8840,requires
9769,893,Claim_4824,Claim_8094,requires
9770,7,Claim_1517,Claim_7657,supports
9771,868,Claim_1060,Claim_8890,supports
9772,482,Claim_3944,Claim_6988,extends
9773,408,Claim_4416,Claim_7680,requires
9774,548,Claim_581,Claim_5495,contradicts
9775,754,Claim_1055,Claim_9117,contradicts
9776,65,Claim_3354,Claim_9519,requires
9777,817,Claim_1915,Claim_5604,contradicts
9778,381,Claim_1039,Claim_7600,requires
9779,470,Claim_3104,Claim_8970,requires
9780,625,Claim_23,Claim_7633,contradicts
9781,945,Claim_1006,Claim_5664,requires
9782,682,Claim_3119,Claim_9884,supports
9783,89,Claim_2932,Claim_6699,contradicts
9784,22,Claim_2595,Claim_6185,contradicts
9785,143,Claim_3478,Claim_9930,requires
9786,678,Claim_4800,Claim_8532,requires
9787,422,Claim_4230,Claim_8500,supports
9788,53,Claim_3829,Claim_9569,extends
9789,516,Claim_976,Claim_8279,supports
9790,268,Claim_937,Claim_6997,requires
9791,605,Claim_3474,Claim_7219,supports
9792,298,Claim_4634,Claim_8942,supports
9793,216,Claim_4519,Claim_6925,contradicts
9794,98,Claim_24,Claim_6953,supports
9795,897,Claim_827,Claim_5596,contradicts
9796,365,Claim_3971,Claim_8942,supports
9797,72,Claim_4413,Claim_6822,supports
9798,954,Claim_3869,Claim_9160,contradicts
9799,628,Claim_166,Claim_9129,extends
9800,769,Claim_2053,Claim_7838,requires
9801,15,Claim_2373,Claim_6893,extends
9802,26,Claim_978,Claim_6613,supports
9803,155,Claim_1052,Claim_6612,extends
9804,666,Claim_2847,Claim_7223,supports
9805,253,Claim_3061,Claim_8695,supports
9806,239,Claim_1625,Claim_9588,contradicts
9807,988,Claim_2064,Claim_8984,extends
9808,642,Claim_3825,Claim_9523,supports
9809,134,Claim_912,Claim_9881,requires
9810,932,Claim_2568,Claim_8935,extends
9811,843,Claim_3030,Claim_5699,contradicts
9812,673,Claim_2357,Claim_9646,requires
9813,50,Claim_3158,Claim_8551,supports
9814,459,Claim_3561,Claim_8360,contradicts
9815,497,Claim_739,Claim_6205,contradicts
9816,215,Claim_2370,Claim_8317,extends
9817,269,Claim_4317,Claim_7679,contradicts
9818,608,Claim_3734,Claim_7793,supports
9819,703,Claim_2692,Claim_9009,supports
9820,26,Claim_2570,Claim_9174,extends
9821,152,Claim_3460,Claim_9788,requires
9822,652,Claim_1952,Claim_8319,supports
9823,445,Claim_1900,Claim_5483,supports
9824,450,Claim_4974,Claim_9259,extends
9825,839,Claim_742,Claim_5336,contradicts
9826,639,Claim_1455,Claim_9092,extends
9827,909,Claim_1912,Claim_6472,contradicts
9828,640,Claim_3075,Claim_9595,extends
9829,915,Claim_2145,Claim_7608,supports
9830,78,Claim_3497,Claim_5633,supports
9831,846,Claim_3146,Claim_7834,supports
9832,322,Claim_769,Claim_6776,extends
9833,956,Claim_1401,Claim_6351,requires
9834,158,Claim_1613,Claim_8105,contradicts
9835,524,Claim_4490,Claim_6880,contradicts
9836,737,Claim_3167,Claim_5389,contradicts
9837,154,Claim_273,Claim_7479,extends
9838,910,Claim_2596,Claim_6192,requires
9839,839,Claim_3824,Claim_9927,supports
9840,755,Claim_1580,Claim_9143,contradicts
9841,94,Claim_2905,Claim_9121,requires
9842,591,Claim_2336,Claim_5310,contradicts
9843,854,Claim_4217,Claim_8815,supports
9844,542,Claim_4350,Claim_6128,supports
9845,651,Claim_3825,Claim_9373,supports
9846,921,Claim_4071,Claim_8214,requires
9847,102,Claim_2970,Claim_7083,contradicts
9848,721,Claim_4251,Claim_5067,requires
9849,108,Claim_4264,Claim_8614,supports
9850,28,Claim_660,Claim_6761,requires
9851,322,Claim_561,Claim_6207,extends
9852,9,Claim_520,Claim_8451,extends
9853,370,Claim_3651,Claim_8227,supports
9854,246,Claim_3317,Claim_7537,requires
9855,187,Claim_2720,Claim_9859,contradicts
9856,392,Claim_4454,Claim_7213,extends
9857,831,Claim_828,Claim_6407,extends
9858,525,Claim_4929,Claim_9339,contradicts
9859,214,Claim_2633,Claim_7060,supports
9860,268,Claim_2006,Claim_5303,supports
9861,654,Claim_4719,Claim_7052,extends
9862,406,Claim_3779,Claim_6905,requires
9863,198,Claim_1220,Claim_7671,supports
9864,363,Claim_1952,Claim_5747,supports
9865,964,Claim_2154,Claim_6836,supports
9866,556,Claim_231,Claim_7385,contradicts
9867,227,Claim_733,Claim_5275,supports
9868,175,Claim_2655,Claim_9995,supports
9869,303,Claim_3676,Claim_8048,contradicts
9870,718,Claim_3937,Claim_8574,supports
9871,477,Claim_894,Claim_6802,contradicts
9872,579,Claim_2635,Claim_5553,contradicts
9873,423,Claim_4755,Claim_5846,requires
9874,154,Claim_4167,Claim_7468,requires
9875,843,Claim_701,Claim_6179,requires
9876,115,Claim_4994,Claim_9928,extends
9877,501,Claim_1402,Claim_7491,supports
9878,620,Claim_4423,Claim_8987,extends
9879,833,Claim_1961,Claim_6917,extends
9880,57,Claim_3469,Claim_7982,contradicts
9881,989,Claim_3690,Claim_8253,supports
9882,248,Claim_2915,Claim_7809,extends
9883,724,Claim_1138,Claim_5038,extends
9884,934,Claim_1058,Claim_8635,requires
9885,102,Claim_4014,Claim_8744,supports
9886,35,Claim_716,Claim_6411,supports
9887,565,Claim_2822,Claim_7805,supports
9888,464,Claim_1490,Claim_9839,contradicts
9889,560,Claim_4485,Claim_9887,extends
9890,227,Claim_944,Claim_5753,requires
9891,564,Claim_2015,Claim_7970,contradicts
9892,35,Claim_3018,Claim_6134,contradicts
9893,658,Claim_3250,Claim_7082,supports
9894,760,Claim_3165,Claim_5198,contradicts
9895,406,Claim_2518,Claim_6707,extends
9896,899,Claim_4974,Claim_5089,supports
9897,524,Claim_4502,Claim_7760,supports
9898,823,Claim_4715,Claim_5567,contradicts
9899,512,Claim_1463,Claim_9088,contradicts
9900,4,Claim_3529,Claim_7028,requires
9901,175,Claim_1250,Claim_9943,extends
9902,887,Claim_1325,Claim_7693,supports
9903,354,Claim_2002,Claim_9170,requires
9904,328,Claim_1562,Claim_5766,extends
9905,201,Claim_2590,Claim_9584,contradicts
9906,532,Claim_2176,Claim_6261,supports
9907,586,Claim_2170,Claim_5765,contradicts
9908,303,Claim_2263,Claim_8534,extends
9909,793,Claim_363,Claim_7194,extends
9910,316,Claim_2762,Claim_9093,requires
9911,192,Claim_3670,Claim_6575,supports
9912,818,Claim_1985,Claim_6332,supports
9913,111,Claim_4176,Claim_5275,extends
9914,681,Claim_4843,Claim_6819,supports
9915,469,Claim_2253,Claim_6757,contradicts
9916,785,Claim_3756,Claim_6410,supports
9917,239,Claim_1114,Claim_5689,requires
9918,343,Claim_1003,Claim_7600,contradicts
9919,438,Claim_3731,Claim_6941,extends
9920,450,Claim_3080,Claim_5598,supports
9921,466,Claim_1130,Claim_8600,requires
9922,675,Claim_4564,Claim_8971,requires
9923,646,Claim_2702,Claim_9967,requires
9924,241,Claim_1244,Claim_7383,requires
9925,28,Claim_3015,Claim_8904,supports
9926,358,Claim_143,Claim_6114,supports
9927,98,Claim_4902,Claim_6121,contradicts
9928,11,Claim_3030,Claim_9187,extends
9929,406,Claim_4272,Claim_6382,contradicts
9930,789,Claim_533,Claim_8757,supports
9931,654,Claim_1215,Claim_7292,contradicts
9932,672,Claim_3033,Claim_6209,requires
9933,906,Claim_3720,Claim_7095,requires
9934,582,Claim_1936,Claim_7339,contradicts
9935,195,Claim_1462,Claim_6079,extends
9936,565,Claim_1573,Claim_8649,extends
9937,848,Claim_609,Claim_6610,supports
9938,190,Claim_4052,Claim_6721,extends
9939,129,Claim_251,Claim_7467,contradicts
9940,561,Claim_2364,Claim_5077,supports
9941,13,Claim_2240,Claim_7911,extends
9942,308,Claim_2367,Claim_7248,requires
9943,833,Claim_1516,Claim_6387,requires
9944,986,Claim_4952,Claim_6093,supports
9945,506,Claim_1258,Claim_8966,extends
9946,283,Claim_1986,Claim_6618,contradicts
9947,479,Claim_3672,Claim_6372,supports
9948,272,Claim_4362,Claim_7158,contradicts
9949,246,Claim_4006,Claim_8142,extends
9950,654,Claim_4527,Claim_6233,contradicts
9951,695,Claim_3012,Claim_9680,contradicts
9952,817,Claim_4567,Claim_7362,extends
9953,766,Claim_4065,Claim_7862,requires
9954,374,Claim_3018,Claim_9878,requires
9955,445,Claim_4735,Claim_7051,supports
9956,989,Claim_1949,Claim_5202,supports
9957,519,Claim_3594,Claim_5765,supports
9958,433,Claim_1203,Claim_6801,contradicts
9959,787,Claim_4983,Claim_5898,requires
9960,578,Claim_1745,Claim_5886,extends
9961,688,Claim_2162,Claim_7266,requires
9962,690,Claim_2355,Claim_9757,contradicts
9963,865,Claim_3271,Claim_8141,contradicts
9964,412,Claim_3397,Claim_5093,extends
9965,681,Claim_230,Claim_9048,requires
9966,663,Claim_1160,Claim_7292,contradicts
9967,82,Claim_1948,Claim_5489,requires
9968,115,Claim_1154,Claim_8772,extends
9969,300,Claim_4275,Claim_7731,requires
9970,825,Claim_4908,Claim_7534,contradicts
9971,77,Claim_4561,Claim_7367,contradicts
9972,170,Claim_3570,Claim_7625,contradicts
9973,596,Claim_2619,Claim_6826,requires
9974,957,Claim_330,Claim_8016,requires
9975,899,Claim_2879,Claim_7227,contradicts
9976,85,Claim_2708,Claim_9197,requires
9977,315,Claim_2224,Claim_9886,supports
9978,350,Claim_97,Claim_6419,extends
9979,161,Claim_4886,Claim_7698,supports
9980,759,Claim_4462,Claim_8055,requires
9981,961,Claim_3081,Claim_9219,supports
9982,77,Claim_3114,Claim_7585,contradicts
9983,6,Claim_4277,Claim_9977,supports
9984,318,Claim_4879,Claim_5505,requires
9985,433,Claim_4958,Claim_9623,supports
9986,831,Claim_3041,Claim_8811,contradicts
9987,568,Claim_245,Claim_5491,contradicts
9988,748,Claim_4133,Claim_8489,supports
9989,538,Claim_109,Claim_6271,requires
9990,839,Claim_4079,Claim_9213,extends
9991,165,Claim_2089,Claim_9696,supports
9992,752,Claim_4936,Claim_6946,contradicts
9993,135,Claim_4095,Claim_7204,requires
9994,517,Claim_2422,Claim_8746,contradicts
9995,175,Claim_1346,Claim_9131,supports
9996,380,Claim_2765,Claim_5635,contradicts
9997,416,Claim_1522,Claim_7444,extends
9998,758,Claim_4010,Claim_6145,contradicts
9999,823,Claim_1112,Claim_5283,contradicts
10000,212,Claim_280,Claim_5779,requires
