id,raw_trust_score,ground_truth,calibrated_score,prediction_set
1,0.8027,0,0.8179,Verified
2,0.438,0,0.4248,Rejected
3,0.0866,1,0.0783,Verified
4,0.1604,0,0.1486,Review
5,0.1606,0,0.1613,Rejected
6,0.7629,0,0.7353,Verified
7,0.3448,1,0.3451,Rejected
8,0.3011,1,0.3043,Review
9,0.9098,0,0.8322,Verified
10,0.9523,0,0.9698,Verified
11,0.4021,1,0.3922,Verified
12,0.8033,0,0.7809,Rejected
13,0.9281,0,0.9274,Rejected
14,0.91,1,0.8792,Verified
15,0.1232,1,0.1207,Rejected
16,0.8363,0,0.7621,Verified
17,0.8219,1,0.8424,Rejected
18,0.5513,0,0.5116,Review
19,0.1596,0,0.1456,Review
20,0.1473,0,0.133,Rejected
21,0.3793,0,0.3882,Rejected
22,0.4023,1,0.4072,Rejected
23,0.8607,1,0.8577,Verified
24,0.3057,0,0.2897,Review
25,0.608,0,0.5801,Verified
26,0.0474,0,0.0442,Rejected
27,0.3383,0,0.3104,Rejected
28,0.3548,1,0.3652,Rejected
29,0.4944,1,0.4457,Review
30,0.8484,1,0.8803,Rejected
31,0.4964,1,0.4551,Rejected
32,0.9514,1,0.9771,Review
33,0.7719,1,0.7686,Review
34,0.0607,0,0.0606,Review
35,0.4737,0,0.4914,Verified
36,0.0059,1,0.0056,Review
37,0.9174,0,0.8507,Review
38,0.0958,1,0.0929,Review
39,0.0185,1,0.0171,Rejected
40,0.4541,0,0.4592,Review
41,0.4615,0,0.4182,Review
42,0.0697,1,0.0719,Rejected
43,0.5781,1,0.5276,Verified
44,0.5608,1,0.5733,Verified
45,0.9544,1,0.9597,Rejected
46,0.4377,1,0.4072,Rejected
47,0.8236,0,0.8419,Verified
48,0.0496,1,0.0479,Review
49,0.1941,0,0.1979,Verified
50,0.6604,1,0.6021,Verified
51,0.1088,0,0.1043,Rejected
52,0.3508,1,0.323,Rejected
53,0.143,1,0.1326,Review
54,0.5016,1,0.5181,Verified
55,0.7281,0,0.7346,Rejected
56,0.2665,1,0.2642,Verified
57,0.7243,0,0.728,Review
58,0.4042,1,0.3912,Rejected
59,0.2829,0,0.2851,Rejected
60,0.1987,0,0.2021,Review
61,0.924,1,0.8555,Review
62,0.7355,1,0.6638,Verified
63,0.4517,1,0.4372,Verified
64,0.7242,1,0.6721,Rejected
65,0.0698,0,0.064,Review
66,0.5023,0,0.5003,Verified
67,0.5959,0,0.5867,Rejected
68,0.4433,1,0.4238,Review
69,0.331,0,0.3057,Review
70,0.7063,0,0.7026,Verified
71,0.5035,0,0.4584,Rejected
72,0.1744,0,0.16,Review
73,0.2852,0,0.2748,Rejected
74,0.2067,1,0.2159,Rejected
75,0.1898,0,0.1858,Rejected
76,0.5365,1,0.5481,Review
77,0.2883,0,0.2773,Rejected
78,0.7177,1,0.6739,Verified
79,0.1448,0,0.1488,Rejected
80,0.5727,0,0.5943,Verified
81,0.6038,1,0.5508,Rejected
82,0.3157,1,0.3218,Review
83,0.9014,0,0.8496,Rejected
84,0.301,0,0.2727,Review
85,0.6606,0,0.6669,Rejected
86,0.8624,1,0.8396,Rejected
87,0.8203,1,0.7994,Review
88,0.0159,1,0.0158,Rejected
89,0.7041,0,0.7113,Review
90,0.1586,0,0.1514,Rejected
91,0.7842,0,0.7674,Verified
92,0.7915,0,0.7917,Review
93,0.9372,0,0.9464,Review
94,0.6456,0,0.6335,Review
95,0.7666,0,0.7377,Verified
96,0.0062,1,0.0064,Rejected
97,0.9896,1,0.9017,Review
98,0.6827,0,0.6552,Review
99,0.9894,1,1.0,Review
100,0.3646,1,0.3467,Review
101,0.0524,0,0.0527,Verified
102,0.3776,1,0.3559,Review
103,0.555,0,0.4997,Rejected
104,0.0108,1,0.011,Verified
105,0.7,1,0.7032,Verified
106,0.1997,0,0.1829,Rejected
107,0.6972,1,0.6454,Review
108,0.5345,1,0.5288,Rejected
109,0.8678,1,0.8044,Review
110,0.1123,0,0.1023,Verified
111,0.3474,1,0.3502,Review
112,0.5007,0,0.4917,Review
113,0.3601,0,0.336,Verified
114,0.4588,0,0.4536,Review
115,0.0794,1,0.0788,Verified
116,0.2231,1,0.2029,Rejected
117,0.9736,1,0.9438,Verified
118,0.658,0,0.6575,Rejected
119,0.5012,1,0.5218,Verified
120,0.5141,1,0.5035,Review
121,0.6428,1,0.5806,Verified
122,0.4216,1,0.44,Rejected
123,0.2542,1,0.2359,Rejected
124,0.5666,1,0.5718,Verified
125,0.1408,1,0.1283,Rejected
126,0.8716,0,0.8541,Review
127,0.1791,1,0.183,Rejected
128,0.0588,1,0.0546,Verified
129,0.4786,1,0.4386,Verified
130,0.2136,1,0.2053,Rejected
131,0.337,0,0.3337,Review
132,0.3167,1,0.3251,Rejected
133,0.0353,1,0.0329,Review
134,0.1336,1,0.1214,Rejected
135,0.7211,0,0.6706,Review
136,0.9018,1,0.8167,Review
137,0.6014,1,0.5666,Review
138,0.8065,0,0.7683,Rejected
139,0.9899,0,0.9986,Review
140,0.791,0,0.7411,Review
141,0.5988,1,0.5818,Verified
142,0.2104,1,0.2038,Review
143,0.3423,0,0.3423,Verified
144,0.6878,0,0.718,Rejected
145,0.1359,0,0.1229,Rejected
146,0.4379,0,0.4238,Review
147,0.8647,0,0.8024,Review
148,0.597,1,0.6118,Review
149,0.1345,1,0.1364,Rejected
150,0.4453,1,0.4274,Verified
151,0.9181,1,0.9621,Rejected
152,0.983,1,0.9586,Verified
153,0.0832,1,0.0838,Rejected
154,0.8455,1,0.8042,Verified
155,0.9856,0,1.0,Verified
156,0.532,1,0.5029,Verified
157,0.3904,1,0.3688,Rejected
158,0.6141,0,0.6292,Verified
159,0.7922,0,0.7377,Review
160,0.2833,1,0.2843,Rejected
161,0.8931,0,0.8555,Review
162,0.5639,1,0.5887,Rejected
163,0.0798,0,0.0719,Review
164,0.2743,0,0.2715,Rejected
165,0.1878,1,0.1854,Review
166,0.6833,1,0.7145,Review
167,0.0555,1,0.0536,Review
168,0.717,1,0.6515,Verified
169,0.8053,1,0.8059,Rejected
170,0.3828,1,0.3659,Verified
171,0.7342,0,0.6929,Verified
172,0.4672,0,0.4403,Verified
173,0.1945,0,0.1937,Rejected
174,0.1135,0,0.1066,Rejected
175,0.2799,1,0.2933,Rejected
176,0.8981,0,0.8335,Review
177,0.5874,1,0.5663,Verified
178,0.6941,1,0.7144,Rejected
179,0.8187,1,0.8487,Rejected
180,0.6236,1,0.6544,Rejected
181,0.1655,1,0.1722,Rejected
182,0.8279,1,0.7592,Verified
183,0.9938,0,1.0,Review
184,0.9275,0,0.8554,Review
185,0.0923,0,0.0871,Rejected
186,0.7076,0,0.7372,Rejected
187,0.0925,0,0.091,Rejected
188,0.0044,1,0.0042,Review
189,0.822,1,0.7435,Verified
190,0.1028,1,0.0946,Rejected
191,0.0586,0,0.0532,Rejected
192,0.3984,1,0.4177,Review
193,0.6981,0,0.6804,Verified
194,0.6717,0,0.639,Rejected
195,0.6113,1,0.5765,Rejected
196,0.8819,0,0.8561,Rejected
197,0.3803,0,0.347,Verified
198,0.2895,0,0.2715,Review
199,0.8986,1,0.8878,Review
200,0.7805,1,0.7533,Rejected
201,0.8363,0,0.8445,Review
202,0.7248,0,0.6534,Rejected
203,0.8322,1,0.8582,Verified
204,0.6214,0,0.5819,Rejected
205,0.5597,1,0.5302,Verified
206,0.6798,1,0.6784,Verified
207,0.4116,0,0.3906,Verified
208,0.1494,0,0.1556,Review
209,0.5997,0,0.5875,Review
210,0.8265,0,0.8218,Rejected
211,0.6665,1,0.6152,Review
212,0.1412,0,0.1409,Review
213,0.2856,0,0.2804,Rejected
214,0.1184,1,0.1214,Verified
215,0.0149,1,0.0155,Rejected
216,0.7004,1,0.6705,Review
217,0.9387,1,0.8867,Rejected
218,0.7101,0,0.7144,Verified
219,0.7261,1,0.6597,Verified
220,0.0392,0,0.0398,Review
221,0.3799,0,0.3739,Rejected
222,0.2823,0,0.2753,Review
223,0.6061,0,0.6209,Rejected
224,0.1299,0,0.131,Verified
225,0.9722,1,0.899,Rejected
226,0.276,1,0.2675,Review
227,0.0667,0,0.0686,Review
228,0.0976,1,0.0888,Rejected
229,0.2225,0,0.2105,Rejected
230,0.5087,1,0.4846,Verified
231,0.289,0,0.2895,Review
232,0.9594,1,1.0,Rejected
233,0.0049,0,0.0048,Rejected
234,0.206,1,0.1997,Verified
235,0.0383,0,0.036,Rejected
236,0.975,0,0.906,Rejected
237,0.4761,0,0.4616,Review
238,0.8208,1,0.8231,Review
239,0.381,0,0.3712,Verified
240,0.1052,1,0.1086,Review
241,0.4354,0,0.4538,Verified
242,0.9771,0,0.9067,Review
243,0.2968,1,0.2795,Verified
244,0.2252,0,0.2278,Review
245,0.6036,1,0.6015,Rejected
246,0.6679,0,0.6875,Verified
247,0.9177,1,0.9316,Review
248,0.9767,0,0.9504,Rejected
249,0.3278,0,0.3367,Verified
250,0.3795,1,0.3552,Verified
251,0.8212,1,0.7891,Verified
252,0.0797,0,0.0732,Review
253,0.3055,1,0.2844,Review
254,0.0235,1,0.0216,Verified
255,0.6822,0,0.712,Rejected
256,0.8863,1,0.8092,Review
257,0.4031,1,0.383,Review
258,0.4493,1,0.4111,Review
259,0.1698,1,0.1552,Verified
260,0.9683,0,0.8773,Review
261,0.8229,0,0.7447,Verified
262,0.716,1,0.6934,Verified
263,0.2525,0,0.2339,Review
264,0.7966,1,0.7507,Verified
265,0.4892,1,0.5013,Verified
266,0.5886,0,0.556,Verified
267,0.0869,0,0.0787,Verified
268,0.3146,0,0.293,Verified
269,0.3774,0,0.3597,Rejected
270,0.202,0,0.2096,Verified
271,0.4403,1,0.4475,Rejected
272,0.4096,0,0.385,Rejected
273,0.6805,0,0.6932,Verified
274,0.7226,0,0.7283,Verified
275,0.6723,0,0.7058,Review
276,0.8335,1,0.7775,Rejected
277,0.0067,0,0.0061,Verified
278,0.6205,0,0.6327,Review
279,0.3831,0,0.3491,Verified
280,0.9496,0,0.9626,Rejected
281,0.3632,1,0.3367,Rejected
282,0.0873,0,0.08,Verified
283,0.6887,0,0.7092,Review
284,0.2453,0,0.2491,Review
285,0.5844,0,0.6038,Verified
286,0.1297,0,0.1315,Verified
287,0.048,1,0.0447,Rejected
288,0.5567,0,0.5085,Rejected
289,0.5721,1,0.5461,Rejected
290,0.3906,1,0.3729,Verified
291,0.5798,0,0.5814,Rejected
292,0.1902,0,0.1832,Rejected
293,0.483,1,0.5057,Rejected
294,0.8242,1,0.8057,Review
295,0.4871,1,0.4437,Rejected
296,0.597,1,0.5914,Review
297,0.8752,0,0.8854,Review
298,0.7729,0,0.7417,Verified
299,0.4975,0,0.5113,Review
300,0.9525,0,0.8894,Review
301,0.5372,1,0.5412,Rejected
302,0.5823,0,0.5632,Rejected
303,0.7679,0,0.7743,Rejected
304,0.1472,1,0.1358,Rejected
305,0.2127,0,0.1943,Verified
306,0.6449,0,0.6649,Review
307,0.4217,0,0.3986,Verified
308,0.184,1,0.185,Rejected
309,0.585,1,0.578,Rejected
310,0.1965,1,0.1966,Rejected
311,0.9714,0,1.0,Review
312,0.6929,0,0.6802,Rejected
313,0.4597,1,0.4152,Review
314,0.1732,1,0.1709,Verified
315,0.9013,0,0.849,Review
316,0.923,1,0.9499,Verified
317,0.357,1,0.3536,Rejected
318,0.4934,1,0.5092,Rejected
319,0.6786,0,0.6325,Verified
320,0.2496,0,0.2278,Verified
321,0.2399,1,0.2354,Review
322,0.3852,0,0.3978,Review
323,0.9052,0,0.9207,Rejected
324,0.9628,0,1.0,Rejected
325,0.9026,1,0.8278,Rejected
326,0.049,0,0.0477,Verified
327,0.8436,1,0.8501,Verified
328,0.2387,1,0.22,Review
329,0.9609,1,0.9227,Review
330,0.6063,1,0.6337,Rejected
331,0.0335,0,0.0321,Verified
332,0.4728,0,0.4295,Rejected
333,0.6651,1,0.6062,Verified
334,0.1511,1,0.1423,Review
335,0.4206,1,0.3969,Review
336,0.6704,0,0.6184,Rejected
337,0.9918,0,1.0,Rejected
338,0.5154,1,0.484,Review
339,0.1529,0,0.1454,Verified
340,0.3254,0,0.3217,Rejected
341,0.1328,0,0.1255,Rejected
342,0.2582,1,0.2494,Review
343,0.3973,0,0.3823,Verified
344,0.8569,1,0.8314,Rejected
345,0.7254,1,0.7571,Review
346,0.9182,1,0.9072,Review
347,0.615,0,0.5866,Rejected
348,0.9977,1,0.9463,Verified
349,0.1074,1,0.1078,Rejected
350,0.9891,0,0.9801,Verified
351,0.7058,1,0.7086,Rejected
352,0.4043,1,0.3808,Verified
353,0.8538,0,0.7734,Verified
354,0.2625,1,0.2423,Rejected
355,0.85,1,0.8357,Review
356,0.5061,1,0.4649,Verified
357,0.776,1,0.7604,Verified
358,0.8551,0,0.791,Review
359,0.4468,0,0.4258,Rejected
360,0.0526,0,0.051,Review
361,0.2414,1,0.237,Review
362,0.1415,1,0.1471,Rejected
363,0.5265,1,0.5186,Verified
364,0.8452,0,0.7851,Rejected
365,0.2357,0,0.2151,Rejected
366,0.2387,0,0.2366,Verified
367,0.1503,1,0.1571,Verified
368,0.7848,0,0.7811,Review
369,0.6876,1,0.7219,Review
370,0.679,1,0.6375,Verified
371,0.3364,1,0.3282,Rejected
372,0.1094,0,0.1082,Rejected
373,0.5663,1,0.5747,Rejected
374,0.8531,0,0.889,Review
375,0.923,1,0.9321,Verified
376,0.4128,1,0.4174,Review
377,0.8413,1,0.8232,Verified
378,0.227,1,0.211,Rejected
379,0.5559,1,0.5607,Verified
380,0.1744,0,0.162,Rejected
381,0.1388,0,0.1282,Rejected
382,0.0552,1,0.0573,Verified
383,0.7263,1,0.6933,Verified
384,0.1343,1,0.1293,Verified
385,0.472,0,0.485,Verified
386,0.6154,0,0.5576,Verified
387,0.9591,0,0.9889,Review
388,0.0252,0,0.0259,Verified
389,0.7927,0,0.7906,Review
390,0.8448,0,0.7669,Rejected
391,0.5633,1,0.5125,Rejected
392,0.8844,0,0.9102,Review
393,0.9303,0,0.8513,Verified
394,0.3152,1,0.2888,Rejected
395,0.9957,1,0.9868,Rejected
396,0.788,0,0.7544,Review
397,0.1519,0,0.1402,Review
398,0.8409,0,0.801,Review
399,0.0214,1,0.0212,Review
400,0.1202,1,0.1108,Verified
401,0.4642,1,0.4414,Review
402,0.7998,1,0.757,Rejected
403,0.952,1,0.9995,Review
404,0.6456,0,0.5994,Rejected
405,0.2023,1,0.1838,Rejected
406,0.3502,0,0.3176,Review
407,0.3957,1,0.3737,Verified
408,0.4495,0,0.4342,Verified
409,0.1014,1,0.0963,Review
410,0.4598,0,0.4169,Review
411,0.0276,0,0.0281,Review
412,0.4755,1,0.447,Rejected
413,0.6421,1,0.6057,Rejected
414,0.0603,1,0.0569,Verified
415,0.3369,0,0.3515,Review
416,0.2449,1,0.2319,Verified
417,0.9569,1,0.9279,Verified
418,0.9905,0,0.9797,Rejected
419,0.8197,1,0.8072,Review
420,0.8511,1,0.8204,Verified
421,0.1407,1,0.1351,Verified
422,0.5889,1,0.5945,Rejected
423,0.8468,1,0.8766,Rejected
424,0.2298,0,0.2251,Review
425,0.2517,1,0.2534,Rejected
426,0.3278,1,0.3353,Rejected
427,0.0317,0,0.0327,Rejected
428,0.3598,1,0.3748,Review
429,0.3201,0,0.3078,Verified
430,0.321,0,0.3077,Review
431,0.4794,1,0.4689,Review
432,0.1914,1,0.1856,Rejected
433,0.7047,1,0.7088,Review
434,0.1057,1,0.1096,Verified
435,0.7222,0,0.6701,Verified
436,0.7724,1,0.7861,Review
437,0.8346,0,0.866,Verified
438,0.4801,1,0.4611,Verified
439,0.2229,0,0.2077,Rejected
440,0.8489,1,0.8767,Review
441,0.6738,0,0.6501,Rejected
442,0.8132,1,0.8251,Review
443,0.8722,1,0.8433,Review
444,0.3851,0,0.3815,Rejected
445,0.6235,0,0.5708,Verified
446,0.0245,0,0.0244,Rejected
447,0.9405,0,0.8549,Review
448,0.8587,0,0.8188,Review
449,0.6222,0,0.6096,Rejected
450,0.5737,0,0.5538,Review
451,0.805,0,0.8166,Verified
452,0.4489,0,0.4471,Rejected
453,0.1776,1,0.1623,Rejected
454,0.351,0,0.356,Verified
455,0.6223,1,0.5658,Rejected
456,0.2594,0,0.2343,Review
457,0.8045,1,0.7382,Verified
458,0.4742,1,0.4651,Review
459,0.5136,0,0.4799,Review
460,0.4203,0,0.3975,Review
461,0.3744,1,0.3822,Review
462,0.392,1,0.404,Review
463,0.3682,0,0.3819,Review
464,0.3581,0,0.3313,Review
465,0.7475,0,0.7389,Rejected
466,0.7854,0,0.781,Rejected
467,0.8283,0,0.7807,Review
468,0.7305,0,0.6859,Review
469,0.423,1,0.4165,Verified
470,0.5543,1,0.517,Rejected
471,0.0316,1,0.0322,Rejected
472,0.4235,0,0.4134,Verified
473,0.8859,0,0.9066,Review
474,0.6035,0,0.5447,Rejected
475,0.026,1,0.0266,Rejected
476,0.9284,0,0.8572,Verified
477,0.3751,1,0.351,Verified
478,0.5194,1,0.4868,Verified
479,0.5861,0,0.563,Rejected
480,0.9976,1,1.0,Verified
481,0.3184,0,0.3094,Review
482,0.9729,1,0.9114,Review
483,0.8262,1,0.8638,Review
484,0.9925,1,0.9783,Verified
485,0.3136,1,0.3254,Verified
486,0.3245,1,0.3304,Rejected
487,0.5989,1,0.5528,Rejected
488,0.237,1,0.2435,Review
489,0.3226,1,0.3334,Rejected
490,0.1424,0,0.1288,Review
491,0.0971,1,0.0949,Rejected
492,0.2098,1,0.1949,Verified
493,0.3316,0,0.3168,Review
494,0.7271,0,0.6718,Review
495,0.5698,1,0.5142,Rejected
496,0.1007,1,0.0925,Review
497,0.4868,0,0.4489,Review
498,0.4768,1,0.489,Rejected
499,0.5163,1,0.515,Verified
500,0.964,1,0.9569,Verified
501,0.284,1,0.2732,Verified
502,0.3759,0,0.3599,Verified
503,0.1936,0,0.1966,Review
504,0.0457,0,0.0465,Verified
505,0.3144,1,0.2977,Rejected
506,0.7648,0,0.7787,Rejected
507,0.9601,1,0.9437,Rejected
508,0.1922,0,0.1828,Rejected
509,0.0579,1,0.0539,Rejected
510,0.1957,1,0.1996,Review
511,0.2371,1,0.233,Rejected
512,0.9706,0,0.9086,Rejected
513,0.6038,1,0.6284,Review
514,0.6514,0,0.6502,Rejected
515,0.1347,1,0.1408,Rejected
516,0.1789,1,0.1869,Rejected
517,0.0698,0,0.0726,Review
518,0.2429,1,0.2234,Verified
519,0.798,0,0.792,Rejected
520,0.6081,1,0.6257,Rejected
521,0.2605,1,0.2606,Rejected
522,0.0264,0,0.0272,Review
523,0.6728,0,0.6098,Verified
524,0.7318,1,0.7255,Rejected
525,0.5588,0,0.5205,Rejected
526,0.8284,1,0.8411,Review
527,0.3806,1,0.367,Verified
528,0.8326,1,0.771,Verified
529,0.6324,1,0.5978,Rejected
530,0.8535,1,0.8735,Verified
531,0.6481,0,0.5917,Rejected
532,0.9712,0,0.9723,Review
533,0.4455,1,0.4662,Rejected
534,0.9849,1,0.939,Verified
535,0.7147,1,0.7492,Verified
536,0.5476,0,0.5187,Review
537,0.9918,0,1.0,Verified
538,0.4078,0,0.3789,Review
539,0.8872,1,0.853,Rejected
540,0.6492,0,0.6435,Rejected
541,0.2089,1,0.2129,Rejected
542,0.2801,0,0.2617,Verified
543,0.0509,0,0.0505,Verified
544,0.1795,1,0.1873,Rejected
545,0.0552,1,0.053,Verified
546,0.126,1,0.1255,Rejected
547,0.2339,0,0.2122,Review
548,0.4805,0,0.4719,Rejected
549,0.6724,1,0.7001,Review
550,0.7542,0,0.6935,Verified
551,0.627,1,0.6144,Rejected
552,0.6965,0,0.647,Rejected
553,0.7451,0,0.7463,Review
554,0.3216,1,0.3114,Review
555,0.3074,0,0.3056,Review
556,0.5353,0,0.5117,Verified
557,0.7102,1,0.6568,Review
558,0.5532,1,0.5676,Rejected
559,0.4205,0,0.3863,Verified
560,0.8084,1,0.7619,Verified
561,0.8752,1,0.8279,Rejected
562,0.6199,0,0.5598,Review
563,0.8457,1,0.8113,Review
564,0.9433,0,0.9479,Review
565,0.3161,0,0.2954,Verified
566,0.0632,0,0.0652,Verified
567,0.3338,0,0.3396,Review
568,0.7639,1,0.7526,Verified
569,0.5642,1,0.5152,Review
570,0.5609,1,0.5686,Rejected
571,0.5467,1,0.5152,Rejected
572,0.391,0,0.3604,Rejected
573,0.4914,0,0.4632,Rejected
574,0.4298,0,0.4072,Rejected
575,0.151,1,0.1394,Rejected
576,0.3455,0,0.3345,Verified
577,0.0134,1,0.0128,Review
578,0.1089,0,0.1068,Verified
579,0.3664,0,0.3503,Verified
580,0.293,0,0.3045,Verified
581,0.9875,1,0.9916,Verified
582,0.6764,1,0.6299,Rejected
583,0.4852,1,0.4851,Rejected
584,0.7939,1,0.8197,Review
585,0.4734,1,0.4429,Rejected
586,0.0206,0,0.0187,Verified
587,0.3755,0,0.3883,Rejected
588,0.8396,1,0.8441,Verified
589,0.6871,0,0.6995,Review
590,0.7102,0,0.6526,Review
591,0.4216,0,0.434,Review
592,0.1714,1,0.1756,Review
593,0.1925,1,0.1815,Review
594,0.3975,0,0.407,Review
595,0.8242,0,0.764,Review
596,0.4775,0,0.4675,Review
597,0.8798,0,0.825,Verified
598,0.8843,0,0.8216,Review
599,0.9391,0,0.9168,Verified
600,0.0199,0,0.0182,Rejected
601,0.9354,1,0.9201,Rejected
602,0.6601,1,0.6024,Review
603,0.1911,0,0.178,Verified
604,0.6692,0,0.6769,Rejected
605,0.2242,1,0.221,Rejected
606,0.2263,0,0.2073,Rejected
607,0.7464,1,0.7522,Review
608,0.9555,1,0.9633,Verified
609,0.107,0,0.1112,Verified
610,0.6771,0,0.6587,Verified
611,0.0298,0,0.0274,Verified
612,0.6716,1,0.6488,Rejected
613,0.6595,1,0.6364,Review
614,0.0359,1,0.0339,Rejected
615,0.8538,0,0.8885,Verified
616,0.896,0,0.808,Review
617,0.6022,1,0.627,Review
618,0.7167,0,0.6714,Rejected
619,0.1789,0,0.1767,Rejected
620,0.788,0,0.793,Verified
621,0.5218,0,0.4737,Verified
622,0.1721,0,0.1653,Verified
623,0.7255,1,0.6958,Verified
624,0.5138,1,0.5221,Rejected
625,0.6465,0,0.6053,Rejected
626,0.0933,1,0.0952,Review
627,0.3535,1,0.343,Verified
628,0.788,0,0.7386,Rejected
629,0.3269,1,0.3288,Verified
630,0.6719,1,0.6164,Review
631,0.9319,0,0.9192,Rejected
632,0.8671,0,0.861,Review
633,0.1578,0,0.1598,Rejected
634,0.7332,1,0.7497,Verified
635,0.3417,1,0.3473,Review
636,0.1977,1,0.1996,Review
637,0.4359,1,0.417,Verified
638,0.7648,1,0.701,Rejected
639,0.9622,0,0.9535,Review
640,0.3575,1,0.3531,Verified
641,0.562,0,0.5578,Verified
642,0.4298,0,0.4183,Rejected
643,0.7431,0,0.7026,Rejected
644,0.4584,1,0.4578,Review
645,0.1903,1,0.197,Review
646,0.6048,0,0.5738,Review
647,0.7523,1,0.7202,Review
648,0.3809,0,0.3862,Review
649,0.0831,1,0.0776,Review
650,0.2549,0,0.2535,Review
651,0.4302,1,0.4446,Review
652,0.7168,0,0.7114,Verified
653,0.5816,0,0.5903,Review
654,0.198,0,0.1806,Verified
655,0.8784,0,0.8028,Verified
656,0.7919,0,0.7549,Verified
657,0.1165,0,0.1159,Verified
658,0.3253,1,0.3306,Review
659,0.6519,1,0.6132,Review
660,0.152,0,0.1431,Review
661,0.2807,0,0.2847,Review
662,0.5192,0,0.4929,Rejected
663,0.6307,1,0.6039,Verified
664,0.9115,1,0.9077,Rejected
665,0.8545,0,0.8454,Rejected
666,0.8397,1,0.7746,Review
667,0.9904,1,0.9051,Review
668,0.1257,1,0.1287,Review
669,0.1444,0,0.1503,Review
670,0.648,0,0.6618,Review
671,0.9776,0,0.9082,Verified
672,0.395,0,0.4089,Verified
673,0.554,1,0.5073,Review
674,0.1223,0,0.1134,Rejected
675,0.6965,0,0.7116,Rejected
676,0.7784,1,0.764,Rejected
677,0.1526,1,0.139,Rejected
678,0.0875,0,0.0844,Rejected
679,0.5954,0,0.5848,Review
680,0.643,0,0.5885,Review
681,0.723,1,0.7022,Verified
682,0.612,0,0.5646,Review
683,0.1962,1,0.1844,Verified
684,0.614,1,0.6073,Rejected
685,0.457,0,0.4731,Review
686,0.1942,0,0.1948,Verified
687,0.1734,0,0.159,Verified
688,0.4688,0,0.4242,Rejected
689,0.8862,0,0.8979,Review
690,0.7633,0,0.6995,Rejected
691,0.8677,0,0.7867,Verified
692,0.874,1,0.8137,Verified
693,0.8032,1,0.8024,Rejected
694,0.9317,1,0.8553,Verified
695,0.7178,0,0.6653,Verified
696,0.131,0,0.1293,Review
697,0.2957,0,0.2696,Verified
698,0.4614,0,0.4466,Rejected
699,0.4886,1,0.4748,Review
700,0.1827,1,0.1704,Review
701,0.3606,1,0.373,Verified
702,0.7013,1,0.6727,Verified
703,0.7809,1,0.8051,Review
704,0.9083,1,0.8368,Verified
705,0.0662,1,0.0655,Rejected
706,0.7102,1,0.6498,Review
707,0.7463,1,0.7733,Verified
708,0.3297,1,0.3429,Verified
709,0.316,0,0.288,Review
710,0.6761,0,0.6664,Review
711,0.3963,1,0.3857,Rejected
712,0.2564,1,0.2619,Review
713,0.7484,1,0.7362,Rejected
714,0.6312,0,0.6416,Verified
715,0.3038,0,0.3007,Verified
716,0.4602,0,0.4467,Rejected
717,0.6984,1,0.6293,Verified
718,0.5248,0,0.4817,Verified
719,0.303,1,0.2818,Verified
720,0.585,0,0.5633,Verified
721,0.1534,1,0.1496,Verified
722,0.5272,1,0.4814,Review
723,0.7664,0,0.6954,Verified
724,0.6048,1,0.5445,Rejected
725,0.6737,1,0.6448,Verified
726,0.5375,1,0.4841,Review
727,0.936,0,0.9385,Verified
728,0.8739,1,0.8177,Verified
729,0.8924,1,0.8382,Review
730,0.4096,0,0.3993,Rejected
731,0.482,1,0.4957,Review
732,0.4852,0,0.4944,Rejected
733,0.4927,0,0.454,Verified
734,0.8769,0,0.794,Verified
735,0.6281,0,0.5865,Verified
736,0.798,0,0.7442,Rejected
737,0.8143,1,0.7412,Review
738,0.2352,0,0.2192,Verified
739,0.4026,1,0.3632,Verified
740,0.0889,1,0.0877,Rejected
741,0.0336,0,0.0329,Rejected
742,0.965,0,0.9151,Rejected
743,0.7624,1,0.781,Review
744,0.1071,1,0.0969,Rejected
745,0.7545,0,0.6973,Review
746,0.3295,0,0.343,Rejected
747,0.1804,0,0.165,Review
748,0.9607,1,0.8822,Verified
749,0.1938,1,0.1986,Review
750,0.0154,1,0.0146,Rejected
751,0.5484,0,0.5502,Rejected
752,0.5234,0,0.5066,Review
753,0.0093,0,0.0089,Rejected
754,0.6739,1,0.6309,Verified
755,0.3219,1,0.292,Verified
756,0.4373,1,0.4213,Verified
757,0.412,1,0.4122,Review
758,0.1532,1,0.158,Review
759,0.9215,1,0.949,Review
760,0.4603,1,0.4338,Rejected
761,0.0219,0,0.0214,Review
762,0.0461,0,0.0473,Rejected
763,0.7323,0,0.6626,Verified
764,0.7252,1,0.6578,Review
765,0.5723,0,0.5241,Review
766,0.4868,0,0.4666,Rejected
767,0.6395,0,0.6512,Rejected
768,0.2074,0,0.1973,Rejected
769,0.2635,1,0.2596,Verified
770,0.991,1,1.0,Rejected
771,0.542,0,0.5084,Verified
772,0.4024,1,0.4047,Rejected
773,0.539,1,0.4913,Verified
774,0.3415,0,0.3493,Review
775,0.9198,0,0.9648,Rejected
776,0.504,0,0.4936,Review
777,0.2055,1,0.1984,Review
778,0.6903,0,0.691,Verified
779,0.8599,0,0.8271,Review
780,0.4957,0,0.4974,Verified
781,0.1655,1,0.1502,Review
782,0.2447,0,0.2249,Verified
783,0.3418,0,0.3391,Verified
784,0.7784,1,0.7128,Review
785,0.2721,0,0.2498,Review
786,0.0707,1,0.0659,Verified
787,0.6453,0,0.617,Verified
788,0.4828,0,0.4739,Verified
789,0.389,0,0.37,Review
790,0.7325,0,0.7255,Rejected
791,0.1709,0,0.1581,Verified
792,0.1617,0,0.1522,Review
793,0.1648,0,0.1726,Verified
794,0.1022,1,0.106,Review
795,0.6455,0,0.6273,Verified
796,0.5891,1,0.6136,Review
797,0.342,1,0.3208,Verified
798,0.8751,0,0.8621,Review
799,0.7628,0,0.769,Rejected
800,0.4256,1,0.3923,Review
801,0.5222,1,0.4829,Review
802,0.2487,1,0.2515,Rejected
803,0.0993,0,0.0923,Rejected
804,0.1642,0,0.1591,Verified
805,0.5663,1,0.5659,Verified
806,0.1625,1,0.1682,Verified
807,0.1066,1,0.1018,Review
808,0.6133,1,0.6031,Rejected
809,0.6378,0,0.6654,Rejected
810,0.1053,1,0.0977,Verified
811,0.2877,0,0.2735,Review
812,0.2765,0,0.2896,Review
813,0.8956,0,0.8162,Rejected
814,0.622,1,0.5897,Verified
815,0.6067,0,0.5617,Review
816,0.7782,1,0.7219,Verified
817,0.1386,0,0.1364,Rejected
818,0.4164,0,0.4309,Verified
819,0.9998,0,0.9864,Rejected
820,0.9044,1,0.9259,Review
821,0.8446,1,0.84,Review
822,0.4526,0,0.4687,Rejected
823,0.3986,1,0.3713,Verified
824,0.1584,1,0.149,Verified
825,0.9188,1,0.8697,Verified
826,0.5111,0,0.4782,Review
827,0.5245,1,0.5098,Review
828,0.6737,1,0.6492,Verified
829,0.4486,1,0.4445,Review
830,0.1583,0,0.1652,Review
831,0.0915,1,0.0947,Rejected
832,0.3622,1,0.3358,Rejected
833,0.0032,1,0.003,Review
834,0.6479,1,0.6363,Rejected
835,0.8337,1,0.8368,Review
836,0.7306,1,0.7385,Rejected
837,0.1416,1,0.1418,Review
838,0.5387,1,0.5208,Verified
839,0.5757,0,0.5695,Review
840,0.2755,1,0.2566,Rejected
841,0.6524,1,0.5997,Rejected
842,0.3127,0,0.2969,Review
843,0.0626,0,0.0602,Rejected
844,0.8383,1,0.7947,Verified
845,0.0886,1,0.0878,Review
846,0.9194,0,0.8993,Review
847,0.9965,0,0.9686,Review
848,0.8657,0,0.7849,Rejected
849,0.9073,1,0.8662,Rejected
850,0.2424,0,0.2203,Review
851,0.9471,0,0.8692,Review
852,0.882,1,0.8039,Review
853,0.5501,0,0.546,Verified
854,0.698,0,0.7091,Review
855,0.5602,1,0.5695,Verified
856,0.2933,0,0.3061,Verified
857,0.021,0,0.0189,Rejected
858,0.2808,0,0.2707,Review
859,0.2454,0,0.2275,Rejected
860,0.2787,0,0.2691,Review
861,0.5955,1,0.5948,Verified
862,0.691,0,0.691,Rejected
863,0.2206,0,0.2091,Rejected
864,0.2787,0,0.2581,Verified
865,0.0264,0,0.0268,Review
866,0.1248,1,0.1269,Rejected
867,0.9835,1,1.0,Verified
868,0.473,0,0.4286,Review
869,0.9737,0,0.8806,Verified
870,0.7747,1,0.6978,Rejected
871,0.0302,0,0.0299,Review
872,0.7429,1,0.7163,Review
873,0.8432,1,0.7633,Verified
874,0.5448,1,0.4913,Verified
875,0.4346,0,0.4495,Review
876,0.3896,1,0.363,Review
877,0.228,0,0.2135,Rejected
878,0.1059,0,0.1087,Rejected
879,0.641,1,0.6532,Rejected
880,0.7922,0,0.7256,Verified
881,0.9553,0,0.8931,Verified
882,0.1057,0,0.1075,Review
883,0.2608,1,0.236,Review
884,0.0569,1,0.0563,Rejected
885,0.7273,1,0.7045,Rejected
886,0.1856,1,0.1774,Review
887,0.8389,1,0.8701,Rejected
888,0.7625,1,0.7396,Verified
889,0.5451,1,0.5297,Verified
890,0.5046,0,0.4872,Review
891,0.0497,1,0.0504,Review
892,0.0869,0,0.0866,Rejected
893,0.3412,0,0.3194,Rejected
894,0.1785,0,0.1671,Verified
895,0.8199,0,0.7711,Verified
896,0.6008,0,0.5718,Rejected
897,0.5805,0,0.5458,Rejected
898,0.9152,1,0.9323,Review
899,0.3183,0,0.2977,Rejected
900,0.994,0,0.9727,Review
901,0.6934,1,0.6334,Verified
902,0.7611,1,0.7523,Rejected
903,0.503,0,0.4547,Review
904,0.5556,1,0.5064,Review
905,0.0363,1,0.0348,Rejected
906,0.1544,1,0.1428,Verified
907,0.7872,1,0.7862,Review
908,0.9825,0,0.8898,Rejected
909,0.2519,1,0.2374,Verified
910,0.1936,1,0.1763,Rejected
911,0.6376,1,0.6241,Review
912,0.8819,0,0.8861,Rejected
913,0.4705,0,0.4732,Verified
914,0.6663,1,0.6083,Rejected
915,0.03,1,0.0275,Rejected
916,0.4724,1,0.4492,Review
917,0.4608,0,0.4258,Rejected
918,0.3149,1,0.3304,Rejected
919,0.1203,1,0.1085,Rejected
920,0.8197,1,0.7504,Verified
921,0.677,1,0.6826,Verified
922,0.3235,0,0.3144,Rejected
923,0.0928,0,0.0957,Rejected
924,0.125,1,0.1305,Review
925,0.4579,1,0.4155,Rejected
926,0.1356,0,0.1337,Verified
927,0.7858,0,0.8231,Rejected
928,0.2166,0,0.226,Review
929,0.1337,0,0.1403,Rejected
930,0.4907,0,0.46,Rejected
931,0.101,0,0.0917,Rejected
932,0.2787,0,0.2618,Verified
933,0.4128,1,0.4203,Rejected
934,0.1734,0,0.1686,Rejected
935,0.0816,1,0.0835,Review
936,0.2406,1,0.2309,Review
937,0.0901,0,0.0916,Review
938,0.302,1,0.3168,Rejected
939,0.8467,0,0.8706,Verified
940,0.4946,0,0.4801,Verified
941,0.1344,1,0.1369,Rejected
942,0.8626,1,0.8771,Verified
943,0.7113,1,0.7416,Review
944,0.1106,1,0.1155,Review
945,0.6447,0,0.6415,Review
946,0.2294,0,0.2321,Rejected
947,0.0085,0,0.008,Verified
948,0.5984,0,0.6259,Rejected
949,0.4045,1,0.371,Review
950,0.3106,1,0.29,Verified
951,0.5517,0,0.5044,Rejected
952,0.3084,0,0.296,Rejected
953,0.5046,0,0.5093,Verified
954,0.1113,0,0.1148,Verified
955,0.6598,0,0.6399,Review
956,0.286,1,0.2802,Rejected
957,0.6792,0,0.6654,Verified
958,0.6459,0,0.6033,Verified
959,0.808,1,0.7707,Verified
960,0.6148,1,0.635,Rejected
961,0.909,1,0.819,Rejected
962,0.4117,1,0.4227,Verified
963,0.4939,0,0.45,Rejected
964,0.076,1,0.0776,Rejected
965,0.5179,1,0.473,Review
966,0.9107,0,0.8919,Verified
967,0.9734,1,0.9936,Review
968,0.9393,0,0.8534,Rejected
969,0.5806,0,0.5581,Review
970,0.559,0,0.5478,Rejected
971,0.2121,1,0.1996,Rejected
972,0.2389,1,0.2416,Verified
973,0.2335,0,0.219,Rejected
974,0.1163,0,0.1162,Rejected
975,0.8348,0,0.8138,Review
976,0.62,1,0.6452,Review
977,0.4781,1,0.4433,Rejected
978,0.1585,0,0.1617,Rejected
979,0.6318,1,0.6555,Rejected
980,0.9803,0,0.8834,Review
981,0.1159,0,0.1101,Verified
982,0.1121,0,0.111,Rejected
983,0.7849,1,0.7551,Verified
984,0.125,0,0.1137,Rejected
985,0.2486,0,0.2552,Verified
986,0.7059,0,0.7397,Rejected
987,0.3952,0,0.4092,Rejected
988,0.3143,1,0.2883,Rejected
989,0.6491,0,0.5854,Rejected
990,0.9677,0,0.8808,Verified
991,0.6666,0,0.6582,Verified
992,0.3728,0,0.3462,Verified
993,0.8559,1,0.8628,Review
994,0.8948,1,0.828,Rejected
995,0.0129,0,0.0121,Rejected
996,0.3576,0,0.3322,Review
997,0.6683,1,0.6041,Verified
998,0.8517,1,0.7947,Review
999,0.5126,0,0.4893,Verified
1000,0.8243,1,0.7707,Verified
1001,0.3079,0,0.2818,Verified
1002,0.4423,0,0.4424,Rejected
1003,0.428,0,0.4358,Review
1004,0.6358,0,0.6033,Review
1005,0.9072,1,0.8739,Rejected
1006,0.7077,0,0.6692,Review
1007,0.725,0,0.7447,Rejected
1008,0.7751,1,0.7399,Review
1009,0.3724,1,0.3649,Rejected
1010,0.6755,1,0.6913,Rejected
1011,0.5175,0,0.5171,Review
1012,0.7843,1,0.8186,Review
1013,0.7264,0,0.6648,Rejected
1014,0.0801,1,0.0772,Review
1015,0.7001,1,0.6707,Verified
1016,0.0737,1,0.0667,Verified
1017,0.8941,0,0.8286,Rejected
1018,0.0587,1,0.0603,Rejected
1019,0.1572,0,0.153,Review
1020,0.4357,0,0.405,Verified
1021,0.8829,0,0.8433,Verified
1022,0.201,0,0.2087,Review
1023,0.6959,1,0.6457,Rejected
1024,0.4308,0,0.4124,Rejected
1025,0.3468,1,0.338,Rejected
1026,0.4189,0,0.3917,Review
1027,0.5284,1,0.5377,Verified
1028,0.584,0,0.5544,Verified
1029,0.558,1,0.5709,Verified
1030,0.5856,1,0.5464,Verified
1031,0.788,0,0.7522,Verified
1032,0.2297,1,0.2213,Review
1033,0.0898,0,0.0926,Review
1034,0.9666,0,0.9,Review
1035,0.0409,1,0.0399,Rejected
1036,0.5964,0,0.5406,Rejected
1037,0.7883,0,0.7284,Review
1038,0.7828,0,0.7724,Review
1039,0.2011,1,0.2052,Review
1040,0.4525,0,0.4479,Rejected
1041,0.2231,0,0.232,Rejected
1042,0.334,1,0.3068,Rejected
1043,0.6761,0,0.6329,Review
1044,0.8008,0,0.7546,Verified
1045,0.4878,0,0.4981,Verified
1046,0.4071,1,0.3703,Rejected
1047,0.8366,0,0.7957,Rejected
1048,0.7833,0,0.7603,Review
1049,0.2835,1,0.2811,Verified
1050,0.024,0,0.025,Verified
1051,0.6134,1,0.6426,Verified
1052,0.633,0,0.5795,Rejected
1053,0.1789,1,0.1768,Rejected
1054,0.3551,0,0.3523,Verified
1055,0.6831,0,0.658,Review
1056,0.2047,1,0.1946,Rejected
1057,0.7565,0,0.7063,Verified
1058,0.9665,1,0.9794,Rejected
1059,0.2657,0,0.2706,Review
1060,0.7672,1,0.7549,Verified
1061,0.6861,1,0.6634,Review
1062,0.0803,0,0.0769,Review
1063,0.1762,1,0.1703,Review
1064,0.5391,0,0.5169,Verified
1065,0.5653,0,0.5901,Verified
1066,0.083,0,0.0867,Review
1067,0.841,0,0.8754,Rejected
1068,0.7003,1,0.6443,Rejected
1069,0.011,0,0.0104,Review
1070,0.9808,1,0.9253,Rejected
1071,0.755,1,0.7767,Review
1072,0.8885,0,0.8787,Rejected
1073,0.3973,1,0.3799,Review
1074,0.7696,0,0.7873,Verified
1075,0.6741,0,0.6679,Rejected
1076,0.221,0,0.2152,Review
1077,0.7373,0,0.673,Verified
1078,0.5779,0,0.5272,Rejected
1079,0.7698,1,0.7783,Review
1080,0.9371,0,0.973,Rejected
1081,0.3087,1,0.3055,Rejected
1082,0.0764,0,0.0746,Review
1083,0.0224,0,0.0203,Rejected
1084,0.16,1,0.1557,Verified
1085,0.5344,0,0.5588,Review
1086,0.3526,0,0.3511,Verified
1087,0.8208,0,0.7994,Verified
1088,0.7142,0,0.6731,Review
1089,0.3021,1,0.3045,Verified
1090,0.2275,1,0.233,Verified
1091,0.3009,0,0.2906,Rejected
1092,0.902,1,0.945,Verified
1093,0.2747,0,0.2673,Review
1094,0.0692,1,0.0636,Rejected
1095,0.7237,0,0.7105,Verified
1096,0.7071,1,0.6862,Rejected
1097,0.8152,0,0.8394,Verified
1098,0.5105,1,0.4692,Rejected
1099,0.8269,1,0.7517,Rejected
1100,0.5609,1,0.5242,Rejected
1101,0.264,0,0.2429,Verified
1102,0.4205,0,0.3855,Review
1103,0.6126,1,0.5888,Rejected
1104,0.6352,0,0.6124,Rejected
1105,0.1791,1,0.164,Rejected
1106,0.2158,0,0.1994,Review
1107,0.7823,0,0.7741,Rejected
1108,0.6534,0,0.6724,Review
1109,0.2555,1,0.2658,Verified
1110,0.5078,0,0.4717,Verified
1111,0.4401,0,0.4241,Review
1112,0.7134,1,0.6469,Review
1113,0.0726,0,0.0676,Verified
1114,0.4394,1,0.4443,Verified
1115,0.2429,1,0.2379,Rejected
1116,0.2048,0,0.2021,Review
1117,0.0013,1,0.0012,Review
1118,0.7389,1,0.6807,Review
1119,0.2982,1,0.2796,Verified
1120,0.9814,1,1.0,Rejected
1121,0.6495,0,0.6031,Verified
1122,0.7659,0,0.7341,Rejected
1123,0.003,1,0.0031,Verified
1124,0.8014,1,0.7983,Verified
1125,0.0842,0,0.0871,Verified
1126,0.4597,1,0.432,Rejected
1127,0.3715,1,0.341,Rejected
1128,0.1863,0,0.1939,Rejected
1129,0.5006,1,0.4536,Rejected
1130,0.035,1,0.0349,Verified
1131,0.8673,1,0.8447,Review
1132,0.2695,0,0.243,Verified
1133,0.1561,0,0.1457,Rejected
1134,0.8899,0,0.8044,Rejected
1135,0.7735,0,0.7803,Rejected
1136,0.8585,0,0.8435,Verified
1137,0.0393,0,0.0375,Rejected
1138,0.3529,0,0.3385,Rejected
1139,0.438,1,0.4404,Rejected
1140,0.6358,0,0.5975,Review
1141,0.0724,0,0.067,Review
1142,0.7941,0,0.7363,Rejected
1143,0.5625,0,0.5383,Review
1144,0.2401,0,0.2167,Review
1145,0.0698,1,0.0653,Verified
1146,0.7325,1,0.6861,Review
1147,0.2202,0,0.2125,Rejected
1148,0.0567,0,0.0519,Review
1149,0.8803,0,0.7947,Verified
1150,0.6349,1,0.6567,Rejected
1151,0.611,1,0.5539,Verified
1152,0.7165,1,0.6669,Verified
1153,0.4753,0,0.478,Rejected
1154,0.0648,0,0.0677,Verified
1155,0.9912,0,1.0,Verified
1156,0.8208,0,0.8047,Rejected
1157,0.5542,1,0.5634,Rejected
1158,0.1262,1,0.1235,Verified
1159,0.2803,1,0.28,Verified
1160,0.6,1,0.6253,Review
1161,0.7119,1,0.6744,Verified
1162,0.0623,0,0.0639,Rejected
1163,0.0035,0,0.0035,Review
1164,0.4297,0,0.4311,Verified
1165,0.3312,0,0.3119,Rejected
1166,0.535,0,0.5495,Review
1167,0.857,0,0.8233,Review
1168,0.0818,1,0.0761,Rejected
1169,0.6149,0,0.5882,Review
1170,0.4455,0,0.4635,Verified
1171,0.8768,0,0.9166,Review
1172,0.8545,1,0.8345,Rejected
1173,0.0708,0,0.07,Review
1174,0.7798,1,0.8054,Review
1175,0.6602,0,0.6427,Verified
1176,0.5076,0,0.4811,Verified
1177,0.532,1,0.4838,Verified
1178,0.7936,0,0.8008,Review
1179,0.3512,0,0.354,Rejected
1180,0.5204,1,0.4899,Review
1181,0.2347,0,0.2343,Verified
1182,0.2835,0,0.2817,Rejected
1183,0.5968,0,0.5751,Review
1184,0.2581,0,0.2606,Verified
1185,0.3461,1,0.33,Verified
1186,0.5561,1,0.5245,Rejected
1187,0.9539,1,0.8859,Review
1188,0.1862,1,0.1912,Rejected
1189,0.3264,0,0.3366,Rejected
1190,0.9944,0,0.954,Verified
1191,0.4871,1,0.4666,Rejected
1192,0.8211,0,0.7426,Rejected
1193,0.7895,1,0.8211,Rejected
1194,0.9941,0,0.9663,Verified
1195,0.7133,0,0.6849,Verified
1196,0.0293,0,0.0287,Rejected
1197,0.8825,1,0.8427,Verified
1198,0.2639,0,0.2716,Rejected
1199,0.1681,1,0.1697,Review
1200,0.3868,1,0.3713,Rejected
1201,0.3684,1,0.3645,Verified
1202,0.8072,0,0.7926,Review
1203,0.4469,1,0.4595,Review
1204,0.772,1,0.7079,Verified
1205,0.3599,1,0.3507,Review
1206,0.7772,1,0.8,Review
1207,0.2281,1,0.2155,Rejected
1208,0.2276,1,0.2344,Review
1209,0.4206,1,0.4017,Verified
1210,0.4259,1,0.4269,Review
1211,0.1706,1,0.1736,Rejected
1212,0.8511,1,0.8692,Review
1213,0.659,0,0.6435,Rejected
1214,0.3223,0,0.3295,Verified
1215,0.3053,0,0.3165,Review
1216,0.0802,0,0.0794,Review
1217,0.6684,1,0.6305,Verified
1218,0.1299,1,0.117,Review
1219,0.5603,1,0.5253,Rejected
1220,0.5322,1,0.5508,Review
1221,0.7887,1,0.7416,Review
1222,0.7484,1,0.7131,Review
1223,0.6697,1,0.6825,Review
1224,0.9638,1,0.9883,Rejected
1225,0.5839,1,0.6057,Rejected
1226,0.5948,1,0.5588,Rejected
1227,0.7502,0,0.7555,Verified
1228,0.4352,0,0.4543,Review
1229,0.2206,1,0.2302,Review
1230,0.8488,0,0.8493,Verified
1231,0.6854,0,0.662,Verified
1232,0.7992,1,0.8256,Rejected
1233,0.8766,1,0.8287,Rejected
1234,0.2821,1,0.2827,Verified
1235,0.8298,1,0.8629,Review
1236,0.3973,0,0.3939,Rejected
1237,0.2075,1,0.1868,Verified
1238,0.9042,0,0.8605,Verified
1239,0.4944,0,0.4821,Review
1240,0.6768,1,0.6398,Review
1241,0.1554,1,0.1453,Verified
1242,0.9383,0,0.9174,Review
1243,0.047,0,0.043,Verified
1244,0.5946,1,0.6077,Review
1245,0.1281,1,0.1195,Review
1246,0.5796,0,0.5536,Verified
1247,0.3059,1,0.2793,Verified
1248,0.4619,1,0.4405,Rejected
1249,0.2807,1,0.2787,Rejected
1250,0.0035,0,0.0033,Verified
1251,0.0871,0,0.0841,Verified
1252,0.3188,0,0.3229,Verified
1253,0.3795,0,0.3441,Rejected
1254,0.4112,0,0.3828,Review
1255,0.4826,0,0.4687,Review
1256,0.4132,0,0.4011,Verified
1257,0.0393,0,0.0395,Verified
1258,0.0839,1,0.0839,Rejected
1259,0.4565,0,0.4633,Rejected
1260,0.4059,0,0.393,Rejected
1261,0.5582,0,0.5644,Rejected
1262,0.9716,1,0.9266,Review
1263,0.3605,0,0.3627,Rejected
1264,0.2657,1,0.2757,Rejected
1265,0.3358,1,0.3472,Verified
1266,0.3728,0,0.3826,Verified
1267,0.6882,1,0.665,Verified
1268,0.5605,0,0.5106,Rejected
1269,0.4393,0,0.439,Rejected
1270,0.2739,1,0.2863,Verified
1271,0.7392,0,0.7557,Verified
1272,0.568,0,0.5575,Verified
1273,0.919,1,0.8965,Rejected
1274,0.1361,0,0.1388,Rejected
1275,0.5217,0,0.5314,Verified
1276,0.1409,0,0.1281,Rejected
1277,0.5316,0,0.5509,Verified
1278,0.7801,0,0.7686,Rejected
1279,0.9043,0,0.9462,Rejected
1280,0.0048,1,0.0047,Verified
1281,0.5234,0,0.5308,Review
1282,0.7182,1,0.7243,Verified
1283,0.9451,0,0.8628,Review
1284,0.0066,0,0.0065,Verified
1285,0.3948,0,0.3653,Rejected
1286,0.9108,1,0.8757,Rejected
1287,0.1304,0,0.1215,Verified
1288,0.7304,1,0.7503,Rejected
1289,0.057,0,0.0569,Rejected
1290,0.2129,0,0.2112,Rejected
1291,0.0486,0,0.0464,Verified
1292,0.5118,1,0.4728,Verified
1293,0.9005,1,0.9106,Review
1294,0.1948,1,0.1827,Verified
1295,0.4331,1,0.3942,Rejected
1296,0.0444,0,0.0442,Rejected
1297,0.7287,0,0.729,Review
1298,0.0675,1,0.0647,Review
1299,0.1191,0,0.1137,Review
1300,0.0052,1,0.0047,Rejected
1301,0.0083,0,0.0085,Review
1302,0.0069,1,0.0072,Verified
1303,0.419,1,0.4104,Review
1304,0.3383,0,0.3316,Verified
1305,0.6095,1,0.5732,Review
1306,0.1648,1,0.172,Verified
1307,0.0772,1,0.074,Verified
1308,0.1804,1,0.1763,Verified
1309,0.5448,1,0.5554,Verified
1310,0.7247,0,0.6566,Rejected
1311,0.1153,1,0.1147,Rejected
1312,0.9826,0,1.0,Verified
1313,0.7231,1,0.7366,Verified
1314,0.0596,0,0.059,Rejected
1315,0.4187,1,0.4176,Verified
1316,0.8848,0,0.9143,Rejected
1317,0.995,0,0.9736,Rejected
1318,0.086,0,0.0864,Rejected
1319,0.2058,0,0.208,Verified
1320,0.8592,1,0.8972,Review
1321,0.3119,0,0.2893,Review
1322,0.9982,1,1.0,Review
1323,0.001,0,0.0009,Verified
1324,0.88,0,0.8756,Rejected
1325,0.8896,0,0.8848,Rejected
1326,0.0705,0,0.0738,Verified
1327,0.8813,0,0.8439,Rejected
1328,0.5996,0,0.5652,Rejected
1329,0.4229,0,0.3832,Review
1330,0.7697,1,0.7694,Review
1331,0.5913,0,0.5566,Review
1332,0.5037,1,0.4779,Rejected
1333,0.1081,0,0.1088,Verified
1334,0.9486,0,0.8759,Verified
1335,0.58,0,0.5825,Review
1336,0.6511,1,0.59,Rejected
1337,0.9547,0,0.9877,Rejected
1338,0.1084,0,0.1013,Review
1339,0.3941,0,0.3668,Rejected
1340,0.4509,0,0.445,Rejected
1341,0.978,1,0.9788,Verified
1342,0.8123,1,0.8315,Rejected
1343,0.7093,0,0.6737,Verified
1344,0.2047,1,0.1865,Review
1345,0.9906,0,1.0,Verified
1346,0.2562,1,0.2634,Verified
1347,0.8408,0,0.8279,Verified
1348,0.8345,1,0.8582,Review
1349,0.6981,0,0.6456,Verified
1350,0.1674,0,0.1597,Rejected
1351,0.759,0,0.7731,Review
1352,0.8437,0,0.8233,Review
1353,0.185,1,0.1706,Rejected
1354,0.0426,1,0.0389,Review
1355,0.6179,1,0.637,Verified
1356,0.7597,0,0.732,Verified
1357,0.032,0,0.0322,Review
1358,0.4386,0,0.4385,Rejected
1359,0.6995,0,0.6321,Rejected
1360,0.3877,1,0.3825,Verified
1361,0.3807,1,0.3514,Rejected
1362,0.12,0,0.1217,Rejected
1363,0.3203,0,0.2983,Review
1364,0.6044,1,0.5633,Review
1365,0.6004,1,0.5778,Verified
1366,0.2002,0,0.1919,Rejected
1367,0.5776,1,0.6007,Review
1368,0.9539,0,0.875,Verified
1369,0.7382,1,0.6793,Verified
1370,0.5227,0,0.48,Rejected
1371,0.4777,1,0.4685,Verified
1372,0.38,1,0.377,Rejected
1373,0.252,1,0.2548,Verified
1374,0.2541,1,0.2433,Review
1375,0.7594,0,0.7406,Verified
1376,0.5694,1,0.5798,Rejected
1377,0.2693,1,0.2677,Rejected
1378,0.8753,1,0.8187,Review
1379,0.6466,1,0.6016,Review
1380,0.861,0,0.8292,Review
1381,0.559,0,0.5747,Review
1382,0.3612,1,0.3727,Verified
1383,0.4908,0,0.4847,Rejected
1384,0.6379,0,0.6496,Verified
1385,0.6863,0,0.7193,Verified
1386,0.1117,1,0.1046,Verified
1387,0.7231,1,0.676,Verified
1388,0.5875,1,0.599,Rejected
1389,0.2326,0,0.2243,Rejected
1390,0.4797,0,0.4474,Verified
1391,0.3452,0,0.3135,Rejected
1392,0.7812,0,0.8009,Rejected
1393,0.4534,1,0.4413,Rejected
1394,0.2352,0,0.2165,Verified
1395,0.4701,1,0.456,Verified
1396,0.0979,1,0.0906,Rejected
1397,0.5362,0,0.5013,Rejected
1398,0.2749,0,0.2875,Review
1399,0.7867,1,0.7397,Rejected
1400,0.2453,0,0.2549,Review
1401,0.472,0,0.4511,Review
1402,0.7143,0,0.6544,Review
1403,0.1144,1,0.1177,Verified
1404,0.7276,0,0.6765,Review
1405,0.7175,0,0.7028,Review
1406,0.3328,1,0.3036,Rejected
1407,0.5691,1,0.516,Verified
1408,0.9091,0,0.9093,Verified
1409,0.7231,1,0.7374,Verified
1410,0.1926,0,0.1762,Review
1411,0.2014,0,0.1998,Rejected
1412,0.9233,0,0.9502,Rejected
1413,0.8998,0,0.9175,Verified
1414,0.1897,1,0.1935,Rejected
1415,0.4368,1,0.3971,Verified
1416,0.8528,0,0.7677,Rejected
1417,0.3872,1,0.3615,Review
1418,0.5876,0,0.6141,Review
1419,0.6164,0,0.5792,Rejected
1420,0.371,0,0.372,Rejected
1421,0.9447,1,0.8651,Review
1422,0.1797,0,0.1724,Rejected
1423,0.7284,0,0.6975,Rejected
1424,0.1039,1,0.0967,Rejected
1425,0.3776,0,0.3786,Review
1426,0.7169,0,0.7482,Review
1427,0.6862,0,0.6738,Review
1428,0.2569,0,0.2371,Rejected
1429,0.4383,1,0.4207,Rejected
1430,0.7961,0,0.7863,Verified
1431,0.2146,0,0.2081,Rejected
1432,0.9846,1,0.8923,Rejected
1433,0.9839,0,1.0,Review
1434,0.2615,1,0.268,Review
1435,0.8575,0,0.8951,Verified
1436,0.6134,0,0.6112,Review
1437,0.0273,0,0.028,Rejected
1438,0.1091,1,0.1011,Rejected
1439,0.1242,0,0.1247,Review
1440,0.1966,1,0.1915,Rejected
1441,0.0812,0,0.0769,Verified
1442,0.7112,1,0.695,Review
1443,0.3066,0,0.3043,Review
1444,0.0841,1,0.0768,Review
1445,0.277,1,0.2596,Rejected
1446,0.0125,0,0.0131,Review
1447,0.548,0,0.506,Verified
1448,0.6065,0,0.5859,Verified
1449,0.2447,0,0.2408,Review
1450,0.1239,1,0.1152,Rejected
1451,0.0393,0,0.0366,Verified
1452,0.951,0,0.9043,Rejected
1453,0.7909,0,0.7172,Verified
1454,0.0217,0,0.0224,Review
1455,0.6643,0,0.6748,Verified
1456,0.9999,1,1.0,Verified
1457,0.3856,0,0.3995,Review
1458,0.4786,1,0.4576,Review
1459,0.1822,0,0.1719,Verified
1460,0.753,0,0.6804,Rejected
1461,0.1413,1,0.1416,Rejected
1462,0.8337,1,0.8633,Review
1463,0.3349,1,0.3027,Rejected
1464,0.7591,0,0.7744,Rejected
1465,0.6486,1,0.6235,Rejected
1466,0.0619,0,0.0584,Review
1467,0.9225,1,0.9524,Review
1468,0.9783,0,0.9344,Rejected
1469,0.5157,0,0.4691,Rejected
1470,0.064,0,0.0599,Rejected
1471,0.0878,0,0.0887,Rejected
1472,0.4693,0,0.4267,Verified
1473,0.7563,1,0.7919,Review
1474,0.8762,0,0.9107,Rejected
1475,0.562,1,0.5472,Review
1476,0.2699,0,0.2466,Rejected
1477,0.4563,1,0.4314,Review
1478,0.5065,0,0.4966,Verified
1479,0.8523,0,0.8949,Rejected
1480,0.6645,0,0.6199,Verified
1481,0.176,0,0.1764,Verified
1482,0.1261,0,0.1289,Rejected
1483,0.5305,1,0.536,Rejected
1484,0.9614,1,0.8885,Review
1485,0.9771,0,0.9885,Review
1486,0.8231,0,0.7612,Verified
1487,0.3737,1,0.3423,Review
1488,0.8868,1,0.8507,Review
1489,0.8474,1,0.8576,Verified
1490,0.6162,0,0.5948,Review
1491,0.5005,1,0.4645,Rejected
1492,0.4587,1,0.4559,Verified
1493,0.2782,0,0.2737,Review
1494,0.7481,0,0.7137,Review
1495,0.2113,1,0.2151,Rejected
1496,0.2588,1,0.2489,Verified
1497,0.8022,1,0.8023,Verified
1498,0.453,1,0.4498,Verified
1499,0.2401,1,0.2241,Verified
1500,0.5146,0,0.5164,Review
1501,0.7949,1,0.8181,Review
1502,0.9186,1,0.8826,Verified
1503,0.9425,1,0.8759,Rejected
1504,0.8694,0,0.9068,Verified
1505,0.4356,1,0.4212,Rejected
1506,0.1478,1,0.1345,Rejected
1507,0.9383,0,0.9119,Rejected
1508,0.6998,1,0.7267,Rejected
1509,0.4955,0,0.4983,Rejected
1510,0.2203,1,0.2077,Review
1511,0.1827,1,0.1678,Rejected
1512,0.4786,0,0.4359,Rejected
1513,0.1617,1,0.1585,Review
1514,0.2004,1,0.1844,Rejected
1515,0.8337,1,0.8267,Rejected
1516,0.2323,1,0.2409,Rejected
1517,0.1605,0,0.1535,Verified
1518,0.0715,0,0.071,Verified
1519,0.1474,0,0.1402,Review
1520,0.5282,1,0.545,Review
1521,0.3569,1,0.3637,Verified
1522,0.4163,0,0.4259,Review
1523,0.6617,1,0.6313,Verified
1524,0.5825,0,0.6017,Review
1525,0.7544,1,0.7787,Verified
1526,0.908,0,0.8846,Verified
1527,0.9335,1,0.8779,Rejected
1528,0.1623,0,0.1495,Rejected
1529,0.7448,0,0.6724,Verified
1530,0.7028,0,0.7018,Rejected
1531,0.7157,0,0.6467,Verified
1532,0.7892,0,0.7706,Verified
1533,0.6043,0,0.5644,Verified
1534,0.2487,0,0.2494,Rejected
1535,0.0815,0,0.0831,Review
1536,0.9845,1,1.0,Verified
1537,0.0656,1,0.0628,Verified
1538,0.3829,1,0.3823,Verified
1539,0.7967,0,0.7576,Rejected
1540,0.2362,1,0.2353,Verified
1541,0.3757,1,0.3894,Verified
1542,0.0384,1,0.0376,Rejected
1543,0.8323,1,0.7592,Verified
1544,0.9214,0,0.8941,Review
1545,0.3751,1,0.3804,Verified
1546,0.708,0,0.7083,Verified
1547,0.0189,0,0.0175,Verified
1548,0.6967,0,0.7259,Rejected
1549,0.6076,1,0.6222,Review
1550,0.1638,0,0.1698,Review
1551,0.2321,1,0.2194,Rejected
1552,0.0058,0,0.0058,Review
1553,0.234,1,0.2229,Rejected
1554,0.8722,1,0.8473,Review
1555,0.1838,0,0.1774,Rejected
1556,0.0583,0,0.0563,Verified
1557,0.6024,1,0.6161,Review
1558,0.9502,0,0.8894,Review
1559,0.4846,0,0.4854,Verified
1560,0.3741,0,0.3854,Rejected
1561,0.8059,1,0.8413,Verified
1562,0.379,0,0.3586,Review
1563,0.0881,0,0.0867,Rejected
1564,0.5387,1,0.5131,Verified
1565,0.1577,0,0.1562,Review
1566,0.3526,1,0.3197,Rejected
1567,0.6058,0,0.5958,Rejected
1568,0.5525,0,0.5332,Rejected
1569,0.3437,0,0.3608,Review
1570,0.5691,1,0.5562,Rejected
1571,0.5706,1,0.5664,Review
1572,0.4181,0,0.4314,Review
1573,0.1732,0,0.1619,Rejected
1574,0.3211,0,0.3353,Rejected
1575,0.9057,1,0.8758,Review
1576,0.6381,1,0.5769,Rejected
1577,0.2338,0,0.2211,Review
1578,0.5567,0,0.5446,Review
1579,0.7471,0,0.7522,Verified
1580,0.2233,1,0.2045,Rejected
1581,0.5593,1,0.5656,Rejected
1582,0.84,0,0.8474,Rejected
1583,0.9488,1,0.9234,Verified
1584,0.9294,0,0.9473,Rejected
1585,0.8452,0,0.8429,Rejected
1586,0.0802,0,0.0797,Rejected
1587,0.6849,1,0.7087,Verified
1588,0.8612,0,0.8446,Rejected
1589,0.6849,0,0.6258,Verified
1590,0.08,0,0.0749,Rejected
1591,0.945,0,0.8602,Rejected
1592,0.9718,0,0.9427,Rejected
1593,0.9179,1,0.9031,Verified
1594,0.529,1,0.4985,Rejected
1595,0.681,1,0.6842,Rejected
1596,0.5907,1,0.567,Rejected
1597,0.2512,1,0.2594,Rejected
1598,0.9956,0,0.9199,Rejected
1599,0.157,1,0.1463,Rejected
1600,0.0829,0,0.0854,Rejected
1601,0.7669,0,0.7042,Review
1602,0.8561,1,0.8075,Rejected
1603,0.604,0,0.5745,Review
1604,0.7113,0,0.6976,Verified
1605,0.9628,0,0.9381,Rejected
1606,0.4714,1,0.4863,Rejected
1607,0.8054,0,0.758,Rejected
1608,0.6521,0,0.6298,Rejected
1609,0.8409,1,0.8197,Verified
1610,0.376,0,0.3568,Review
1611,0.5725,1,0.5184,Rejected
1612,0.2915,0,0.2914,Verified
1613,0.1577,1,0.1615,Verified
1614,0.9634,0,0.9056,Review
1615,0.16,1,0.1461,Review
1616,0.7595,0,0.7433,Rejected
1617,0.0212,0,0.021,Review
1618,0.8908,0,0.9049,Rejected
1619,0.2897,1,0.289,Review
1620,0.0624,1,0.0598,Rejected
1621,0.4719,1,0.4295,Rejected
1622,0.7642,0,0.7404,Rejected
1623,0.103,1,0.1033,Verified
1624,0.5061,0,0.5159,Review
1625,0.7132,1,0.7472,Verified
1626,0.7814,0,0.7476,Rejected
1627,0.3629,1,0.3374,Review
1628,0.8388,0,0.8653,Rejected
1629,0.1178,0,0.1227,Rejected
1630,0.004,0,0.004,Verified
1631,0.8283,0,0.8474,Verified
1632,0.6797,0,0.6539,Review
1633,0.3403,1,0.3481,Verified
1634,0.1576,0,0.1534,Review
1635,0.0865,0,0.0864,Verified
1636,0.0892,0,0.0809,Review
1637,0.4587,0,0.4396,Verified
1638,0.093,0,0.0949,Verified
1639,0.8531,1,0.8524,Verified
1640,0.7792,0,0.7964,Rejected
1641,0.1553,1,0.1527,Review
1642,0.3541,1,0.361,Review
1643,0.9554,0,0.8944,Rejected
1644,0.7695,1,0.7337,Review
1645,0.0187,0,0.018,Rejected
1646,0.4835,1,0.4939,Review
1647,0.7984,1,0.8267,Review
1648,0.7595,0,0.7525,Verified
1649,0.8893,0,0.8763,Rejected
1650,0.0099,1,0.0101,Rejected
1651,0.2906,1,0.2742,Verified
1652,0.3597,1,0.3438,Verified
1653,0.6158,0,0.637,Review
1654,0.0938,0,0.097,Verified
1655,0.9735,0,0.8942,Verified
1656,0.4919,1,0.5067,Rejected
1657,0.1395,1,0.1349,Verified
1658,0.1689,1,0.1617,Review
1659,0.0567,1,0.0521,Verified
1660,0.2267,0,0.2132,Rejected
1661,0.1419,0,0.1418,Rejected
1662,0.0733,0,0.0725,Review
1663,0.9324,1,0.9304,Rejected
1664,0.4233,0,0.4018,Rejected
1665,0.7865,1,0.7836,Review
1666,0.3131,1,0.313,Review
1667,0.9022,1,0.9187,Review
1668,0.1116,0,0.1072,Review
1669,0.7963,0,0.7732,Review
1670,0.6605,0,0.6085,Verified
1671,0.7646,1,0.7924,Review
1672,0.0283,0,0.0284,Verified
1673,0.1891,1,0.1983,Rejected
1674,0.354,1,0.3671,Rejected
1675,0.6033,1,0.6178,Verified
1676,0.4292,1,0.4025,Review
1677,0.2347,1,0.2411,Rejected
1678,0.5555,1,0.5512,Review
1679,0.6931,1,0.6407,Rejected
1680,0.0511,1,0.0465,Rejected
1681,0.2096,1,0.1955,Review
1682,0.043,0,0.0391,Review
1683,0.2376,0,0.243,Verified
1684,0.5317,1,0.543,Review
1685,0.7721,0,0.7271,Verified
1686,0.807,1,0.8328,Review
1687,0.9427,1,0.8561,Rejected
1688,0.816,0,0.8263,Verified
1689,0.7366,1,0.7316,Rejected
1690,0.0817,0,0.0847,Verified
1691,0.9939,0,0.9391,Verified
1692,0.7853,0,0.813,Rejected
1693,0.0454,1,0.0451,Rejected
1694,0.1655,0,0.1711,Verified
1695,0.4461,1,0.4245,Verified
1696,0.0254,0,0.0253,Review
1697,0.1117,0,0.1158,Verified
1698,0.4259,1,0.422,Rejected
1699,0.0286,1,0.0268,Review
1700,0.2914,0,0.2705,Rejected
1701,0.7008,0,0.7226,Review
1702,0.4895,1,0.4614,Verified
1703,0.4966,1,0.4873,Verified
1704,0.2969,0,0.2842,Verified
1705,0.6654,1,0.689,Review
1706,0.8082,0,0.7704,Rejected
1707,0.7987,0,0.7844,Review
1708,0.6257,1,0.5735,Verified
1709,0.7952,1,0.7616,Verified
1710,0.8908,1,0.8837,Rejected
1711,0.6618,0,0.6244,Rejected
1712,0.4751,0,0.4883,Rejected
1713,0.7038,1,0.7106,Verified
1714,0.6929,0,0.6656,Rejected
1715,0.5009,0,0.5087,Review
1716,0.8177,0,0.8348,Review
1717,0.5734,1,0.5811,Rejected
1718,0.485,0,0.4887,Rejected
1719,0.8369,1,0.8453,Review
1720,0.1936,1,0.187,Review
1721,0.7563,0,0.733,Rejected
1722,0.3906,0,0.4075,Rejected
1723,0.776,0,0.7232,Verified
1724,0.2357,0,0.2339,Review
1725,0.8098,0,0.8488,Verified
1726,0.1582,0,0.1613,Rejected
1727,0.6832,0,0.667,Verified
1728,0.2911,1,0.3042,Review
1729,0.3826,1,0.3538,Verified
1730,0.5295,1,0.5127,Review
1731,0.2984,1,0.2818,Rejected
1732,0.9492,0,0.9048,Verified
1733,0.0486,1,0.0496,Rejected
1734,0.7408,1,0.7472,Verified
1735,0.8562,0,0.798,Verified
1736,0.976,1,0.9559,Rejected
1737,0.6917,0,0.6403,Review
1738,0.3261,0,0.309,Rejected
1739,0.1102,0,0.1145,Review
1740,0.9938,0,0.9256,Review
1741,0.4427,1,0.4204,Verified
1742,0.6336,0,0.5889,Review
1743,0.3225,1,0.2949,Rejected
1744,0.4225,1,0.3934,Verified
1745,0.6885,0,0.6886,Verified
1746,0.204,0,0.201,Rejected
1747,0.7675,1,0.77,Review
1748,0.6909,1,0.6777,Review
1749,0.7552,1,0.6925,Verified
1750,0.8965,1,0.8402,Review
1751,0.9665,0,0.9223,Review
1752,0.1763,0,0.1783,Rejected
1753,0.0287,1,0.0268,Verified
1754,0.2591,1,0.2665,Rejected
1755,0.5301,1,0.5279,Verified
1756,0.3656,0,0.3385,Review
1757,0.9315,0,0.8716,Review
1758,0.317,0,0.3035,Verified
1759,0.5827,0,0.5753,Rejected
1760,0.0003,0,0.0003,Rejected
1761,0.6975,0,0.6364,Review
1762,0.0224,1,0.023,Rejected
1763,0.5753,0,0.5948,Review
1764,0.5817,0,0.556,Rejected
1765,0.9912,0,1.0,Verified
1766,0.4069,0,0.4135,Rejected
1767,0.8285,1,0.7957,Review
1768,0.0099,0,0.0099,Rejected
1769,0.1693,0,0.1607,Rejected
1770,0.975,1,0.9601,Rejected
1771,0.8451,0,0.7789,Rejected
1772,0.3118,0,0.31,Review
1773,0.8638,0,0.7962,Rejected
1774,0.7801,1,0.7589,Verified
1775,0.8513,0,0.7886,Review
1776,0.0631,0,0.0649,Rejected
1777,0.4333,1,0.4122,Verified
1778,0.7444,1,0.7128,Verified
1779,0.722,0,0.6578,Verified
1780,0.2541,1,0.2656,Rejected
1781,0.4901,0,0.4801,Verified
1782,0.2185,1,0.2266,Verified
1783,0.9976,1,0.9982,Verified
1784,0.8933,1,0.9178,Verified
1785,0.0172,0,0.0172,Rejected
1786,0.5176,0,0.4762,Verified
1787,0.5615,0,0.5643,Review
1788,0.7071,1,0.7064,Rejected
1789,0.478,0,0.4988,Rejected
1790,0.9762,0,0.963,Verified
1791,0.2006,0,0.2039,Review
1792,0.8875,1,0.8301,Verified
1793,0.818,0,0.8228,Verified
1794,0.3252,0,0.3295,Review
1795,0.5308,0,0.4949,Rejected
1796,0.4285,0,0.3881,Verified
1797,0.5751,0,0.5847,Verified
1798,0.3534,1,0.3686,Rejected
1799,0.4832,1,0.4817,Review
1800,0.3331,1,0.3403,Verified
1801,0.3301,1,0.3155,Verified
1802,0.5248,0,0.4846,Verified
1803,0.4847,1,0.4501,Verified
1804,0.7229,0,0.6711,Verified
1805,0.1768,1,0.1804,Review
1806,0.7643,0,0.7423,Verified
1807,0.0005,1,0.0005,Verified
1808,0.6877,1,0.6797,Verified
1809,0.9725,0,0.9649,Rejected
1810,0.4291,0,0.4147,Verified
1811,0.7251,1,0.7317,Review
1812,0.4837,1,0.4703,Review
1813,0.3628,1,0.3292,Review
1814,0.9433,0,0.919,Rejected
1815,0.6073,1,0.6276,Review
1816,0.3391,0,0.315,Rejected
1817,0.3414,1,0.3531,Verified
1818,0.56,0,0.5309,Verified
1819,0.9562,0,0.9158,Review
1820,0.6496,0,0.59,Rejected
1821,0.9655,0,0.9053,Verified
1822,0.9116,0,0.8629,Verified
1823,0.8102,0,0.7835,Rejected
1824,0.161,1,0.1466,Verified
1825,0.5922,0,0.5837,Review
1826,0.3827,1,0.3529,Verified
1827,0.1671,1,0.1727,Verified
1828,0.9625,1,0.8691,Rejected
1829,0.4031,0,0.4098,Review
1830,0.4557,0,0.4145,Verified
1831,0.6816,1,0.7094,Review
1832,0.7586,0,0.6916,Review
1833,0.5415,1,0.5263,Review
1834,0.0876,0,0.0885,Rejected
1835,0.3548,1,0.3677,Verified
1836,0.7957,0,0.7335,Verified
1837,0.6615,0,0.6018,Review
1838,0.0018,1,0.0018,Rejected
1839,0.1629,0,0.1661,Rejected
1840,0.1222,0,0.1106,Verified
1841,0.047,0,0.0466,Rejected
1842,0.6566,1,0.5989,Rejected
1843,0.5327,1,0.559,Rejected
1844,0.6863,1,0.6612,Verified
1845,0.807,0,0.7458,Review
1846,0.406,0,0.3939,Rejected
1847,0.2548,0,0.2411,Rejected
1848,0.0055,1,0.0057,Rejected
1849,0.6649,1,0.6203,Verified
1850,0.9336,1,0.927,Rejected
1851,0.3418,1,0.3476,Review
1852,0.1823,0,0.1726,Rejected
1853,0.9181,1,0.8963,Verified
1854,0.9386,0,0.8891,Verified
1855,0.7316,0,0.7604,Rejected
1856,0.6331,1,0.585,Verified
1857,0.4942,0,0.4732,Review
1858,0.2134,0,0.221,Review
1859,0.1925,1,0.1744,Review
1860,0.6251,1,0.6074,Verified
1861,0.5933,1,0.597,Verified
1862,0.4472,1,0.4622,Rejected
1863,0.4489,0,0.4228,Rejected
1864,0.6285,0,0.643,Verified
1865,0.8117,1,0.8267,Review
1866,0.7872,0,0.8067,Review
1867,0.5795,1,0.5464,Review
1868,0.3439,1,0.3243,Rejected
1869,0.6124,1,0.5651,Verified
1870,0.8546,0,0.7807,Rejected
1871,0.8387,1,0.8768,Review
1872,0.5612,1,0.5428,Rejected
1873,0.3603,1,0.3453,Verified
1874,0.6257,0,0.6079,Verified
1875,0.2871,0,0.2879,Verified
1876,0.3444,1,0.3366,Verified
1877,0.3795,1,0.3949,Rejected
1878,0.032,1,0.0312,Rejected
1879,0.5621,1,0.5497,Rejected
1880,0.8549,1,0.8141,Review
1881,0.3368,1,0.3277,Rejected
1882,0.964,0,0.9014,Verified
1883,0.5888,1,0.5668,Verified
1884,0.4461,0,0.4588,Review
1885,0.9743,1,0.9867,Verified
1886,0.9231,0,0.8866,Review
1887,0.4056,0,0.418,Review
1888,0.1388,0,0.1296,Rejected
1889,0.202,0,0.1845,Rejected
1890,0.0164,1,0.0169,Review
1891,0.0639,0,0.06,Review
1892,0.9926,1,0.9128,Verified
1893,0.6117,0,0.576,Rejected
1894,0.1429,1,0.1379,Rejected
1895,0.9512,1,0.8861,Review
1896,0.7869,1,0.7653,Verified
1897,0.7469,0,0.7708,Rejected
1898,0.928,1,0.891,Verified
1899,0.9335,0,0.975,Rejected
1900,0.7327,0,0.7485,Rejected
1901,0.7751,0,0.8032,Review
1902,0.4311,0,0.4513,Rejected
1903,0.2295,0,0.2347,Review
1904,0.7608,1,0.7495,Review
1905,0.6553,0,0.6121,Rejected
1906,0.2208,1,0.2056,Rejected
1907,0.1538,0,0.1444,Review
1908,0.8774,1,0.8961,Review
1909,0.8418,1,0.846,Verified
1910,0.7196,1,0.6995,Verified
1911,0.4618,1,0.4841,Verified
1912,0.9394,1,0.8688,Verified
1913,0.6839,0,0.6743,Rejected
1914,0.7868,0,0.8228,Review
1915,0.9295,1,0.8637,Rejected
1916,0.4152,1,0.4031,Review
1917,0.4057,0,0.3673,Rejected
1918,0.5617,1,0.5398,Rejected
1919,0.1763,1,0.1755,Review
1920,0.0724,1,0.0652,Rejected
1921,0.5942,0,0.5568,Rejected
1922,0.7838,1,0.8129,Verified
1923,0.1067,1,0.1087,Review
1924,0.4118,1,0.3971,Review
1925,0.8302,0,0.8481,Review
1926,0.4682,0,0.4838,Verified
1927,0.2571,0,0.2434,Rejected
1928,0.4723,1,0.4467,Rejected
1929,0.6342,0,0.6601,Review
1930,0.3054,0,0.3041,Rejected
1931,0.7603,0,0.7079,Review
1932,0.5875,0,0.5896,Review
1933,0.4812,0,0.4758,Rejected
1934,0.2862,1,0.277,Verified
1935,0.3331,0,0.3222,Verified
1936,0.4174,0,0.4229,Review
1937,0.5132,1,0.4886,Review
1938,0.0632,1,0.057,Review
1939,0.1673,0,0.1546,Verified
1940,0.9317,1,0.8991,Rejected
1941,0.4672,1,0.449,Rejected
1942,0.4037,0,0.419,Rejected
1943,0.7717,1,0.8008,Review
1944,0.8357,0,0.7878,Review
1945,0.0208,1,0.0215,Review
1946,0.1704,1,0.1615,Review
1947,0.0369,1,0.0374,Rejected
1948,0.6904,0,0.6939,Review
1949,0.9738,1,0.9985,Rejected
1950,0.5897,0,0.5664,Review
1951,0.8182,1,0.8513,Rejected
1952,0.1456,1,0.1453,Verified
1953,0.0433,1,0.0438,Rejected
1954,0.224,1,0.2048,Rejected
1955,0.1426,0,0.1406,Review
1956,0.8721,1,0.8656,Rejected
1957,0.1824,1,0.1906,Verified
1958,0.5865,1,0.6007,Rejected
1959,0.9784,1,0.8906,Review
1960,0.3185,1,0.3086,Review
1961,0.284,1,0.2915,Verified
1962,0.2039,0,0.2075,Verified
1963,0.7909,0,0.828,Rejected
1964,0.1119,0,0.101,Review
1965,0.2189,0,0.2288,Verified
1966,0.1972,1,0.2066,Review
1967,0.4587,0,0.4453,Rejected
1968,0.9364,0,0.8744,Verified
1969,0.2592,0,0.2551,Verified
1970,0.5722,1,0.591,Verified
1971,0.2337,0,0.2243,Verified
1972,0.3709,0,0.3542,Verified
1973,0.9453,1,0.9327,Review
1974,0.0801,1,0.0829,Verified
1975,0.5119,0,0.493,Review
1976,0.5709,1,0.5799,Rejected
1977,0.4224,0,0.3874,Rejected
1978,0.3511,0,0.3356,Verified
1979,0.565,0,0.5117,Rejected
1980,0.5037,0,0.5053,Review
1981,0.9084,1,0.8221,Verified
1982,0.3715,0,0.3839,Review
1983,0.6063,0,0.5698,Review
1984,0.5734,1,0.543,Verified
1985,0.4572,1,0.4504,Verified
1986,0.3726,1,0.3825,Review
1987,0.0128,1,0.0125,Rejected
1988,0.659,0,0.6411,Verified
1989,0.4635,0,0.4445,Review
1990,0.917,0,0.8773,Review
1991,0.0662,1,0.0654,Review
1992,0.1449,0,0.1362,Verified
1993,0.5701,1,0.5405,Review
1994,0.7978,0,0.7991,Verified
1995,0.0721,1,0.0709,Verified
1996,0.8785,1,0.8483,Verified
1997,0.8759,1,0.8327,Review
1998,0.9394,1,0.953,Verified
1999,0.5737,1,0.5234,Rejected
2000,0.7432,0,0.7771,Verified
2001,0.1583,0,0.1556,Review
2002,0.6067,1,0.6133,Review
2003,0.4827,1,0.4695,Rejected
2004,0.4397,1,0.4007,Rejected
2005,0.8048,0,0.7369,Rejected
2006,0.0262,1,0.0259,Verified
2007,0.2487,1,0.226,Verified
2008,0.8271,1,0.8528,Rejected
2009,0.4457,0,0.4383,Rejected
2010,0.0975,1,0.0919,Rejected
2011,0.8473,0,0.7927,Review
2012,0.4428,0,0.4271,Rejected
2013,0.4999,0,0.502,Review
2014,0.7058,1,0.682,Review
2015,0.69,1,0.7221,Verified
2016,0.9688,1,1.0,Verified
2017,0.562,0,0.5178,Review
2018,0.5334,0,0.5441,Review
2019,0.3365,1,0.3276,Review
2020,0.5908,0,0.565,Verified
2021,0.1687,0,0.1754,Review
2022,0.7051,1,0.6845,Rejected
2023,0.6915,1,0.6562,Verified
2024,0.1876,1,0.1796,Verified
2025,0.0777,1,0.0756,Rejected
2026,0.2028,1,0.1856,Review
2027,0.786,1,0.8034,Review
2028,0.7955,0,0.7437,Review
2029,0.4809,1,0.5033,Review
2030,0.0498,0,0.0463,Review
2031,0.8848,1,0.8017,Verified
2032,0.6994,1,0.7279,Review
2033,0.0682,1,0.0703,Verified
2034,0.1885,0,0.195,Rejected
2035,0.0106,1,0.0107,Verified
2036,0.1171,0,0.106,Rejected
2037,0.5674,0,0.5574,Review
2038,0.1962,0,0.1785,Rejected
2039,0.0495,1,0.0491,Verified
2040,0.1555,0,0.1607,Rejected
2041,0.5804,1,0.5823,Verified
2042,0.5169,1,0.4991,Review
2043,0.4038,1,0.393,Rejected
2044,0.6358,1,0.5828,Rejected
2045,0.6073,0,0.5778,Review
2046,0.8004,0,0.7964,Verified
2047,0.4581,0,0.4412,Verified
2048,0.6883,1,0.6749,Verified
2049,0.1215,1,0.1199,Review
2050,0.1177,1,0.107,Rejected
2051,0.7858,0,0.7084,Review
2052,0.7092,1,0.6562,Rejected
2053,0.4224,1,0.437,Review
2054,0.3315,1,0.3143,Verified
2055,0.2487,0,0.2571,Review
2056,0.4348,1,0.4525,Rejected
2057,0.2177,1,0.2209,Verified
2058,0.2306,1,0.2222,Rejected
2059,0.0932,1,0.0957,Verified
2060,0.8887,1,0.9316,Review
2061,0.6935,1,0.6754,Verified
2062,0.99,0,1.0,Review
2063,0.8635,0,0.8827,Verified
2064,0.8834,1,0.8034,Verified
2065,0.3545,0,0.3502,Rejected
2066,0.8201,0,0.7987,Verified
2067,0.7387,0,0.6712,Rejected
2068,0.6574,0,0.6122,Verified
2069,0.0253,1,0.0242,Verified
2070,0.9552,1,0.8753,Rejected
2071,0.533,1,0.4912,Verified
2072,0.1797,0,0.1825,Rejected
2073,0.8748,1,0.9143,Verified
2074,0.9209,1,0.9403,Verified
2075,0.0315,0,0.0296,Rejected
2076,0.2856,0,0.2687,Rejected
2077,0.406,1,0.3975,Verified
2078,0.8461,0,0.8069,Review
2079,0.7079,1,0.7408,Verified
2080,0.5388,1,0.4866,Verified
2081,0.5516,0,0.5248,Rejected
2082,0.7235,1,0.7508,Review
2083,0.5395,0,0.5111,Verified
2084,0.7782,1,0.7813,Verified
2085,0.9921,0,1.0,Rejected
2086,0.5323,1,0.515,Review
2087,0.9643,0,1.0,Review
2088,0.519,0,0.4723,Review
2089,0.9405,1,0.8571,Verified
2090,0.5697,1,0.5939,Rejected
2091,0.6702,1,0.6098,Review
2092,0.6033,1,0.5605,Rejected
2093,0.0598,1,0.057,Rejected
2094,0.935,0,0.9555,Rejected
2095,0.6325,0,0.6364,Review
2096,0.4942,0,0.5134,Rejected
2097,0.4211,0,0.4179,Rejected
2098,0.0105,0,0.0097,Verified
2099,0.3448,0,0.3373,Rejected
2100,0.8969,0,0.8713,Rejected
2101,0.8122,1,0.7992,Review
2102,0.5177,1,0.4799,Verified
2103,0.0805,0,0.0779,Review
2104,0.8521,1,0.8847,Verified
2105,0.1678,0,0.1678,Review
2106,0.8176,1,0.8097,Verified
2107,0.2677,0,0.2457,Rejected
2108,0.2331,1,0.2223,Rejected
2109,0.4126,1,0.3842,Review
2110,0.1595,1,0.1447,Rejected
2111,0.2457,0,0.2225,Review
2112,0.6643,1,0.6483,Review
2113,0.0283,0,0.0262,Verified
2114,0.3175,1,0.3324,Review
2115,0.3158,0,0.3011,Verified
2116,0.076,1,0.0704,Rejected
2117,0.5821,0,0.596,Verified
2118,0.3614,0,0.3341,Verified
2119,0.0854,0,0.0772,Verified
2120,0.761,1,0.7303,Rejected
2121,0.7636,0,0.7162,Verified
2122,0.0789,0,0.0774,Verified
2123,0.1298,1,0.1197,Verified
2124,0.4858,0,0.5084,Verified
2125,0.5002,1,0.5187,Rejected
2126,0.1449,1,0.1328,Rejected
2127,0.214,0,0.2163,Rejected
2128,0.2967,1,0.2847,Rejected
2129,0.2655,0,0.2673,Verified
2130,0.3096,1,0.3218,Review
2131,0.9213,0,0.9472,Rejected
2132,0.8073,0,0.8001,Review
2133,0.7829,1,0.748,Verified
2134,0.1868,0,0.1721,Rejected
2135,0.8553,1,0.7881,Rejected
2136,0.5518,0,0.5697,Review
2137,0.5664,1,0.565,Verified
2138,0.0603,1,0.0551,Verified
2139,0.1232,0,0.1189,Review
2140,0.9479,1,0.9852,Rejected
2141,0.1897,0,0.1757,Rejected
2142,0.737,1,0.7572,Rejected
2143,0.2482,0,0.2463,Rejected
2144,0.2764,0,0.2857,Review
2145,0.2882,1,0.2758,Verified
2146,0.1143,0,0.1111,Rejected
2147,0.3806,0,0.3641,Verified
2148,0.2496,0,0.26,Rejected
2149,0.7356,0,0.7118,Review
2150,0.1177,0,0.1187,Verified
2151,0.6035,1,0.5499,Rejected
2152,0.7367,1,0.7627,Rejected
2153,0.0039,0,0.0038,Rejected
2154,0.4267,1,0.4157,Verified
2155,0.0364,1,0.0367,Review
2156,0.2708,0,0.2611,Verified
2157,0.6575,0,0.5984,Rejected
2158,0.9996,0,1.0,Review
2159,0.1406,0,0.1286,Rejected
2160,0.0209,0,0.0202,Rejected
2161,0.9515,1,0.9947,Verified
2162,0.1548,0,0.1513,Verified
2163,0.1399,0,0.1394,Review
2164,0.2181,1,0.2187,Review
2165,0.7091,1,0.7395,Review
2166,0.4585,0,0.4261,Review
2167,0.4987,0,0.5187,Review
2168,0.261,0,0.2654,Review
2169,0.0215,1,0.0205,Rejected
2170,0.7464,0,0.7758,Rejected
2171,0.7689,1,0.7694,Verified
2172,0.7505,1,0.7094,Review
2173,0.2149,0,0.2092,Review
2174,0.2816,1,0.2688,Rejected
2175,0.9188,1,0.9043,Rejected
2176,0.4445,1,0.4566,Rejected
2177,0.5642,1,0.5698,Verified
2178,0.2955,0,0.2847,Verified
2179,0.1778,1,0.1866,Review
2180,0.9587,1,0.925,Review
2181,0.0584,0,0.06,Verified
2182,0.6965,0,0.6515,Verified
2183,0.0493,0,0.0483,Verified
2184,0.1387,0,0.1327,Rejected
2185,0.574,1,0.5708,Review
2186,0.8244,1,0.8153,Verified
2187,0.7821,0,0.7889,Rejected
2188,0.6059,0,0.6359,Verified
2189,0.3319,1,0.3464,Review
2190,0.3798,0,0.344,Verified
2191,0.5292,0,0.5043,Verified
2192,0.5408,0,0.5533,Verified
2193,0.5031,0,0.4721,Review
2194,0.9132,1,0.8976,Review
2195,0.4301,0,0.4088,Rejected
2196,0.285,0,0.2796,Review
2197,0.7052,1,0.6747,Verified
2198,0.5497,0,0.5439,Review
2199,0.9653,0,0.899,Rejected
2200,0.2039,0,0.1841,Verified
2201,0.7571,0,0.7431,Verified
2202,0.7672,1,0.7747,Review
2203,0.1342,1,0.1374,Review
2204,0.7652,1,0.7687,Verified
2205,0.0926,1,0.0839,Rejected
2206,0.6847,0,0.6799,Rejected
2207,0.9859,1,0.94,Review
2208,0.8166,1,0.7706,Rejected
2209,0.025,0,0.0226,Review
2210,0.9213,1,0.8672,Rejected
2211,0.0738,0,0.0728,Rejected
2212,0.9677,0,0.9156,Verified
2213,0.7533,0,0.7116,Rejected
2214,0.476,0,0.4305,Verified
2215,0.3574,1,0.3685,Rejected
2216,0.0756,0,0.0792,Verified
2217,0.0165,0,0.0169,Rejected
2218,0.7165,1,0.6805,Review
2219,0.3321,1,0.3063,Verified
2220,0.1461,0,0.1408,Verified
2221,0.7395,0,0.7164,Verified
2222,0.4635,0,0.4393,Review
2223,0.6117,1,0.5969,Verified
2224,0.4233,1,0.3942,Review
2225,0.8293,1,0.7929,Verified
2226,0.347,0,0.3146,Verified
2227,0.037,1,0.0341,Rejected
2228,0.4407,0,0.4597,Verified
2229,0.9203,0,0.8664,Review
2230,0.6689,1,0.6476,Rejected
2231,0.805,0,0.7283,Review
2232,0.4776,1,0.4994,Verified
2233,0.8929,1,0.8574,Verified
2234,0.9779,0,1.0,Verified
2235,0.213,1,0.2198,Review
2236,0.9972,0,0.9857,Review
2237,0.646,0,0.6239,Review
2238,0.4985,0,0.5144,Review
2239,0.1247,1,0.1304,Verified
2240,0.1974,0,0.1967,Rejected
2241,0.2226,0,0.2073,Rejected
2242,0.0208,1,0.0204,Rejected
2243,0.8304,1,0.7629,Rejected
2244,0.4487,0,0.4645,Review
2245,0.3686,1,0.3792,Rejected
2246,0.8177,1,0.7488,Rejected
2247,0.751,0,0.6949,Verified
2248,0.7126,0,0.7417,Verified
2249,0.0996,1,0.0953,Rejected
2250,0.9868,0,1.0,Review
2251,0.3995,1,0.3934,Rejected
2252,0.1657,0,0.1591,Verified
2253,0.6109,0,0.5885,Verified
2254,0.9244,0,0.9387,Verified
2255,0.4347,0,0.4141,Review
2256,0.631,0,0.6266,Verified
2257,0.5876,1,0.5914,Verified
2258,0.4235,0,0.4309,Rejected
2259,0.0827,1,0.0832,Verified
2260,0.853,0,0.7979,Verified
2261,0.516,0,0.5014,Verified
2262,0.1616,0,0.1539,Review
2263,0.9453,0,0.8974,Review
2264,0.7216,0,0.6612,Review
2265,0.3449,0,0.3277,Verified
2266,0.9039,1,0.8766,Verified
2267,0.0993,1,0.0993,Verified
2268,0.0144,1,0.0148,Verified
2269,0.9135,1,0.9076,Rejected
2270,0.8217,1,0.7654,Verified
2271,0.4246,0,0.4271,Review
2272,0.0942,1,0.0964,Review
2273,0.8834,0,0.9212,Review
2274,0.1813,0,0.178,Verified
2275,0.7323,0,0.7078,Rejected
2276,0.2862,0,0.26,Review
2277,0.7031,1,0.7158,Verified
2278,0.2282,1,0.2141,Verified
2279,0.1939,1,0.1833,Rejected
2280,0.9457,1,0.9358,Rejected
2281,0.5968,0,0.5556,Review
2282,0.6029,0,0.5757,Rejected
2283,0.8372,1,0.8365,Verified
2284,0.4968,0,0.5089,Rejected
2285,0.0436,1,0.0419,Rejected
2286,0.3087,1,0.3192,Rejected
2287,0.7363,0,0.7451,Review
2288,0.5682,0,0.5862,Rejected
2289,0.1068,1,0.0974,Rejected
2290,0.8746,0,0.8621,Verified
2291,0.0416,0,0.0395,Verified
2292,0.8241,0,0.7998,Rejected
2293,0.0269,1,0.0258,Rejected
2294,0.456,0,0.4293,Verified
2295,0.844,1,0.8182,Rejected
2296,0.7848,1,0.7429,Rejected
2297,0.9653,0,0.9743,Verified
2298,0.5521,0,0.4984,Review
2299,0.918,1,0.9293,Rejected
2300,0.4885,1,0.4919,Rejected
2301,0.4418,0,0.4425,Review
2302,0.5064,0,0.4651,Rejected
2303,0.1617,1,0.1608,Verified
2304,0.075,0,0.0744,Review
2305,0.3605,1,0.3746,Rejected
2306,0.9206,0,0.8926,Verified
2307,0.9428,0,0.8815,Verified
2308,0.2682,1,0.2705,Review
2309,0.8569,1,0.8914,Review
2310,0.2929,0,0.2767,Rejected
2311,0.0228,1,0.0213,Rejected
2312,0.1753,1,0.1687,Verified
2313,0.5793,1,0.603,Verified
2314,0.1798,1,0.1792,Rejected
2315,0.5775,0,0.5588,Rejected
2316,0.684,1,0.7031,Rejected
2317,0.6495,1,0.6805,Verified
2318,0.4562,1,0.4562,Rejected
2319,0.1158,0,0.1048,Verified
2320,0.0039,1,0.004,Rejected
2321,0.0718,1,0.0743,Review
2322,0.6261,0,0.6051,Verified
2323,0.131,1,0.118,Review
2324,0.8801,1,0.8425,Review
2325,0.3739,1,0.3625,Rejected
2326,0.381,0,0.367,Rejected
2327,0.0652,1,0.0618,Rejected
2328,0.4771,0,0.4811,Review
2329,0.6662,1,0.6478,Review
2330,0.7493,1,0.7201,Review
2331,0.959,0,0.9108,Review
2332,0.3777,1,0.3506,Review
2333,0.6291,0,0.5692,Verified
2334,0.0643,0,0.0672,Verified
2335,0.4743,0,0.4402,Rejected
2336,0.4717,0,0.4488,Verified
2337,0.2824,1,0.2614,Rejected
2338,0.4426,1,0.4603,Verified
2339,0.9893,0,0.9612,Review
2340,0.841,0,0.8325,Rejected
2341,0.8322,0,0.8007,Review
2342,0.5006,0,0.5012,Review
2343,0.8948,0,0.8675,Verified
2344,0.6377,1,0.5779,Verified
2345,0.8927,1,0.8227,Rejected
2346,0.0765,1,0.0781,Verified
2347,0.8142,1,0.798,Rejected
2348,0.5716,1,0.5511,Verified
2349,0.345,0,0.3416,Verified
2350,0.4133,1,0.4225,Verified
2351,0.195,0,0.1801,Rejected
2352,0.0516,0,0.0473,Review
2353,0.4245,0,0.4163,Rejected
2354,0.4339,1,0.4437,Verified
2355,0.9271,0,0.9618,Verified
2356,0.1508,1,0.1426,Rejected
2357,0.1678,0,0.1624,Rejected
2358,0.7761,1,0.7276,Verified
2359,0.9522,1,0.8582,Verified
2360,0.6111,0,0.585,Verified
2361,0.0344,1,0.0322,Rejected
2362,0.2498,0,0.2317,Verified
2363,0.3222,0,0.3085,Verified
2364,0.6357,0,0.584,Verified
2365,0.0656,0,0.0669,Rejected
2366,0.9068,1,0.9385,Rejected
2367,0.0674,1,0.0626,Rejected
2368,0.1215,0,0.1267,Rejected
2369,0.3807,0,0.36,Verified
2370,0.0605,1,0.0559,Rejected
2371,0.0877,0,0.0795,Review
2372,0.1744,0,0.1631,Verified
2373,0.3976,1,0.4048,Rejected
2374,0.9558,1,0.9182,Rejected
2375,0.6846,1,0.6676,Rejected
2376,0.3648,0,0.3351,Rejected
2377,0.4427,0,0.418,Review
2378,0.8632,1,0.8913,Review
2379,0.1902,1,0.1935,Verified
2380,0.0252,1,0.0231,Rejected
2381,0.2049,0,0.2027,Verified
2382,0.2793,0,0.2876,Rejected
2383,0.1236,0,0.1259,Rejected
2384,0.1165,1,0.12,Verified
2385,0.8609,0,0.8859,Verified
2386,0.3268,0,0.2959,Verified
2387,0.5302,0,0.5271,Verified
2388,0.2445,0,0.2512,Rejected
2389,0.1565,1,0.1427,Verified
2390,0.3513,1,0.331,Verified
2391,0.3748,1,0.3905,Rejected
2392,0.2802,1,0.2529,Verified
2393,0.4916,0,0.4516,Review
2394,0.3982,1,0.3883,Verified
2395,0.3627,0,0.3413,Review
2396,0.4334,0,0.3928,Review
2397,0.6304,1,0.6004,Review
2398,0.9781,1,0.9593,Review
2399,0.4543,1,0.4383,Review
2400,0.9053,0,0.8961,Review
2401,0.8586,1,0.88,Rejected
2402,0.7794,0,0.7355,Rejected
2403,0.815,0,0.7368,Rejected
2404,0.9365,0,0.8826,Review
2405,0.1498,0,0.1365,Review
2406,0.9796,0,0.9012,Review
2407,0.1226,1,0.1211,Verified
2408,0.2252,1,0.2154,Rejected
2409,0.2626,1,0.2672,Verified
2410,0.796,0,0.7324,Verified
2411,0.3079,0,0.3115,Rejected
2412,0.4355,0,0.4136,Rejected
2413,0.3949,0,0.3776,Review
2414,0.0636,1,0.0586,Review
2415,0.0951,0,0.0975,Verified
2416,0.1644,0,0.1688,Rejected
2417,0.1083,0,0.0994,Rejected
2418,0.115,0,0.1061,Verified
2419,0.5884,1,0.5396,Review
2420,0.7604,1,0.7654,Review
2421,0.8172,0,0.8253,Review
2422,0.2761,1,0.268,Verified
2423,0.181,1,0.1869,Rejected
2424,0.3971,0,0.3682,Rejected
2425,0.0313,1,0.0301,Verified
2426,0.4435,1,0.4355,Verified
2427,0.389,1,0.3796,Verified
2428,0.1835,1,0.1782,Rejected
2429,0.2068,1,0.2153,Review
2430,0.2599,0,0.2726,Rejected
2431,0.0272,1,0.0268,Verified
2432,0.2216,1,0.2133,Rejected
2433,0.9559,1,0.9381,Review
2434,0.5336,0,0.5379,Verified
2435,0.2615,0,0.2566,Verified
2436,0.3044,0,0.2752,Verified
2437,0.0837,1,0.0782,Rejected
2438,0.8267,0,0.8281,Review
2439,0.7035,0,0.6809,Rejected
2440,0.8024,1,0.8301,Verified
2441,0.1529,0,0.1446,Rejected
2442,0.9644,1,0.9113,Verified
2443,0.0585,1,0.057,Rejected
2444,0.6353,0,0.648,Rejected
2445,0.5618,0,0.5773,Review
2446,0.0549,1,0.0527,Review
2447,0.9856,0,1.0,Review
2448,0.5071,1,0.472,Rejected
2449,0.8511,0,0.8014,Review
2450,0.89,1,0.8355,Review
2451,0.2126,1,0.1979,Review
2452,0.5002,1,0.5228,Verified
2453,0.2168,0,0.2103,Review
2454,0.6426,0,0.5929,Verified
2455,0.1413,1,0.1328,Review
2456,0.8609,1,0.8913,Verified
2457,0.8652,1,0.8933,Verified
2458,0.8449,1,0.8661,Review
2459,0.7991,0,0.7929,Review
2460,0.964,0,0.9296,Verified
2461,0.1111,0,0.1037,Review
2462,0.9512,1,0.8824,Review
2463,0.6248,1,0.6002,Review
2464,0.5929,0,0.5711,Verified
2465,0.7848,0,0.7652,Verified
2466,0.9097,0,0.8274,Verified
2467,0.3396,1,0.3337,Review
2468,0.3469,1,0.3403,Review
2469,0.9072,0,0.8834,Verified
2470,0.7744,1,0.7397,Review
2471,0.0594,1,0.0605,Review
2472,0.188,1,0.1909,Rejected
2473,0.4249,0,0.4215,Rejected
2474,0.9816,1,0.9201,Verified
2475,0.8553,1,0.8209,Rejected
2476,0.3794,1,0.3503,Rejected
2477,0.58,0,0.5281,Rejected
2478,0.8785,1,0.9,Verified
2479,0.9782,0,0.9782,Rejected
2480,0.092,1,0.0889,Verified
2481,0.0241,1,0.025,Verified
2482,0.1968,1,0.1941,Verified
2483,0.5043,1,0.4675,Rejected
2484,0.4949,1,0.4844,Verified
2485,0.5659,0,0.5196,Rejected
2486,0.0817,0,0.0839,Review
2487,0.0338,1,0.0348,Verified
2488,0.7654,0,0.7613,Rejected
2489,0.1974,0,0.205,Verified
2490,0.5017,1,0.4584,Rejected
2491,0.7356,1,0.6808,Verified
2492,0.0602,0,0.0553,Verified
2493,0.0952,1,0.0986,Review
2494,0.4732,0,0.4704,Verified
2495,0.7887,0,0.7809,Rejected
2496,0.6317,1,0.5737,Verified
2497,0.2806,0,0.2664,Verified
2498,0.2087,0,0.2025,Rejected
2499,0.0269,0,0.0257,Rejected
2500,0.4874,0,0.4974,Verified
2501,0.8259,1,0.7872,Review
2502,0.6142,1,0.6063,Rejected
2503,0.4726,0,0.476,Review
2504,0.16,1,0.1595,Verified
2505,0.5191,1,0.4781,Rejected
2506,0.6014,1,0.567,Verified
2507,0.3901,0,0.4012,Rejected
2508,0.9248,0,0.9349,Review
2509,0.7459,0,0.7088,Review
2510,0.3723,0,0.3804,Review
2511,0.9823,1,0.9005,Rejected
2512,0.641,1,0.623,Rejected
2513,0.3185,1,0.2968,Verified
2514,0.2219,0,0.2142,Review
2515,0.7702,0,0.7868,Rejected
2516,0.6218,1,0.6527,Rejected
2517,0.2333,1,0.2102,Review
2518,0.695,1,0.6324,Rejected
2519,0.3779,0,0.3683,Verified
2520,0.4598,1,0.4166,Verified
2521,0.5,1,0.4571,Verified
2522,0.5314,1,0.5235,Verified
2523,0.9523,1,0.8967,Review
2524,0.0801,1,0.0824,Review
2525,0.0071,0,0.0064,Review
2526,0.9449,0,0.963,Review
2527,0.8526,0,0.7892,Verified
2528,0.8763,1,0.8528,Verified
2529,0.1238,0,0.1262,Rejected
2530,0.4593,0,0.4617,Verified
2531,0.156,0,0.1438,Review
2532,0.4343,0,0.4007,Verified
2533,0.3091,0,0.2979,Rejected
2534,0.0196,0,0.0184,Verified
2535,0.9699,0,0.89,Rejected
2536,0.2807,1,0.2567,Rejected
2537,0.4033,1,0.4,Review
2538,0.0915,0,0.0939,Verified
2539,0.6938,1,0.6688,Review
2540,0.0851,1,0.0859,Review
2541,0.1294,1,0.1265,Rejected
2542,0.8031,0,0.7597,Verified
2543,0.6065,1,0.5601,Review
2544,0.3714,0,0.3398,Rejected
2545,0.818,1,0.8325,Rejected
2546,0.5928,0,0.5408,Verified
2547,0.6318,1,0.6291,Review
2548,0.5037,0,0.4833,Verified
2549,0.7802,0,0.8019,Verified
2550,0.7153,1,0.6873,Review
2551,0.0715,0,0.0745,Review
2552,0.6003,0,0.5841,Review
2553,0.0651,0,0.0632,Review
2554,0.598,0,0.5731,Review
2555,0.3006,0,0.3122,Review
2556,0.7306,0,0.7652,Review
2557,0.0816,0,0.0801,Verified
2558,0.9545,0,0.962,Review
2559,0.8632,1,0.8171,Review
2560,0.3303,1,0.3036,Verified
2561,0.805,1,0.8216,Review
2562,0.1635,0,0.1618,Review
2563,0.3329,1,0.342,Verified
2564,0.8568,1,0.7718,Verified
2565,0.7186,0,0.6472,Verified
2566,0.5232,1,0.5406,Review
2567,0.1657,0,0.1601,Rejected
2568,0.7368,0,0.7587,Rejected
2569,0.8092,0,0.8123,Rejected
2570,0.0329,0,0.0345,Verified
2571,0.2466,0,0.2562,Verified
2572,0.9203,0,0.8811,Rejected
2573,0.0325,1,0.0321,Rejected
2574,0.3289,0,0.3161,Rejected
2575,0.2399,1,0.2353,Review
2576,0.4901,1,0.4439,Review
2577,0.5292,0,0.5288,Rejected
2578,0.3517,1,0.3393,Verified
2579,0.0484,1,0.0505,Review
2580,0.8897,1,0.8513,Review
2581,0.5552,1,0.5173,Rejected
2582,0.2183,1,0.2185,Rejected
2583,0.1814,0,0.1854,Review
2584,0.0137,0,0.0124,Verified
2585,0.302,1,0.2814,Verified
2586,0.6871,1,0.6532,Rejected
2587,0.6291,0,0.6037,Verified
2588,0.4266,1,0.4146,Verified
2589,0.2737,0,0.2495,Review
2590,0.6063,0,0.6282,Rejected
2591,0.3189,0,0.3026,Verified
2592,0.6739,0,0.642,Review
2593,0.7596,1,0.7373,Verified
2594,0.1014,0,0.0917,Review
2595,0.1655,1,0.162,Verified
2596,0.4476,1,0.4683,Rejected
2597,0.6955,1,0.6687,Verified
2598,0.358,0,0.3606,Rejected
2599,0.6445,1,0.5857,Verified
2600,0.3143,1,0.3153,Verified
2601,0.6807,0,0.7024,Review
2602,0.7569,0,0.7487,Verified
2603,0.5475,1,0.5398,Review
2604,0.4115,0,0.3736,Rejected
2605,0.7336,1,0.7383,Rejected
2606,0.9921,0,0.9146,Review
2607,0.5731,0,0.5914,Rejected
2608,0.4612,1,0.4398,Review
2609,0.4733,0,0.4962,Verified
2610,0.0834,0,0.0771,Rejected
2611,0.1866,0,0.1829,Verified
2612,0.9988,0,0.9251,Review
2613,0.7745,1,0.7764,Verified
2614,0.7658,0,0.6948,Verified
2615,0.5937,1,0.589,Verified
2616,0.4904,0,0.4648,Rejected
2617,0.3677,1,0.3687,Verified
2618,0.3671,0,0.3823,Rejected
2619,0.2777,0,0.2622,Review
2620,0.479,0,0.4406,Verified
2621,0.727,1,0.7502,Verified
2622,0.9155,1,0.8551,Verified
2623,0.1263,1,0.1222,Verified
2624,0.1998,0,0.1932,Review
2625,0.3199,1,0.2959,Rejected
2626,0.7095,1,0.6488,Rejected
2627,0.7633,1,0.7232,Review
2628,0.9915,0,0.8943,Verified
2629,0.6537,1,0.6833,Verified
2630,0.9135,1,0.8316,Review
2631,0.6365,0,0.6303,Verified
2632,0.7336,1,0.747,Verified
2633,0.2758,1,0.258,Verified
2634,0.9392,0,0.9851,Review
2635,0.3858,0,0.3848,Review
2636,0.6249,0,0.5824,Review
2637,0.4125,1,0.42,Review
2638,0.9142,0,0.9256,Verified
2639,0.3343,0,0.343,Rejected
2640,0.3581,1,0.3744,Verified
2641,0.8298,0,0.7857,Verified
2642,0.2238,0,0.2199,Verified
2643,0.4495,1,0.4578,Review
2644,0.3763,1,0.3735,Rejected
2645,0.6132,0,0.6418,Review
2646,0.8142,1,0.8455,Rejected
2647,0.8657,1,0.7907,Review
2648,0.772,0,0.7616,Verified
2649,0.249,1,0.2244,Verified
2650,0.0782,1,0.0769,Rejected
2651,0.5452,0,0.5669,Verified
2652,0.0114,1,0.0113,Review
2653,0.7321,0,0.7424,Verified
2654,0.6786,0,0.6488,Verified
2655,0.3867,0,0.3685,Rejected
2656,0.6864,1,0.6645,Verified
2657,0.5178,1,0.5002,Verified
2658,0.6014,0,0.59,Review
2659,0.4645,0,0.4799,Review
2660,0.7526,1,0.6905,Review
2661,0.5314,0,0.5354,Verified
2662,0.5628,0,0.513,Verified
2663,0.1882,0,0.1787,Verified
2664,0.6212,1,0.5923,Rejected
2665,0.8191,1,0.8101,Verified
2666,0.5086,1,0.461,Rejected
2667,0.0749,0,0.07,Verified
2668,0.8163,0,0.8045,Verified
2669,0.9501,0,0.8803,Verified
2670,0.435,0,0.4276,Verified
2671,0.147,0,0.1435,Rejected
2672,0.1409,0,0.1325,Rejected
2673,0.82,1,0.8512,Review
2674,0.4864,1,0.4564,Rejected
2675,0.61,0,0.5877,Rejected
2676,0.9221,0,0.8536,Review
2677,0.6983,0,0.68,Rejected
2678,0.2612,0,0.2549,Rejected
2679,0.3096,1,0.3178,Review
2680,0.175,1,0.1788,Rejected
2681,0.1662,0,0.1533,Rejected
2682,0.5899,1,0.5675,Verified
2683,0.8069,0,0.7498,Review
2684,0.9497,0,0.8788,Review
2685,0.0373,1,0.0362,Verified
2686,0.7892,1,0.7697,Review
2687,0.6579,1,0.5996,Review
2688,0.8667,0,0.8525,Review
2689,0.4991,1,0.5004,Review
2690,0.4196,0,0.3886,Verified
2691,0.4537,1,0.4692,Verified
2692,0.7808,0,0.7832,Review
2693,0.4917,0,0.4998,Review
2694,0.5086,0,0.5059,Rejected
2695,0.1404,0,0.127,Verified
2696,0.7442,1,0.721,Verified
2697,0.3044,0,0.281,Verified
2698,0.6607,0,0.6187,Review
2699,0.5728,0,0.5935,Verified
2700,0.3453,0,0.3217,Rejected
2701,0.0176,1,0.0167,Verified
2702,0.6729,1,0.6239,Rejected
2703,0.0326,0,0.0322,Verified
2704,0.0009,1,0.0009,Rejected
2705,0.6568,1,0.6656,Rejected
2706,0.5597,1,0.5401,Verified
2707,0.569,1,0.5554,Verified
2708,0.2645,0,0.2706,Verified
2709,0.4796,0,0.4869,Verified
2710,0.5732,0,0.5236,Rejected
2711,0.474,1,0.4558,Review
2712,0.5732,0,0.5588,Review
2713,0.526,0,0.4924,Verified
2714,0.3635,0,0.3503,Rejected
2715,0.2498,0,0.2415,Verified
2716,0.7263,1,0.6979,Verified
2717,0.3879,0,0.3981,Review
2718,0.8856,0,0.847,Verified
2719,0.9686,0,0.9645,Rejected
2720,0.324,1,0.3278,Rejected
2721,0.2861,1,0.2907,Rejected
2722,0.3505,0,0.323,Review
2723,0.8224,1,0.7932,Review
2724,0.5547,1,0.5081,Verified
2725,0.1413,1,0.1442,Review
2726,0.8023,1,0.8412,Verified
2727,0.3027,1,0.3064,Verified
2728,0.5828,0,0.5932,Verified
2729,0.7753,1,0.8011,Verified
2730,0.5015,0,0.495,Verified
2731,0.8428,0,0.8785,Review
2732,0.0808,1,0.0745,Rejected
2733,0.4567,1,0.4379,Review
2734,0.0217,1,0.0204,Review
2735,0.6222,1,0.6291,Rejected
2736,0.2524,0,0.2418,Review
2737,0.0284,0,0.0292,Verified
2738,0.2697,0,0.2803,Verified
2739,0.204,1,0.1982,Review
2740,0.2781,0,0.2737,Review
2741,0.5682,1,0.5914,Review
2742,0.7252,1,0.6827,Review
2743,0.8213,1,0.7605,Verified
2744,0.6413,0,0.6006,Rejected
2745,0.5771,1,0.582,Verified
2746,0.8394,1,0.8627,Verified
2747,0.726,0,0.7094,Review
2748,0.1689,0,0.1543,Review
2749,0.5492,0,0.539,Rejected
2750,0.8403,0,0.8551,Review
2751,0.5623,1,0.5757,Review
2752,0.6612,1,0.6434,Rejected
2753,0.9499,0,0.9523,Rejected
2754,0.0147,0,0.0147,Review
2755,0.4067,0,0.4117,Review
2756,0.9624,0,0.9099,Verified
2757,0.9615,1,0.8754,Rejected
2758,0.7091,0,0.6525,Rejected
2759,0.3668,0,0.3401,Verified
2760,0.0142,0,0.0129,Review
2761,0.7276,1,0.6691,Rejected
2762,0.0261,1,0.0272,Verified
2763,0.5132,0,0.4646,Review
2764,0.9258,0,0.8335,Review
2765,0.2112,0,0.2212,Review
2766,0.7741,0,0.725,Rejected
2767,0.5841,1,0.6115,Rejected
2768,0.1164,0,0.1163,Rejected
2769,0.481,0,0.4634,Review
2770,0.1293,1,0.1172,Verified
2771,0.9807,0,0.9613,Verified
2772,0.8494,1,0.8763,Review
2773,0.7944,1,0.7825,Review
2774,0.9172,0,0.929,Verified
2775,0.8669,0,0.7936,Rejected
2776,0.2239,1,0.2346,Rejected
2777,0.5989,0,0.5897,Review
2778,0.2036,0,0.2121,Verified
2779,0.7545,0,0.7661,Review
2780,0.1542,1,0.1441,Rejected
2781,0.2457,1,0.2505,Verified
2782,0.5732,1,0.5649,Review
2783,0.8759,0,0.8719,Verified
2784,0.8063,0,0.8315,Rejected
2785,0.8555,0,0.8949,Review
2786,0.2956,1,0.3038,Review
2787,0.5939,0,0.588,Rejected
2788,0.4815,0,0.4669,Verified
2789,0.7787,0,0.7926,Review
2790,0.075,1,0.0741,Review
2791,0.3777,1,0.384,Review
2792,0.4736,0,0.4436,Verified
2793,0.2712,1,0.2791,Review
2794,0.2847,1,0.2787,Verified
2795,0.8724,0,0.8847,Review
2796,0.4803,1,0.4495,Rejected
2797,0.1642,0,0.1674,Review
2798,0.3667,0,0.3825,Rejected
2799,0.3915,1,0.382,Review
2800,0.2006,1,0.2065,Review
2801,0.1119,1,0.1087,Verified
2802,0.3963,1,0.3667,Rejected
2803,0.8371,0,0.7727,Verified
2804,0.8028,0,0.8004,Review
2805,0.0556,1,0.054,Rejected
2806,0.6843,0,0.665,Verified
2807,0.4952,1,0.4556,Verified
2808,0.2621,0,0.2714,Verified
2809,0.7372,1,0.6921,Verified
2810,0.6112,1,0.5756,Verified
2811,0.813,0,0.7511,Rejected
2812,0.411,1,0.406,Rejected
2813,0.1704,1,0.1566,Rejected
2814,0.5515,1,0.4966,Review
2815,0.3504,1,0.3551,Review
2816,0.1504,1,0.1519,Verified
2817,0.2959,0,0.2884,Rejected
2818,0.5408,1,0.5121,Rejected
2819,0.1984,0,0.1947,Review
2820,0.405,1,0.3704,Verified
2821,0.4792,1,0.4564,Rejected
2822,0.0889,1,0.0814,Verified
2823,0.4295,0,0.4254,Review
2824,0.3981,0,0.3966,Rejected
2825,0.4347,1,0.3984,Rejected
2826,0.8598,1,0.7928,Verified
2827,0.3027,0,0.297,Rejected
2828,0.8134,1,0.798,Verified
2829,0.1518,1,0.144,Review
2830,0.8955,0,0.862,Review
2831,0.6674,1,0.6949,Review
2832,0.9231,0,0.961,Verified
2833,0.703,0,0.6825,Rejected
2834,0.6078,1,0.5747,Verified
2835,0.4589,1,0.4343,Rejected
2836,0.2758,0,0.281,Verified
2837,0.2352,1,0.2444,Rejected
2838,0.9481,1,0.9935,Rejected
2839,0.9958,0,0.9804,Review
2840,0.1978,1,0.1871,Verified
2841,0.1742,1,0.1734,Review
2842,0.3412,0,0.3381,Verified
2843,0.0736,0,0.0696,Rejected
2844,0.9173,1,0.9229,Rejected
2845,0.6951,0,0.7186,Review
2846,0.1299,0,0.1293,Rejected
2847,0.7643,0,0.7539,Review
2848,0.0574,0,0.059,Verified
2849,0.9119,0,0.848,Verified
2850,0.6745,1,0.6669,Rejected
2851,0.3858,0,0.398,Verified
2852,0.467,1,0.4816,Review
2853,0.7526,0,0.7012,Verified
2854,0.843,0,0.8127,Verified
2855,0.2689,1,0.2725,Review
2856,0.4956,1,0.4593,Review
2857,0.5313,1,0.5453,Review
2858,0.3263,0,0.316,Rejected
2859,0.0153,0,0.0147,Rejected
2860,0.3001,0,0.315,Verified
2861,0.2908,1,0.3045,Verified
2862,0.4908,1,0.4676,Review
2863,0.4297,0,0.4396,Review
2864,0.8023,1,0.7927,Verified
2865,0.4821,1,0.5011,Review
2866,0.0301,1,0.0284,Review
2867,0.4855,1,0.4775,Rejected
2868,0.218,0,0.1969,Verified
2869,0.2006,0,0.2062,Review
2870,0.6773,0,0.6396,Verified
2871,0.8954,0,0.9099,Review
2872,0.1145,0,0.119,Review
2873,0.4227,0,0.3811,Review
2874,0.9842,0,0.9632,Rejected
2875,0.2503,0,0.2277,Rejected
2876,0.1403,0,0.1282,Verified
2877,0.2958,0,0.2785,Verified
2878,0.9893,1,0.9951,Review
2879,0.1374,1,0.1325,Review
2880,0.8524,0,0.8749,Rejected
2881,0.4955,0,0.4991,Rejected
2882,0.1282,0,0.133,Review
2883,0.4087,1,0.3748,Rejected
2884,0.6907,0,0.6343,Verified
2885,0.6483,0,0.6289,Rejected
2886,0.1211,0,0.1261,Rejected
2887,0.9839,0,0.9668,Verified
2888,0.4363,1,0.4238,Verified
2889,0.4503,1,0.4215,Verified
2890,0.7368,0,0.7069,Review
2891,0.9011,1,0.829,Verified
2892,0.8528,1,0.8838,Review
2893,0.4665,0,0.4887,Review
2894,0.9646,0,0.9189,Verified
2895,0.5935,1,0.539,Review
2896,0.838,0,0.8697,Review
2897,0.5068,1,0.4993,Verified
2898,0.6361,0,0.6463,Rejected
2899,0.764,1,0.775,Rejected
2900,0.5266,1,0.4911,Review
2901,0.1829,1,0.1876,Review
2902,0.4651,0,0.4525,Verified
2903,0.015,0,0.0139,Rejected
2904,0.1032,0,0.1078,Rejected
2905,0.5467,0,0.4936,Rejected
2906,0.6154,0,0.592,Rejected
2907,0.0962,0,0.0971,Review
2908,0.0496,0,0.049,Review
2909,0.5571,1,0.538,Verified
2910,0.5819,1,0.5962,Verified
2911,0.1316,0,0.1358,Review
2912,0.0251,1,0.0247,Rejected
2913,0.1708,0,0.1558,Rejected
2914,0.2368,1,0.2475,Review
2915,0.8134,0,0.7765,Rejected
2916,0.3008,1,0.3149,Rejected
2917,0.2951,0,0.2886,Rejected
2918,0.1181,1,0.1202,Review
2919,0.9746,1,0.889,Review
2920,0.3725,1,0.3872,Verified
2921,0.4556,1,0.4653,Verified
2922,0.8361,0,0.8129,Rejected
2923,0.1135,1,0.1145,Rejected
2924,0.5838,0,0.5809,Review
2925,0.4129,1,0.4269,Verified
2926,0.576,1,0.5262,Rejected
2927,0.4461,1,0.4552,Rejected
2928,0.1823,1,0.1651,Rejected
2929,0.5341,1,0.5549,Review
2930,0.6003,1,0.6245,Verified
2931,0.826,0,0.7569,Review
2932,0.9487,0,0.9223,Rejected
2933,0.9855,1,1.0,Rejected
2934,0.5133,0,0.5051,Review
2935,0.7467,0,0.682,Review
2936,0.565,1,0.5814,Review
2937,0.9504,0,0.9293,Rejected
2938,0.0314,1,0.0304,Verified
2939,0.9981,1,1.0,Rejected
2940,0.5485,0,0.5178,Review
2941,0.9365,0,0.9446,Verified
2942,0.3648,0,0.3329,Verified
2943,0.9478,0,0.989,Review
2944,0.1694,0,0.1743,Rejected
2945,0.9358,1,0.8998,Verified
2946,0.9225,0,0.9541,Verified
2947,0.0115,1,0.0117,Verified
2948,0.2836,1,0.2788,Review
2949,0.3921,0,0.3783,Rejected
2950,0.3217,0,0.3195,Verified
2951,0.898,1,0.8636,Verified
2952,0.4985,1,0.4511,Rejected
2953,0.7341,0,0.6988,Verified
2954,0.3264,0,0.3382,Review
2955,0.8057,1,0.8299,Rejected
2956,0.7169,1,0.6499,Review
2957,0.7745,1,0.7263,Rejected
2958,0.0009,1,0.0009,Review
2959,0.0131,0,0.0128,Verified
2960,0.7348,0,0.7043,Verified
2961,0.3324,1,0.333,Verified
2962,0.8583,1,0.8241,Review
2963,0.671,0,0.6465,Verified
2964,0.194,1,0.1855,Verified
2965,0.829,1,0.8112,Review
2966,0.4976,1,0.5017,Verified
2967,0.2626,1,0.2376,Verified
2968,0.3273,1,0.3191,Review
2969,0.2648,1,0.2433,Review
2970,0.0942,1,0.0963,Review
2971,0.0452,1,0.0443,Verified
2972,0.5676,0,0.5557,Rejected
2973,0.0301,0,0.0276,Verified
2974,0.3605,0,0.366,Verified
2975,0.6857,0,0.7003,Rejected
2976,0.5357,0,0.4824,Verified
2977,0.7852,1,0.7489,Verified
2978,0.5047,1,0.5119,Rejected
2979,0.682,1,0.6409,Review
2980,0.7783,1,0.7776,Rejected
2981,0.0896,0,0.0926,Review
2982,0.5305,0,0.5161,Review
2983,0.4597,1,0.4535,Verified
2984,0.9916,1,0.9304,Rejected
2985,0.3089,1,0.3161,Verified
2986,0.5886,0,0.5339,Verified
2987,0.8455,0,0.8054,Rejected
2988,0.9253,0,0.9715,Review
2989,0.4585,1,0.4376,Review
2990,0.2444,1,0.2341,Verified
2991,0.5859,1,0.5787,Review
2992,0.0419,1,0.0389,Review
2993,0.1805,1,0.1639,Rejected
2994,0.3647,0,0.3746,Review
2995,0.5423,0,0.5382,Verified
2996,0.5278,1,0.5294,Rejected
2997,0.1917,1,0.1777,Rejected
2998,0.4804,1,0.4483,Review
2999,0.3569,0,0.348,Verified
3000,0.952,1,0.8814,Rejected
3001,0.0297,1,0.0289,Rejected
3002,0.76,1,0.7857,Rejected
3003,0.0572,0,0.0566,Rejected
3004,0.7082,1,0.6686,Verified
3005,0.2958,0,0.3088,Rejected
3006,0.2214,1,0.2086,Verified
3007,0.6851,1,0.6763,Verified
3008,0.5813,1,0.5934,Review
3009,0.9379,0,0.9575,Rejected
3010,0.4526,0,0.451,Rejected
3011,0.9264,1,0.8383,Rejected
3012,0.0348,1,0.0364,Verified
3013,0.3907,0,0.3767,Verified
3014,0.7061,0,0.6469,Review
3015,0.0776,1,0.0746,Verified
3016,0.0704,0,0.0675,Review
3017,0.3816,0,0.374,Review
3018,0.6655,0,0.6398,Rejected
3019,0.8745,1,0.7961,Review
3020,0.2966,0,0.2792,Rejected
3021,0.5718,1,0.5844,Review
3022,0.7917,0,0.8197,Rejected
3023,0.9204,0,0.8896,Verified
3024,0.1828,0,0.174,Rejected
3025,0.7556,0,0.7316,Review
3026,0.1513,1,0.1455,Review
3027,0.944,0,0.9339,Verified
3028,0.1377,1,0.1251,Verified
3029,0.462,1,0.4788,Verified
3030,0.4378,1,0.4105,Rejected
3031,0.4891,1,0.4994,Rejected
3032,0.9784,1,0.9459,Rejected
3033,0.6806,1,0.7141,Rejected
3034,0.5529,0,0.5779,Rejected
3035,0.3762,0,0.3494,Review
3036,0.1308,0,0.1266,Rejected
3037,0.1958,0,0.1921,Rejected
3038,0.5353,0,0.5071,Verified
3039,0.0992,1,0.0905,Review
3040,0.8382,0,0.8006,Verified
3041,0.8237,1,0.8014,Rejected
3042,0.652,0,0.6425,Review
3043,0.5668,1,0.5765,Review
3044,0.6017,0,0.59,Verified
3045,0.1772,1,0.1701,Verified
3046,0.6467,1,0.6185,Review
3047,0.2975,1,0.2833,Review
3048,0.3426,1,0.3197,Verified
3049,0.0797,1,0.0778,Rejected
3050,0.9878,0,1.0,Rejected
3051,0.2641,0,0.2407,Review
3052,0.0904,1,0.0839,Review
3053,0.5211,0,0.5094,Rejected
3054,0.1735,1,0.1628,Review
3055,0.2983,0,0.2946,Rejected
3056,0.1728,1,0.178,Review
3057,0.6224,0,0.6309,Rejected
3058,0.3676,1,0.3417,Verified
3059,0.318,1,0.313,Review
3060,0.358,0,0.3286,Review
3061,0.0957,1,0.0923,Rejected
3062,0.2693,1,0.2746,Verified
3063,0.2453,0,0.2208,Review
3064,0.8485,1,0.8798,Rejected
3065,0.1359,1,0.1417,Verified
3066,0.1862,0,0.1831,Verified
3067,0.4833,0,0.4585,Rejected
3068,0.6659,0,0.6406,Review
3069,0.8674,0,0.8978,Verified
3070,0.7888,0,0.7614,Rejected
3071,0.7322,1,0.7026,Review
3072,0.9366,1,0.9359,Verified
3073,0.8739,1,0.9086,Review
3074,0.2985,1,0.2826,Verified
3075,0.0216,0,0.0204,Verified
3076,0.6725,0,0.6145,Verified
3077,0.2687,0,0.2688,Review
3078,0.8017,0,0.8021,Rejected
3079,0.4844,0,0.5074,Verified
3080,0.7181,0,0.6573,Verified
3081,0.1478,0,0.1529,Verified
3082,0.2297,0,0.2341,Review
3083,0.7535,1,0.7687,Review
3084,0.4827,0,0.4747,Review
3085,0.5918,1,0.5751,Verified
3086,0.5122,1,0.4718,Verified
3087,0.8989,1,0.847,Review
3088,0.923,0,0.8552,Verified
3089,0.2029,0,0.1879,Review
3090,0.2526,1,0.2425,Verified
3091,0.0153,1,0.0139,Rejected
3092,0.3036,1,0.2927,Verified
3093,0.442,0,0.4199,Review
3094,0.9869,0,0.9707,Review
3095,0.9322,1,0.8663,Rejected
3096,0.3482,1,0.3531,Verified
3097,0.9792,0,0.9854,Review
3098,0.6477,1,0.596,Review
3099,0.2215,1,0.2125,Verified
3100,0.8799,1,0.8726,Verified
3101,0.4025,0,0.3658,Review
3102,0.5474,1,0.4965,Review
3103,0.8398,0,0.8506,Verified
3104,0.764,1,0.7135,Verified
3105,0.5245,0,0.492,Verified
3106,0.9887,0,0.9411,Rejected
3107,0.4425,1,0.401,Verified
3108,0.2899,1,0.303,Review
3109,0.0053,1,0.0049,Verified
3110,0.6613,0,0.6447,Rejected
3111,0.4011,1,0.4042,Review
3112,0.6507,0,0.6728,Verified
3113,0.9597,0,0.9093,Verified
3114,0.2998,1,0.3049,Verified
3115,0.7768,1,0.794,Review
3116,0.1797,1,0.1634,Verified
3117,0.9248,0,0.9433,Review
3118,0.0696,0,0.0697,Rejected
3119,0.855,1,0.7999,Rejected
3120,0.4593,1,0.4524,Verified
3121,0.5789,1,0.5335,Review
3122,0.6548,0,0.6715,Rejected
3123,0.8774,0,0.874,Rejected
3124,0.8603,1,0.8114,Verified
3125,0.6249,1,0.5843,Review
3126,0.7971,1,0.7369,Rejected
3127,0.765,1,0.7922,Review
3128,0.3166,1,0.2855,Verified
3129,0.0438,0,0.0415,Verified
3130,0.048,1,0.0492,Review
3131,0.6022,0,0.6236,Review
3132,0.1059,1,0.1019,Verified
3133,0.1915,0,0.174,Verified
3134,0.6274,1,0.6381,Rejected
3135,0.3273,0,0.3352,Verified
3136,0.0958,0,0.0886,Review
3137,0.7404,1,0.6848,Rejected
3138,0.0708,1,0.0699,Verified
3139,0.496,0,0.4602,Verified
3140,0.6508,0,0.6554,Rejected
3141,0.7921,0,0.7368,Review
3142,0.9453,0,0.9663,Verified
3143,0.7924,1,0.763,Verified
3144,0.7405,1,0.6727,Review
3145,0.1305,0,0.1297,Rejected
3146,0.4306,0,0.4461,Review
3147,0.1135,0,0.104,Rejected
3148,0.2202,0,0.2269,Verified
3149,0.7175,1,0.6916,Verified
3150,0.6761,0,0.6492,Review
3151,0.0993,0,0.0939,Review
3152,0.4075,1,0.3859,Verified
3153,0.2112,1,0.191,Rejected
3154,0.4762,0,0.4499,Review
3155,0.435,0,0.404,Verified
3156,0.516,0,0.5403,Rejected
3157,0.9667,1,0.9089,Review
3158,0.8159,0,0.7691,Review
3159,0.9697,0,0.9521,Verified
3160,0.8412,0,0.7659,Verified
3161,0.0221,0,0.0231,Review
3162,0.8365,0,0.7624,Rejected
3163,0.2068,0,0.2027,Rejected
3164,0.8643,0,0.798,Verified
3165,0.9172,0,0.904,Review
3166,0.9655,1,0.9805,Rejected
3167,0.9162,0,0.8925,Rejected
3168,0.3064,1,0.317,Verified
3169,0.4339,0,0.4245,Rejected
3170,0.5099,1,0.4972,Review
3171,0.2252,1,0.2132,Rejected
3172,0.6385,1,0.5941,Verified
3173,0.7529,0,0.7,Verified
3174,0.8581,1,0.8915,Review
3175,0.3338,1,0.3127,Review
3176,0.6496,0,0.6185,Verified
3177,0.3628,0,0.3476,Verified
3178,0.9767,0,0.9895,Review
3179,0.4823,1,0.4688,Rejected
3180,0.8438,0,0.8209,Review
3181,0.723,0,0.6769,Review
3182,0.5422,0,0.5274,Verified
3183,0.3339,0,0.3497,Verified
3184,0.5007,0,0.4803,Verified
3185,0.9059,1,0.8621,Verified
3186,0.0888,1,0.0892,Verified
3187,0.5101,0,0.483,Rejected
3188,0.6157,1,0.5821,Rejected
3189,0.8678,1,0.9022,Rejected
3190,0.3789,0,0.3761,Review
3191,0.7042,0,0.6806,Rejected
3192,0.0735,1,0.0746,Rejected
3193,0.6073,0,0.633,Verified
3194,0.9285,1,0.95,Verified
3195,0.3946,1,0.3624,Verified
3196,0.5789,0,0.5826,Review
3197,0.6566,0,0.6833,Verified
3198,0.0716,0,0.0744,Review
3199,0.3731,0,0.376,Verified
3200,0.1849,1,0.1824,Rejected
3201,0.2849,0,0.2738,Verified
3202,0.7657,1,0.6968,Rejected
3203,0.4103,0,0.4054,Verified
3204,0.6259,0,0.5947,Rejected
3205,0.8674,1,0.9082,Rejected
3206,0.4106,1,0.4121,Rejected
3207,0.4021,0,0.3691,Rejected
3208,0.4174,0,0.3941,Review
3209,0.3197,0,0.306,Review
3210,0.4419,0,0.4175,Rejected
3211,0.3944,0,0.4125,Review
3212,0.1357,0,0.1372,Review
3213,0.2841,0,0.2624,Verified
3214,0.3824,0,0.3681,Verified
3215,0.5949,0,0.5588,Review
3216,0.403,0,0.3837,Verified
3217,0.003,0,0.0029,Rejected
3218,0.0459,1,0.0458,Review
3219,0.8848,1,0.8467,Review
3220,0.5831,1,0.5785,Review
3221,0.4972,1,0.4676,Verified
3222,0.6063,1,0.5852,Review
3223,0.4844,1,0.4929,Verified
3224,0.1326,1,0.1262,Verified
3225,0.0096,0,0.0093,Review
3226,0.5598,1,0.5646,Verified
3227,0.3512,0,0.3495,Verified
3228,0.0115,0,0.0112,Verified
3229,0.1861,1,0.1886,Verified
3230,0.093,0,0.0843,Review
3231,0.6718,1,0.661,Rejected
3232,0.6785,1,0.7076,Review
3233,0.8014,0,0.7844,Verified
3234,0.2848,0,0.2756,Verified
3235,0.8966,0,0.9224,Rejected
3236,0.8454,0,0.8126,Rejected
3237,0.0119,0,0.0107,Review
3238,0.8215,1,0.837,Review
3239,0.2695,0,0.2631,Verified
3240,0.8836,1,0.86,Review
3241,0.843,0,0.8563,Verified
3242,0.1143,0,0.111,Rejected
3243,0.5973,1,0.5954,Review
3244,0.725,1,0.6823,Review
3245,0.1682,0,0.1575,Verified
3246,0.539,1,0.4879,Review
3247,0.1195,0,0.1115,Rejected
3248,0.3836,1,0.3907,Verified
3249,0.0395,1,0.0407,Rejected
3250,0.4783,0,0.4885,Verified
3251,0.5719,1,0.5264,Verified
3252,0.5141,1,0.5044,Review
3253,0.8483,1,0.8731,Review
3254,0.5799,1,0.5271,Rejected
3255,0.293,1,0.2827,Verified
3256,0.3612,1,0.3488,Verified
3257,0.854,0,0.8019,Verified
3258,0.1555,1,0.1598,Review
3259,0.227,0,0.2264,Review
3260,0.6178,1,0.594,Review
3261,0.6694,1,0.6326,Rejected
3262,0.454,1,0.46,Review
3263,0.5182,0,0.5382,Rejected
3264,0.4288,1,0.4459,Verified
3265,0.4908,1,0.4539,Verified
3266,0.6822,1,0.6328,Review
3267,0.1019,0,0.0932,Verified
3268,0.8475,1,0.8662,Review
3269,0.5973,0,0.585,Review
3270,0.2598,0,0.2625,Rejected
3271,0.1691,0,0.1575,Verified
3272,0.4717,0,0.4942,Verified
3273,0.4527,1,0.421,Review
3274,0.8476,1,0.7819,Verified
3275,0.8582,0,0.8686,Rejected
3276,0.6794,0,0.6937,Rejected
3277,0.6638,1,0.6177,Rejected
3278,0.1907,0,0.1852,Verified
3279,0.1401,0,0.1443,Review
3280,0.5055,1,0.4587,Verified
3281,0.7414,1,0.69,Verified
3282,0.5015,1,0.48,Rejected
3283,0.3704,0,0.386,Verified
3284,0.1483,0,0.1516,Verified
3285,0.773,1,0.741,Review
3286,0.0746,0,0.075,Verified
3287,0.6379,0,0.5904,Verified
3288,0.0856,1,0.0891,Rejected
3289,0.6584,0,0.667,Review
3290,0.0187,1,0.0186,Rejected
3291,0.7042,0,0.7062,Verified
3292,0.2481,1,0.2312,Review
3293,0.3465,1,0.3425,Review
3294,0.9286,0,0.9595,Verified
3295,0.3834,0,0.4001,Verified
3296,0.8651,0,0.8158,Verified
3297,0.9225,1,0.94,Review
3298,0.4595,1,0.4299,Review
3299,0.7746,1,0.8072,Rejected
3300,0.5547,1,0.5568,Rejected
3301,0.6682,0,0.6431,Rejected
3302,0.7035,0,0.6995,Review
3303,0.7162,1,0.6735,Rejected
3304,0.7247,1,0.7491,Verified
3305,0.7978,1,0.7697,Rejected
3306,0.8668,1,0.8869,Review
3307,0.9766,1,0.9338,Rejected
3308,0.8813,0,0.8982,Rejected
3309,0.7105,1,0.7024,Review
3310,0.6306,0,0.586,Rejected
3311,0.5845,0,0.5572,Rejected
3312,0.6931,1,0.6571,Rejected
3313,0.3758,0,0.353,Verified
3314,0.4815,1,0.4897,Verified
3315,0.7274,0,0.6962,Verified
3316,0.0354,1,0.0364,Review
3317,0.5454,1,0.5606,Verified
3318,0.1161,0,0.1093,Verified
3319,0.4726,0,0.4548,Review
3320,0.989,0,0.9562,Review
3321,0.1912,0,0.1859,Rejected
3322,0.2375,0,0.2307,Verified
3323,0.8994,0,0.8194,Review
3324,0.9492,0,0.8733,Rejected
3325,0.3099,1,0.3115,Review
3326,0.8628,1,0.8075,Verified
3327,0.2946,0,0.2677,Verified
3328,0.1682,0,0.1655,Review
3329,0.7618,1,0.7922,Rejected
3330,0.0906,0,0.0876,Rejected
3331,0.2864,0,0.2967,Rejected
3332,0.5433,0,0.5126,Review
3333,0.5366,0,0.5277,Review
3334,0.9788,0,1.0,Review
3335,0.8808,0,0.8873,Verified
3336,0.2615,1,0.2634,Review
3337,0.0585,1,0.0584,Review
3338,0.3388,1,0.3339,Verified
3339,0.6561,1,0.6221,Review
3340,0.7195,0,0.7107,Review
3341,0.2656,0,0.2611,Rejected
3342,0.9704,0,0.9848,Review
3343,0.2635,1,0.253,Review
3344,0.5502,1,0.575,Review
3345,0.8105,0,0.8214,Rejected
3346,0.1842,0,0.1816,Review
3347,0.0423,1,0.0402,Rejected
3348,0.7744,1,0.7647,Rejected
3349,0.3907,0,0.372,Verified
3350,0.1721,0,0.1686,Rejected
3351,0.834,0,0.8412,Review
3352,0.2105,0,0.2009,Review
3353,0.041,1,0.0403,Review
3354,0.3682,1,0.3785,Rejected
3355,0.1217,1,0.1244,Review
3356,0.9097,0,0.9022,Review
3357,0.077,0,0.0751,Verified
3358,0.7044,0,0.6521,Rejected
3359,0.342,0,0.3268,Verified
3360,0.9631,0,0.9753,Rejected
3361,0.7763,1,0.7883,Rejected
3362,0.8319,0,0.8263,Review
3363,0.4481,1,0.4663,Review
3364,0.4397,1,0.4374,Verified
3365,0.7689,1,0.7769,Verified
3366,0.9167,0,0.8944,Review
3367,0.7573,0,0.7205,Verified
3368,0.1291,0,0.1305,Rejected
3369,0.4712,1,0.437,Review
3370,0.5796,0,0.5415,Verified
3371,0.7759,0,0.7444,Rejected
3372,0.9104,0,0.8684,Rejected
3373,0.7385,1,0.7242,Review
3374,0.4868,1,0.5073,Review
3375,0.5016,0,0.5184,Review
3376,0.2748,1,0.2494,Review
3377,0.7395,0,0.7166,Rejected
3378,0.4236,1,0.4378,Review
3379,0.2486,0,0.242,Verified
3380,0.4372,0,0.4182,Verified
3381,0.6887,0,0.6458,Review
3382,0.0701,1,0.0659,Review
3383,0.6956,1,0.7104,Rejected
3384,0.5132,0,0.4978,Rejected
3385,0.8035,0,0.7364,Verified
3386,0.9642,1,0.881,Review
3387,0.0143,0,0.0131,Review
3388,0.0433,0,0.0402,Rejected
3389,0.4199,1,0.4183,Verified
3390,0.2696,1,0.2544,Rejected
3391,0.5141,0,0.4739,Review
3392,0.4604,0,0.4318,Verified
3393,0.5782,1,0.5412,Rejected
3394,0.3619,1,0.3329,Verified
3395,0.8412,1,0.7889,Verified
3396,0.9489,0,0.9582,Verified
3397,0.1364,1,0.1333,Review
3398,0.9065,0,0.8285,Verified
3399,0.0424,0,0.0383,Verified
3400,0.1941,1,0.1911,Verified
3401,0.219,0,0.2079,Review
3402,0.3657,1,0.3629,Verified
3403,0.6896,0,0.6623,Verified
3404,0.7299,0,0.7313,Verified
3405,0.7275,1,0.7617,Rejected
3406,0.605,0,0.5853,Review
3407,0.9347,1,0.8461,Verified
3408,0.446,1,0.4295,Rejected
3409,0.7142,1,0.6544,Rejected
3410,0.226,1,0.2138,Verified
3411,0.5021,0,0.5081,Verified
3412,0.9368,1,0.9829,Rejected
3413,0.1434,1,0.1304,Rejected
3414,0.1083,1,0.1118,Rejected
3415,0.8022,0,0.7713,Verified
3416,0.3405,0,0.3554,Review
3417,0.9429,0,0.8707,Verified
3418,0.4299,1,0.427,Rejected
3419,0.2819,0,0.2903,Verified
3420,0.6576,1,0.6443,Review
3421,0.4291,0,0.4092,Review
3422,0.318,0,0.2948,Verified
3423,0.7034,1,0.6513,Rejected
3424,0.5856,1,0.5749,Rejected
3425,0.5861,0,0.5892,Rejected
3426,0.6814,0,0.6361,Verified
3427,0.5583,0,0.5752,Rejected
3428,0.1133,1,0.1024,Review
3429,0.4315,1,0.3945,Rejected
3430,0.6385,0,0.5792,Review
3431,0.2111,0,0.2114,Rejected
3432,0.4845,0,0.4513,Verified
3433,0.9191,1,0.9642,Rejected
3434,0.4933,1,0.4801,Verified
3435,0.1575,0,0.1574,Review
3436,0.9172,1,0.9602,Verified
3437,0.9943,0,0.993,Verified
3438,0.6481,0,0.587,Rejected
3439,0.1667,1,0.1707,Rejected
3440,0.3621,1,0.3646,Review
3441,0.2687,1,0.2515,Verified
3442,0.4182,0,0.4048,Verified
3443,0.5021,1,0.4574,Review
3444,0.9641,0,0.9653,Verified
3445,0.1469,0,0.149,Review
3446,0.9889,1,0.8977,Verified
3447,0.8504,0,0.7915,Review
3448,0.2511,1,0.2606,Review
3449,0.121,0,0.1186,Rejected
3450,0.9959,0,0.927,Verified
3451,0.1732,0,0.157,Verified
3452,0.8935,1,0.9024,Rejected
3453,0.1025,1,0.1026,Review
3454,0.5948,0,0.5837,Review
3455,0.0582,0,0.0535,Rejected
3456,0.423,1,0.4076,Review
3457,0.3867,0,0.3657,Rejected
3458,0.6987,0,0.7016,Rejected
3459,0.784,0,0.8231,Review
3460,0.7754,0,0.758,Rejected
3461,0.9553,0,0.9996,Verified
3462,0.5554,1,0.5365,Verified
3463,0.1108,0,0.1045,Rejected
3464,0.8641,1,0.8202,Verified
3465,0.297,0,0.2682,Verified
3466,0.2833,1,0.2934,Rejected
3467,0.9379,1,0.8865,Rejected
3468,0.4397,1,0.4011,Rejected
3469,0.5096,1,0.4938,Verified
3470,0.1989,0,0.1893,Verified
3471,0.448,1,0.4082,Review
3472,0.8637,1,0.8667,Verified
3473,0.6474,0,0.6178,Rejected
3474,0.0861,0,0.0816,Verified
3475,0.0344,1,0.0317,Review
3476,0.7336,1,0.7572,Rejected
3477,0.571,1,0.5633,Review
3478,0.1515,0,0.1467,Review
3479,0.2325,1,0.2145,Rejected
3480,0.4178,0,0.38,Rejected
3481,0.9087,0,0.9234,Verified
3482,0.7857,1,0.802,Review
3483,0.136,1,0.1349,Review
3484,0.2022,1,0.1881,Rejected
3485,0.0141,0,0.0141,Review
3486,0.6259,1,0.638,Review
3487,0.8182,1,0.8567,Verified
3488,0.004,0,0.0036,Rejected
3489,0.3581,0,0.3383,Review
3490,0.5204,0,0.5114,Review
3491,0.4543,0,0.4585,Rejected
3492,0.9395,0,0.8625,Rejected
3493,0.7808,0,0.769,Verified
3494,0.9192,1,0.8567,Verified
3495,0.7059,0,0.6935,Verified
3496,0.2724,0,0.2479,Review
3497,0.6533,0,0.6674,Rejected
3498,0.6728,1,0.6338,Rejected
3499,0.4329,1,0.4056,Review
3500,0.5293,0,0.5414,Verified
3501,0.2758,1,0.2609,Review
3502,0.5502,0,0.4967,Review
3503,0.2425,0,0.2197,Verified
3504,0.3687,0,0.3677,Rejected
3505,0.441,1,0.4114,Rejected
3506,0.7998,0,0.7799,Verified
3507,0.1291,1,0.1302,Rejected
3508,0.9299,0,0.9048,Review
3509,0.8124,1,0.8283,Review
3510,0.2676,0,0.2676,Rejected
3511,0.275,0,0.2595,Rejected
3512,0.1981,0,0.1918,Rejected
3513,0.7531,1,0.7648,Rejected
3514,0.9076,0,0.9298,Rejected
3515,0.1533,0,0.1488,Review
3516,0.1881,1,0.1767,Rejected
3517,0.8487,1,0.7724,Review
3518,0.7519,1,0.7871,Rejected
3519,0.9327,0,0.9072,Verified
3520,0.3794,1,0.395,Rejected
3521,0.8598,0,0.7872,Review
3522,0.4324,0,0.4342,Review
3523,0.2709,1,0.254,Rejected
3524,0.6479,1,0.6145,Rejected
3525,0.4547,1,0.4682,Rejected
3526,0.5318,1,0.5154,Verified
3527,0.7954,0,0.8068,Review
3528,0.9883,0,0.9196,Review
3529,0.2571,1,0.2353,Rejected
3530,0.2454,0,0.2396,Verified
3531,0.239,1,0.2365,Verified
3532,0.7915,0,0.7969,Review
3533,0.7682,1,0.7009,Review
3534,0.4988,0,0.5219,Rejected
3535,0.8525,0,0.8045,Rejected
3536,0.7983,1,0.7976,Rejected
3537,0.2713,0,0.2588,Review
3538,0.1444,0,0.1349,Rejected
3539,0.4924,0,0.444,Rejected
3540,0.1084,0,0.1085,Rejected
3541,0.0496,0,0.0469,Rejected
3542,0.8228,0,0.8189,Verified
3543,0.3497,1,0.3487,Rejected
3544,0.8604,1,0.8863,Verified
3545,0.4635,0,0.4214,Review
3546,0.3416,0,0.3534,Review
3547,0.1341,1,0.1223,Verified
3548,0.1846,0,0.1802,Review
3549,0.7725,0,0.7614,Review
3550,0.0952,0,0.0974,Review
3551,0.2333,0,0.2314,Verified
3552,0.4369,0,0.4001,Review
3553,0.925,1,0.8399,Review
3554,0.8448,1,0.8756,Rejected
3555,0.8986,0,0.8269,Verified
3556,0.839,0,0.775,Rejected
3557,0.0642,0,0.0601,Verified
3558,0.9834,1,0.9628,Review
3559,0.0612,0,0.0585,Rejected
3560,0.8572,1,0.8744,Review
3561,0.6297,0,0.6021,Review
3562,0.3116,0,0.2861,Verified
3563,0.1204,0,0.12,Rejected
3564,0.2183,0,0.2207,Verified
3565,0.4687,1,0.4264,Review
3566,0.7063,0,0.7001,Rejected
3567,0.3306,0,0.3302,Verified
3568,0.4033,1,0.3809,Rejected
3569,0.7722,0,0.7215,Review
3570,0.9959,1,1.0,Verified
3571,0.1071,0,0.097,Verified
3572,0.2763,1,0.2497,Rejected
3573,0.0932,1,0.092,Rejected
3574,0.9499,1,0.9305,Review
3575,0.0795,0,0.0787,Verified
3576,0.5416,1,0.5642,Verified
3577,0.3852,1,0.3911,Verified
3578,0.6811,1,0.6769,Review
3579,0.2863,0,0.2673,Rejected
3580,0.9441,0,0.8896,Rejected
3581,0.4009,1,0.3886,Rejected
3582,0.5604,1,0.5713,Verified
3583,0.7591,1,0.6935,Verified
3584,0.1864,1,0.1807,Verified
3585,0.6995,0,0.7096,Review
3586,0.9536,1,0.8941,Rejected
3587,0.5644,1,0.5092,Review
3588,0.1231,0,0.1168,Rejected
3589,0.3004,0,0.2856,Verified
3590,0.0498,0,0.0466,Rejected
3591,0.3043,0,0.2795,Review
3592,0.6034,0,0.5872,Verified
3593,0.2572,1,0.2648,Rejected
3594,0.7483,0,0.7309,Rejected
3595,0.8465,1,0.765,Verified
3596,0.9799,1,0.9232,Rejected
3597,0.1926,0,0.1785,Rejected
3598,0.1322,0,0.1255,Rejected
3599,0.4739,0,0.4901,Verified
3600,0.4959,1,0.4473,Review
3601,0.642,0,0.6249,Rejected
3602,0.5017,0,0.4588,Verified
3603,0.802,0,0.8241,Rejected
3604,0.3849,1,0.3603,Rejected
3605,0.6211,0,0.6186,Verified
3606,0.6756,0,0.6933,Rejected
3607,0.3084,0,0.3044,Rejected
3608,0.7236,1,0.7353,Verified
3609,0.2399,0,0.2377,Review
3610,0.2008,1,0.1986,Review
3611,0.9915,1,1.0,Rejected
3612,0.2069,1,0.2046,Review
3613,0.8691,1,0.8759,Rejected
3614,0.0339,0,0.0319,Verified
3615,0.6023,1,0.5466,Review
3616,0.3442,1,0.3293,Review
3617,0.0851,1,0.0843,Review
3618,0.6363,1,0.601,Review
3619,0.6426,1,0.6477,Rejected
3620,0.8504,0,0.8273,Review
3621,0.4798,1,0.4407,Verified
3622,0.0792,0,0.0725,Verified
3623,0.2667,1,0.2521,Review
3624,0.3334,0,0.3289,Verified
3625,0.646,0,0.6274,Rejected
3626,0.4545,1,0.44,Review
3627,0.4718,1,0.4615,Verified
3628,0.6644,0,0.6774,Review
3629,0.3751,0,0.3415,Verified
3630,0.2798,1,0.2742,Verified
3631,0.7695,0,0.6991,Review
3632,0.6906,1,0.6944,Rejected
3633,0.0953,0,0.094,Rejected
3634,0.998,1,1.0,Review
3635,0.2366,0,0.2339,Verified
3636,0.1047,0,0.0971,Verified
3637,0.0603,0,0.0553,Review
3638,0.4888,1,0.4724,Rejected
3639,0.714,0,0.7372,Rejected
3640,0.0007,1,0.0007,Review
3641,0.9092,0,0.8352,Rejected
3642,0.6592,0,0.6625,Rejected
3643,0.7841,0,0.7417,Review
3644,0.1456,1,0.1517,Rejected
3645,0.0782,1,0.0737,Review
3646,0.2885,1,0.2819,Rejected
3647,0.7984,1,0.8366,Rejected
3648,0.4113,0,0.4195,Review
3649,0.5122,1,0.4933,Verified
3650,0.7346,1,0.6888,Rejected
3651,0.936,0,0.9439,Verified
3652,0.7989,1,0.8298,Verified
3653,0.7267,1,0.6958,Rejected
3654,0.0317,1,0.0302,Rejected
3655,0.2586,1,0.2363,Rejected
3656,0.0409,0,0.04,Verified
3657,0.725,1,0.6819,Review
3658,0.2949,0,0.2825,Verified
3659,0.1635,0,0.1612,Verified
3660,0.2189,0,0.2279,Review
3661,0.4419,0,0.4368,Review
3662,0.9482,0,0.9426,Verified
3663,0.7381,1,0.7174,Rejected
3664,0.0266,0,0.0246,Rejected
3665,0.8799,1,0.8931,Verified
3666,0.664,0,0.6543,Rejected
3667,0.0118,1,0.0116,Verified
3668,0.2011,0,0.2089,Verified
3669,0.4912,0,0.4715,Verified
3670,0.8707,0,0.788,Rejected
3671,0.0146,1,0.0135,Review
3672,0.596,1,0.5544,Verified
3673,0.1108,1,0.1109,Rejected
3674,0.2085,1,0.2165,Review
3675,0.0721,0,0.0706,Rejected
3676,0.3784,1,0.3471,Verified
3677,0.605,1,0.6305,Verified
3678,0.5844,1,0.5341,Verified
3679,0.0423,0,0.0418,Review
3680,0.2664,0,0.2518,Rejected
3681,0.6377,0,0.6272,Review
3682,0.5024,0,0.4719,Verified
3683,0.2528,0,0.2467,Verified
3684,0.6717,0,0.6378,Review
3685,0.3322,1,0.3156,Rejected
3686,0.0446,0,0.0439,Review
3687,0.3696,0,0.35,Review
3688,0.6173,1,0.6144,Review
3689,0.9069,1,0.8932,Review
3690,0.4566,1,0.4299,Verified
3691,0.4948,0,0.5105,Verified
3692,0.4934,0,0.465,Rejected
3693,0.8,0,0.7743,Verified
3694,0.9689,0,0.9601,Review
3695,0.1944,0,0.1774,Verified
3696,0.6474,0,0.67,Review
3697,0.6829,0,0.6694,Review
3698,0.6263,0,0.6441,Rejected
3699,0.8739,1,0.8531,Review
3700,0.7851,0,0.7439,Review
3701,0.1921,1,0.1959,Review
3702,0.2391,0,0.2188,Rejected
3703,0.1972,0,0.1834,Rejected
3704,0.0819,1,0.0814,Verified
3705,0.8403,1,0.8269,Review
3706,0.161,0,0.1608,Review
3707,0.6273,0,0.6576,Rejected
3708,0.5249,1,0.5257,Review
3709,0.9476,1,0.9841,Review
3710,0.6384,1,0.6033,Verified
3711,0.6495,0,0.6221,Verified
3712,0.0037,1,0.0033,Rejected
3713,0.7671,0,0.691,Rejected
3714,0.1088,0,0.1121,Verified
3715,0.7052,0,0.6854,Verified
3716,0.3063,0,0.2881,Verified
3717,0.2619,1,0.2426,Review
3718,0.4798,1,0.4444,Review
3719,0.4672,1,0.4575,Rejected
3720,0.9099,0,0.8423,Rejected
3721,0.0537,1,0.0511,Review
3722,0.3781,0,0.3955,Review
3723,0.7559,1,0.7317,Verified
3724,0.6298,1,0.5967,Verified
3725,0.0839,1,0.0853,Review
3726,0.9207,1,0.8992,Verified
3727,0.3543,1,0.3285,Rejected
3728,0.3388,1,0.3347,Rejected
3729,0.8298,1,0.7587,Rejected
3730,0.2661,1,0.2475,Review
3731,0.2009,1,0.2054,Verified
3732,0.8753,0,0.8376,Rejected
3733,0.607,0,0.5792,Rejected
3734,0.2392,0,0.2284,Rejected
3735,0.5483,0,0.5478,Review
3736,0.8821,0,0.8572,Rejected
3737,0.4897,0,0.4456,Review
3738,0.45,0,0.4591,Review
3739,0.3048,0,0.3064,Review
3740,0.7381,1,0.7531,Verified
3741,0.2212,1,0.2036,Verified
3742,0.6513,1,0.63,Rejected
3743,0.0888,1,0.081,Review
3744,0.4339,1,0.4503,Review
3745,0.332,1,0.3086,Verified
3746,0.6499,0,0.6209,Verified
3747,0.535,0,0.4847,Verified
3748,0.0197,1,0.0189,Review
3749,0.027,0,0.025,Review
3750,0.8124,1,0.8366,Rejected
3751,0.6092,0,0.596,Verified
3752,0.5658,0,0.5502,Rejected
3753,0.5058,0,0.4736,Review
3754,0.6885,1,0.6923,Review
3755,0.1783,1,0.1616,Verified
3756,0.9082,1,0.897,Rejected
3757,0.6561,0,0.6288,Verified
3758,0.1272,1,0.1157,Rejected
3759,0.9072,0,0.9366,Review
3760,0.8956,1,0.9073,Rejected
3761,0.6047,0,0.5597,Verified
3762,0.2701,1,0.258,Rejected
3763,0.1153,0,0.1099,Rejected
3764,0.4575,0,0.4759,Rejected
3765,0.357,0,0.3744,Rejected
3766,0.7015,1,0.7224,Verified
3767,0.4404,1,0.4575,Review
3768,0.3668,1,0.3597,Review
3769,0.0914,0,0.0952,Verified
3770,0.14,0,0.1453,Rejected
3771,0.5729,1,0.5739,Rejected
3772,0.3189,1,0.3071,Verified
3773,0.4124,1,0.4145,Verified
3774,0.1548,0,0.159,Rejected
3775,0.4692,0,0.468,Verified
3776,0.815,1,0.7972,Review
3777,0.6374,0,0.5864,Verified
3778,0.2278,0,0.2166,Review
3779,0.0554,0,0.0508,Verified
3780,0.8806,1,0.8105,Verified
3781,0.8868,1,0.8573,Review
3782,0.3807,1,0.3904,Verified
3783,0.3005,0,0.3097,Rejected
3784,0.6011,0,0.588,Rejected
3785,0.7437,1,0.761,Review
3786,0.7108,0,0.6942,Rejected
3787,0.8405,0,0.8424,Rejected
3788,0.3871,1,0.3589,Verified
3789,0.1785,0,0.1714,Rejected
3790,0.5286,0,0.4914,Review
3791,0.8274,1,0.8195,Review
3792,0.4454,1,0.4295,Review
3793,0.8319,0,0.7652,Review
3794,0.0473,1,0.0456,Verified
3795,0.5565,1,0.5133,Verified
3796,0.6305,1,0.5738,Rejected
3797,0.879,0,0.8658,Rejected
3798,0.6702,0,0.6344,Review
3799,0.0492,1,0.0501,Verified
3800,0.6035,0,0.6161,Rejected
3801,0.7016,0,0.7233,Verified
3802,0.815,0,0.7947,Rejected
3803,0.7908,1,0.7708,Verified
3804,0.6246,0,0.6553,Rejected
3805,0.9443,1,0.9709,Rejected
3806,0.3332,0,0.3034,Review
3807,0.2307,0,0.2282,Review
3808,0.577,1,0.5956,Rejected
3809,0.4162,1,0.419,Rejected
3810,0.5706,1,0.5926,Review
3811,0.9792,0,0.9714,Rejected
3812,0.5035,1,0.4659,Rejected
3813,0.5777,1,0.5229,Review
3814,0.7099,1,0.6609,Verified
3815,0.7205,0,0.7416,Rejected
3816,0.653,1,0.6853,Review
3817,0.4392,1,0.4151,Rejected
3818,0.8256,1,0.7777,Rejected
3819,0.829,0,0.7915,Review
3820,0.1782,1,0.1715,Rejected
3821,0.113,0,0.104,Verified
3822,0.8514,0,0.894,Verified
3823,0.3354,1,0.3346,Review
3824,0.7549,1,0.7489,Verified
3825,0.1342,0,0.1275,Review
3826,0.8865,1,0.864,Review
3827,0.3283,1,0.3291,Verified
3828,0.7896,0,0.7815,Rejected
3829,0.5523,0,0.5691,Review
3830,0.7732,0,0.8043,Review
3831,0.4588,1,0.4785,Rejected
3832,0.8812,1,0.8752,Review
3833,0.3122,0,0.2997,Review
3834,0.3148,0,0.3216,Review
3835,0.9016,1,0.8161,Review
3836,0.7729,0,0.7222,Review
3837,0.6878,1,0.6519,Rejected
3838,0.291,1,0.2901,Review
3839,0.3462,1,0.3307,Verified
3840,0.2422,1,0.2427,Verified
3841,0.8262,1,0.8457,Verified
3842,0.8788,0,0.8923,Rejected
3843,0.1484,1,0.1348,Review
3844,0.0656,0,0.0653,Review
3845,0.1758,1,0.162,Verified
3846,0.5177,0,0.5346,Rejected
3847,0.8451,0,0.868,Review
3848,0.9351,1,0.9653,Rejected
3849,0.344,0,0.3378,Verified
3850,0.624,1,0.6522,Rejected
3851,0.5071,0,0.5179,Rejected
3852,0.0088,0,0.008,Verified
3853,0.2037,1,0.2081,Verified
3854,0.286,1,0.2637,Verified
3855,0.9787,1,0.9353,Review
3856,0.3541,0,0.3662,Rejected
3857,0.0164,0,0.0153,Verified
3858,0.4837,1,0.4363,Review
3859,0.0125,0,0.0125,Rejected
3860,0.4147,1,0.4171,Rejected
3861,0.5101,1,0.5263,Rejected
3862,0.4931,1,0.5055,Rejected
3863,0.3048,1,0.3128,Rejected
3864,0.4122,1,0.3996,Review
3865,0.1079,1,0.1072,Verified
3866,0.1082,0,0.1099,Rejected
3867,0.5072,1,0.4944,Rejected
3868,0.2808,1,0.2875,Rejected
3869,0.2777,0,0.254,Rejected
3870,0.2885,0,0.2703,Verified
3871,0.8708,0,0.8706,Rejected
3872,0.9665,1,0.9642,Review
3873,0.6696,0,0.6319,Rejected
3874,0.3751,1,0.3828,Review
3875,0.1735,1,0.178,Verified
3876,0.5303,1,0.489,Review
3877,0.0715,0,0.0648,Rejected
3878,0.4902,1,0.5086,Verified
3879,0.0145,0,0.0131,Verified
3880,0.2433,1,0.243,Verified
3881,0.0573,1,0.0596,Rejected
3882,0.7533,0,0.6874,Verified
3883,0.6173,0,0.6072,Review
3884,0.3728,1,0.3803,Rejected
3885,0.6675,1,0.6105,Rejected
3886,0.6739,0,0.7009,Rejected
3887,0.3543,1,0.3253,Review
3888,0.4995,1,0.4785,Review
3889,0.2484,0,0.2575,Review
3890,0.8486,1,0.8082,Rejected
3891,0.6454,0,0.5864,Rejected
3892,0.662,0,0.616,Verified
3893,0.7382,1,0.7528,Rejected
3894,0.7426,0,0.771,Verified
3895,0.7454,0,0.6958,Rejected
3896,0.8891,0,0.883,Rejected
3897,0.9181,0,0.8999,Review
3898,0.4367,0,0.4579,Verified
3899,0.8348,0,0.841,Verified
3900,0.6579,0,0.6505,Rejected
3901,0.2548,0,0.2552,Rejected
3902,0.3024,0,0.2785,Review
3903,0.233,0,0.2244,Rejected
3904,0.7109,1,0.6693,Rejected
3905,0.2874,0,0.2817,Verified
3906,0.7697,1,0.8069,Verified
3907,0.2203,1,0.2136,Verified
3908,0.3044,0,0.2855,Rejected
3909,0.5839,1,0.5667,Verified
3910,0.1518,1,0.1381,Verified
3911,0.7861,0,0.7858,Rejected
3912,0.6034,0,0.6299,Rejected
3913,0.5476,0,0.5142,Rejected
3914,0.4797,1,0.5025,Review
3915,0.248,0,0.2343,Review
3916,0.7815,1,0.7626,Review
3917,0.9861,1,0.976,Verified
3918,0.6174,0,0.6227,Verified
3919,0.5168,0,0.5226,Verified
3920,0.8154,0,0.8519,Verified
3921,0.049,1,0.0473,Review
3922,0.0074,1,0.0071,Review
3923,0.702,1,0.6666,Review
3924,0.541,1,0.5135,Review
3925,0.2034,1,0.1922,Review
3926,0.5513,0,0.5492,Verified
3927,0.1529,1,0.1561,Rejected
3928,0.163,0,0.1702,Review
3929,0.4712,1,0.4776,Rejected
3930,0.142,0,0.14,Review
3931,0.9193,1,0.961,Review
3932,0.2108,0,0.1959,Verified
3933,0.7191,1,0.6703,Review
3934,0.3913,0,0.3811,Rejected
3935,0.0994,0,0.0939,Review
3936,0.6738,1,0.6318,Verified
3937,0.0596,1,0.0607,Review
3938,0.101,1,0.0926,Review
3939,0.2942,0,0.2879,Rejected
3940,0.4393,1,0.3989,Verified
3941,0.5298,0,0.5394,Verified
3942,0.2261,1,0.2243,Rejected
3943,0.1828,0,0.1706,Rejected
3944,0.6238,1,0.5626,Verified
3945,0.9422,1,0.9238,Rejected
3946,0.0283,0,0.0269,Rejected
3947,0.2922,1,0.2659,Rejected
3948,0.7667,1,0.7949,Rejected
3949,0.4024,1,0.3739,Review
3950,0.181,1,0.1838,Rejected
3951,0.658,1,0.6317,Rejected
3952,0.8309,0,0.7493,Rejected
3953,0.2627,0,0.2581,Verified
3954,0.2185,1,0.2095,Review
3955,0.1377,0,0.1377,Rejected
3956,0.1879,0,0.1721,Review
3957,0.1221,0,0.1238,Review
3958,0.4455,1,0.4338,Rejected
3959,0.0851,1,0.0867,Verified
3960,0.7547,1,0.6982,Rejected
3961,0.7322,1,0.7232,Verified
3962,0.7178,0,0.7309,Rejected
3963,0.7211,1,0.6709,Review
3964,0.4917,1,0.4903,Verified
3965,0.0048,0,0.0043,Review
3966,0.5277,1,0.5361,Review
3967,0.8804,1,0.8166,Review
3968,0.1305,0,0.1273,Verified
3969,0.8796,1,0.8362,Review
3970,0.3458,0,0.3438,Verified
3971,0.0888,0,0.0823,Review
3972,0.8664,1,0.7857,Verified
3973,0.1739,1,0.1583,Review
3974,0.4665,1,0.443,Rejected
3975,0.389,0,0.3702,Review
3976,0.3931,0,0.4063,Rejected
3977,0.8285,0,0.8607,Rejected
3978,0.1224,0,0.1173,Verified
3979,0.6746,0,0.6914,Rejected
3980,0.0015,1,0.0014,Review
3981,0.9314,1,0.8417,Verified
3982,0.3969,0,0.3841,Review
3983,0.7297,0,0.76,Rejected
3984,0.9006,1,0.8254,Review
3985,0.5734,1,0.5694,Rejected
3986,0.1561,0,0.1473,Rejected
3987,0.7323,1,0.7626,Rejected
3988,0.6223,1,0.5948,Review
3989,0.446,0,0.4442,Rejected
3990,0.8267,0,0.7981,Review
3991,0.0534,0,0.0544,Rejected
3992,0.9061,0,0.9118,Rejected
3993,0.4915,1,0.461,Review
3994,0.4628,0,0.4244,Review
3995,0.6844,1,0.6263,Verified
3996,0.7734,0,0.8059,Rejected
3997,0.1055,0,0.1031,Review
3998,0.042,0,0.0431,Review
3999,0.0529,1,0.0531,Review
4000,0.4867,0,0.4688,Rejected
4001,0.1516,0,0.159,Rejected
4002,0.6732,0,0.6141,Review
4003,0.5974,1,0.5967,Rejected
4004,0.5639,0,0.5584,Rejected
4005,0.7909,0,0.7794,Verified
4006,0.7684,1,0.6926,Review
4007,0.2376,0,0.242,Rejected
4008,0.1304,1,0.1232,Rejected
4009,0.0975,0,0.0987,Review
4010,0.9332,1,0.924,Verified
4011,0.4067,0,0.3948,Review
4012,0.0198,0,0.0201,Review
4013,0.7416,1,0.7389,Verified
4014,0.166,1,0.1562,Verified
4015,0.4584,1,0.478,Verified
4016,0.203,1,0.2056,Review
4017,0.3383,0,0.3068,Review
4018,0.1565,1,0.1453,Verified
4019,0.8646,0,0.8679,Verified
4020,0.6583,1,0.5939,Verified
4021,0.5566,1,0.5828,Rejected
4022,0.1728,0,0.1802,Rejected
4023,0.3715,0,0.343,Verified
4024,0.2767,1,0.2744,Review
4025,0.2035,0,0.1848,Review
4026,0.7742,1,0.7572,Review
4027,0.6671,1,0.6715,Verified
4028,0.0595,0,0.0591,Review
4029,0.3831,0,0.4019,Rejected
4030,0.9536,0,0.9639,Verified
4031,0.5698,0,0.5954,Rejected
4032,0.443,0,0.4064,Review
4033,0.882,0,0.8081,Rejected
4034,0.4785,0,0.4471,Review
4035,0.1183,1,0.112,Verified
4036,0.8505,1,0.8308,Rejected
4037,0.067,1,0.0656,Rejected
4038,0.8943,0,0.9009,Verified
4039,0.256,1,0.2345,Review
4040,0.602,1,0.5739,Verified
4041,0.2733,0,0.2781,Verified
4042,0.3347,0,0.3424,Rejected
4043,0.2681,1,0.2769,Rejected
4044,0.4115,1,0.4316,Verified
4045,0.6102,1,0.6087,Review
4046,0.0138,1,0.0126,Verified
4047,0.4735,1,0.4298,Review
4048,0.5972,1,0.5684,Rejected
4049,0.4939,0,0.5174,Review
4050,0.522,0,0.471,Verified
4051,0.4563,1,0.4179,Review
4052,0.3873,1,0.3744,Rejected
4053,0.2748,0,0.2803,Rejected
4054,0.1007,1,0.0962,Rejected
4055,0.4483,1,0.4326,Verified
4056,0.099,1,0.0906,Verified
4057,0.0172,1,0.018,Verified
4058,0.9592,1,0.9496,Verified
4059,0.8122,1,0.8125,Rejected
4060,0.3962,1,0.359,Verified
4061,0.1236,1,0.1264,Rejected
4062,0.6053,1,0.6117,Rejected
4063,0.7687,1,0.7016,Verified
4064,0.1123,0,0.1161,Verified
4065,0.9688,1,0.8918,Review
4066,0.6788,0,0.6357,Rejected
4067,0.1439,1,0.131,Review
4068,0.6275,1,0.6047,Review
4069,0.8443,0,0.8836,Rejected
4070,0.7597,1,0.7181,Rejected
4071,0.9431,1,0.9827,Rejected
4072,0.9936,0,0.9765,Verified
4073,0.2929,0,0.2879,Verified
4074,0.9322,0,0.8403,Review
4075,0.9754,1,0.9154,Review
4076,0.0094,1,0.0086,Review
4077,0.7631,1,0.7818,Verified
4078,0.9654,0,0.8724,Review
4079,0.5945,1,0.6015,Rejected
4080,0.9163,1,0.8605,Verified
4081,0.1772,0,0.1804,Rejected
4082,0.7677,1,0.7051,Review
4083,0.1511,0,0.1366,Review
4084,0.8397,0,0.8498,Review
4085,0.9315,1,0.9263,Rejected
4086,0.4296,0,0.3881,Review
4087,0.2737,0,0.2788,Review
4088,0.4227,1,0.3809,Review
4089,0.6271,0,0.5682,Rejected
4090,0.898,1,0.9251,Review
4091,0.1755,1,0.169,Review
4092,0.3875,1,0.4021,Verified
4093,0.1608,0,0.1532,Review
4094,0.2226,0,0.2105,Review
4095,0.8394,0,0.8142,Rejected
4096,0.2916,1,0.3029,Verified
4097,0.7887,1,0.7858,Review
4098,0.6443,0,0.6444,Verified
4099,0.3766,1,0.3446,Rejected
4100,0.1284,1,0.1306,Review
4101,0.0353,1,0.0345,Review
4102,0.6779,0,0.6142,Rejected
4103,0.5086,0,0.5075,Verified
4104,0.6293,1,0.6569,Review
4105,0.745,0,0.7526,Rejected
4106,0.6271,1,0.5749,Rejected
4107,0.4877,1,0.4568,Rejected
4108,0.3884,0,0.3782,Verified
4109,0.3424,0,0.3401,Verified
4110,0.31,0,0.3192,Verified
4111,0.5528,1,0.5136,Verified
4112,0.3659,1,0.3715,Review
4113,0.3062,0,0.3152,Rejected
4114,0.518,0,0.5386,Rejected
4115,0.0398,0,0.041,Rejected
4116,0.2292,0,0.2268,Verified
4117,0.0862,1,0.0899,Review
4118,0.8181,0,0.8299,Verified
4119,0.262,0,0.2654,Review
4120,0.4556,1,0.4614,Review
4121,0.7385,0,0.674,Review
4122,0.8202,0,0.7846,Rejected
4123,0.9454,1,0.9049,Review
4124,0.7046,0,0.6473,Verified
4125,0.0797,1,0.0825,Review
4126,0.2143,1,0.2249,Review
4127,0.7405,1,0.7499,Rejected
4128,0.1409,1,0.1426,Rejected
4129,0.9075,1,0.8405,Review
4130,0.4533,0,0.4684,Verified
4131,0.9536,0,0.8696,Verified
4132,0.8492,1,0.8867,Review
4133,0.4422,0,0.4011,Verified
4134,0.8439,1,0.7841,Verified
4135,0.2369,0,0.2228,Verified
4136,0.0099,0,0.0098,Verified
4137,0.2817,0,0.2877,Rejected
4138,0.1839,1,0.1748,Verified
4139,0.3986,0,0.3962,Review
4140,0.5896,1,0.6035,Review
4141,0.0008,0,0.0008,Review
4142,0.2485,1,0.2474,Review
4143,0.62,1,0.6104,Review
4144,0.0195,1,0.0202,Review
4145,0.264,0,0.2392,Verified
4146,0.2754,0,0.2548,Verified
4147,0.3375,0,0.3226,Review
4148,0.3326,1,0.3436,Verified
4149,0.3315,0,0.3408,Rejected
4150,0.8859,1,0.845,Rejected
4151,0.4195,0,0.3962,Rejected
4152,0.2217,1,0.2087,Review
4153,0.7617,0,0.7501,Verified
4154,0.7603,0,0.7619,Rejected
4155,0.7462,0,0.7049,Rejected
4156,0.5947,1,0.5936,Rejected
4157,0.8516,0,0.8028,Rejected
4158,0.811,0,0.846,Rejected
4159,0.5114,1,0.485,Verified
4160,0.419,1,0.3792,Review
4161,0.837,0,0.8263,Rejected
4162,0.7328,1,0.6952,Rejected
4163,0.0169,1,0.0172,Verified
4164,0.212,0,0.2092,Review
4165,0.9577,1,0.9343,Verified
4166,0.1355,0,0.126,Rejected
4167,0.0794,1,0.0812,Rejected
4168,0.6472,0,0.6381,Review
4169,0.7344,0,0.7532,Verified
4170,0.7453,0,0.758,Review
4171,0.4178,1,0.4136,Review
4172,0.4779,1,0.4842,Review
4173,0.2528,0,0.2585,Verified
4174,0.9909,1,0.8994,Verified
4175,0.3864,1,0.3914,Review
4176,0.448,0,0.4534,Verified
4177,0.3712,0,0.3372,Review
4178,0.8129,0,0.7452,Rejected
4179,0.042,0,0.0379,Review
4180,0.2057,0,0.1961,Verified
4181,0.6103,0,0.6258,Verified
4182,0.4695,1,0.4573,Verified
4183,0.2414,1,0.2194,Rejected
4184,0.8846,1,0.8848,Rejected
4185,0.196,0,0.1912,Rejected
4186,0.0079,1,0.0082,Review
4187,0.8454,0,0.8529,Verified
4188,0.3847,0,0.3873,Review
4189,0.2455,0,0.257,Rejected
4190,0.1726,1,0.1563,Verified
4191,0.478,0,0.4631,Review
4192,0.9212,0,0.9477,Verified
4193,0.4907,0,0.5038,Rejected
4194,0.7798,1,0.7371,Rejected
4195,0.5121,1,0.4659,Review
4196,0.76,1,0.7633,Review
4197,0.1842,0,0.1892,Rejected
4198,0.2485,0,0.2273,Rejected
4199,0.2558,0,0.233,Review
4200,0.8313,0,0.7626,Rejected
4201,0.803,1,0.7779,Review
4202,0.9768,1,0.972,Rejected
4203,0.7851,1,0.7885,Review
4204,0.0519,0,0.054,Review
4205,0.736,1,0.7593,Verified
4206,0.3693,1,0.3497,Verified
4207,0.1309,1,0.1224,Review
4208,0.1298,0,0.1207,Review
4209,0.1445,0,0.1339,Verified
4210,0.0489,1,0.0483,Rejected
4211,0.4269,0,0.3845,Rejected
4212,0.7767,0,0.7816,Rejected
4213,0.0207,0,0.0192,Verified
4214,0.55,0,0.5283,Verified
4215,0.1613,0,0.158,Rejected
4216,0.8147,0,0.8339,Rejected
4217,0.1221,1,0.1201,Verified
4218,0.4095,0,0.4262,Review
4219,0.3924,0,0.4101,Review
4220,0.2709,0,0.2802,Rejected
4221,0.7281,1,0.6759,Review
4222,0.2216,0,0.2152,Review
4223,0.3005,1,0.2743,Review
4224,0.3671,0,0.3436,Review
4225,0.1764,0,0.1829,Verified
4226,0.5242,0,0.5222,Rejected
4227,0.8881,1,0.9225,Verified
4228,0.7136,0,0.6691,Review
4229,0.8463,1,0.8714,Review
4230,0.2839,1,0.2959,Rejected
4231,0.4224,1,0.3832,Review
4232,0.4413,1,0.4279,Review
4233,0.1237,0,0.1249,Verified
4234,0.4738,1,0.438,Rejected
4235,0.1247,0,0.1238,Review
4236,0.1675,0,0.1559,Rejected
4237,0.1092,1,0.1112,Review
4238,0.824,1,0.7786,Rejected
4239,0.9632,1,0.9366,Rejected
4240,0.877,0,0.9154,Review
4241,0.8511,1,0.8749,Verified
4242,0.2649,1,0.2423,Verified
4243,0.4277,0,0.4318,Verified
4244,0.1374,0,0.1301,Review
4245,0.5985,0,0.5821,Rejected
4246,0.0215,0,0.0202,Rejected
4247,0.2739,1,0.2711,Review
4248,0.8063,0,0.8049,Rejected
4249,0.4023,1,0.3742,Rejected
4250,0.382,1,0.3513,Rejected
4251,0.2298,0,0.231,Verified
4252,0.9387,1,0.9764,Review
4253,0.9384,1,0.9446,Review
4254,0.7219,0,0.7035,Rejected
4255,0.9621,1,0.902,Review
4256,0.8737,1,0.9085,Verified
4257,0.1134,0,0.1188,Verified
4258,0.5266,0,0.493,Rejected
4259,0.9489,0,0.8824,Review
4260,0.6659,0,0.6718,Review
4261,0.3072,1,0.3131,Review
4262,0.1485,1,0.1476,Rejected
4263,0.5513,1,0.5053,Review
4264,0.9659,0,0.961,Review
4265,0.3498,1,0.3557,Rejected
4266,0.005,1,0.0049,Rejected
4267,0.4901,1,0.4804,Verified
4268,0.6874,1,0.684,Verified
4269,0.9481,0,0.8699,Verified
4270,0.6016,0,0.5953,Rejected
4271,0.3278,1,0.3417,Review
4272,0.768,0,0.7755,Verified
4273,0.8297,0,0.8339,Rejected
4274,0.811,1,0.7968,Review
4275,0.0042,1,0.0039,Verified
4276,0.9008,1,0.8601,Review
4277,0.7367,1,0.7163,Rejected
4278,0.0947,1,0.0876,Rejected
4279,0.1712,0,0.1586,Review
4280,0.2924,1,0.2887,Review
4281,0.4778,0,0.4717,Rejected
4282,0.6814,1,0.6964,Review
4283,0.631,0,0.6143,Review
4284,0.9634,0,0.908,Review
4285,0.9487,1,0.8644,Verified
4286,0.772,1,0.7393,Rejected
4287,0.6484,1,0.6795,Verified
4288,0.8213,0,0.777,Review
4289,0.1063,0,0.1001,Review
4290,0.4382,0,0.4374,Review
4291,0.5902,1,0.5947,Verified
4292,0.818,0,0.776,Verified
4293,0.0931,0,0.0895,Review
4294,0.6364,1,0.5839,Review
4295,0.129,0,0.1235,Review
4296,0.3549,0,0.3523,Review
4297,0.2024,0,0.1838,Verified
4298,0.2133,0,0.2003,Verified
4299,0.3482,0,0.3412,Review
4300,0.6148,0,0.5568,Rejected
4301,0.3045,1,0.2954,Verified
4302,0.5159,1,0.5226,Rejected
4303,0.8744,0,0.7955,Verified
4304,0.2271,0,0.2363,Review
4305,0.5548,0,0.5084,Review
4306,0.7763,1,0.7612,Rejected
4307,0.9524,0,0.9848,Rejected
4308,0.8871,1,0.8468,Review
4309,0.3572,0,0.3703,Review
4310,0.155,1,0.1481,Rejected
4311,0.7176,0,0.7258,Rejected
4312,0.6368,0,0.6626,Rejected
4313,0.5463,1,0.5044,Review
4314,0.3774,0,0.3705,Verified
4315,0.9392,0,0.9598,Rejected
4316,0.0996,0,0.091,Review
4317,0.5728,1,0.5356,Rejected
4318,0.1452,0,0.1415,Rejected
4319,0.2965,1,0.271,Verified
4320,0.3041,0,0.2779,Rejected
4321,0.5721,1,0.5645,Verified
4322,0.4315,0,0.4324,Review
4323,0.8497,0,0.8184,Review
4324,0.6843,1,0.7148,Rejected
4325,0.2426,0,0.2199,Verified
4326,0.6126,1,0.6002,Verified
4327,0.3951,0,0.406,Rejected
4328,0.0822,0,0.0767,Rejected
4329,0.7275,1,0.7232,Rejected
4330,0.7966,1,0.8023,Review
4331,0.7489,0,0.6942,Rejected
4332,0.5194,0,0.539,Review
4333,0.9076,1,0.8817,Review
4334,0.1626,0,0.167,Verified
4335,0.1104,0,0.1133,Review
4336,0.9998,0,0.994,Review
4337,0.5398,1,0.562,Review
4338,0.8511,1,0.7938,Review
4339,0.7396,1,0.6825,Rejected
4340,0.7118,1,0.7014,Rejected
4341,0.147,1,0.1478,Verified
4342,0.8597,1,0.8231,Rejected
4343,0.1341,0,0.1368,Verified
4344,0.7378,1,0.6882,Review
4345,0.5455,0,0.5208,Verified
4346,0.8429,1,0.8699,Verified
4347,0.2832,1,0.2634,Review
4348,0.4183,0,0.4375,Rejected
4349,0.6797,0,0.6791,Verified
4350,0.6265,1,0.6538,Verified
4351,0.983,0,1.0,Review
4352,0.0983,1,0.0929,Rejected
4353,0.7753,0,0.7826,Review
4354,0.804,1,0.7512,Review
4355,0.4179,0,0.4073,Rejected
4356,0.6396,1,0.6665,Verified
4357,0.0333,0,0.0327,Verified
4358,0.6419,1,0.5913,Verified
4359,0.019,0,0.0178,Rejected
4360,0.0916,0,0.0871,Rejected
4361,0.1934,0,0.1811,Verified
4362,0.0861,0,0.0863,Verified
4363,0.6528,1,0.6698,Verified
4364,0.1869,1,0.1688,Review
4365,0.4993,1,0.5139,Verified
4366,0.3889,1,0.3503,Verified
4367,0.0139,1,0.0136,Rejected
4368,0.7627,1,0.7378,Review
4369,0.6748,0,0.621,Review
4370,0.7995,1,0.7288,Review
4371,0.9714,1,0.9566,Review
4372,0.8016,1,0.758,Verified
4373,0.0826,1,0.0777,Review
4374,0.5934,1,0.5583,Rejected
4375,0.9966,0,0.9299,Review
4376,0.9892,1,1.0,Verified
4377,0.1034,0,0.0932,Rejected
4378,0.7799,0,0.8032,Verified
4379,0.9057,1,0.8943,Review
4380,0.4365,1,0.4511,Rejected
4381,0.2398,1,0.2337,Review
4382,0.2404,1,0.2407,Verified
4383,0.4811,0,0.4478,Verified
4384,0.9036,1,0.8723,Rejected
4385,0.1155,1,0.1195,Verified
4386,0.5282,0,0.5185,Verified
4387,0.4985,0,0.4638,Review
4388,0.542,1,0.4913,Review
4389,0.3558,0,0.3636,Verified
4390,0.3678,0,0.3676,Verified
4391,0.2912,0,0.3057,Rejected
4392,0.5097,0,0.5012,Review
4393,0.0541,0,0.0533,Verified
4394,0.7442,0,0.7149,Review
4395,0.3465,0,0.3541,Rejected
4396,0.58,0,0.5524,Verified
4397,0.7232,0,0.6855,Review
4398,0.6365,1,0.6199,Verified
4399,0.8492,0,0.8474,Review
4400,0.202,0,0.2044,Verified
4401,0.472,0,0.4285,Rejected
4402,0.1566,1,0.151,Review
4403,0.8509,0,0.8852,Review
4404,0.3405,0,0.3451,Verified
4405,0.9609,0,0.9245,Review
4406,0.418,0,0.4368,Rejected
4407,0.4479,1,0.4376,Review
4408,0.3466,0,0.3419,Review
4409,0.8698,1,0.9098,Rejected
4410,0.7881,0,0.775,Verified
4411,0.3962,1,0.3833,Review
4412,0.6471,1,0.6338,Rejected
4413,0.1996,0,0.1928,Review
4414,0.1498,0,0.1375,Review
4415,0.6626,0,0.6609,Review
4416,0.4129,1,0.4009,Review
4417,0.7887,0,0.8169,Rejected
4418,0.1773,0,0.1722,Review
4419,0.9633,1,0.9557,Rejected
4420,0.516,1,0.4649,Review
4421,0.6033,0,0.6103,Verified
4422,0.0537,0,0.0549,Rejected
4423,0.22,1,0.2214,Rejected
4424,0.3708,1,0.3629,Rejected
4425,0.4577,1,0.4129,Verified
4426,0.6269,0,0.6324,Verified
4427,0.569,1,0.5295,Verified
4428,0.8491,1,0.7752,Review
4429,0.8952,1,0.8727,Rejected
4430,0.7215,0,0.7165,Rejected
4431,0.6696,1,0.6248,Review
4432,0.4476,0,0.4294,Verified
4433,0.5254,0,0.5223,Rejected
4434,0.3351,0,0.3509,Review
4435,0.8221,0,0.8496,Review
4436,0.827,0,0.8537,Review
4437,0.7741,0,0.7876,Rejected
4438,0.4308,0,0.4088,Review
4439,0.2512,0,0.2562,Review
4440,0.1398,1,0.1262,Review
4441,0.4619,1,0.4349,Rejected
4442,0.5053,1,0.4612,Verified
4443,0.396,1,0.3824,Review
4444,0.0729,1,0.0747,Review
4445,0.9123,1,0.9436,Rejected
4446,0.2081,1,0.2109,Review
4447,0.3088,1,0.3217,Verified
4448,0.2575,1,0.2396,Review
4449,0.5171,1,0.4878,Verified
4450,0.2307,0,0.2278,Rejected
4451,0.4867,0,0.475,Review
4452,0.669,0,0.6981,Review
4453,0.8997,1,0.8837,Verified
4454,0.5741,1,0.5703,Verified
4455,0.2494,0,0.2546,Verified
4456,0.9071,0,0.926,Review
4457,0.6119,0,0.6125,Rejected
4458,0.606,1,0.621,Verified
4459,0.4822,0,0.4608,Rejected
4460,0.2621,0,0.2599,Verified
4461,0.9118,0,0.952,Review
4462,0.5631,1,0.5272,Rejected
4463,0.8316,1,0.7851,Verified
4464,0.7307,0,0.6784,Verified
4465,0.6781,0,0.6967,Review
4466,0.716,0,0.7037,Verified
4467,0.4614,0,0.4771,Verified
4468,0.3213,0,0.3098,Rejected
4469,0.5643,0,0.5539,Review
4470,0.0908,0,0.0909,Review
4471,0.5266,0,0.4838,Review
4472,0.9749,1,0.9627,Review
4473,0.2264,0,0.2068,Review
4474,0.2232,0,0.218,Verified
4475,0.9661,0,0.9702,Rejected
4476,0.9456,0,0.9413,Review
4477,0.7277,1,0.7614,Verified
4478,0.1741,1,0.1672,Rejected
4479,0.2123,0,0.2063,Review
4480,0.466,0,0.423,Rejected
4481,0.4251,1,0.4246,Verified
4482,0.7827,1,0.81,Review
4483,0.048,1,0.0463,Verified
4484,0.4193,1,0.4172,Verified
4485,0.4591,1,0.4353,Rejected
4486,0.8324,0,0.8276,Review
4487,0.0893,1,0.0879,Verified
4488,0.7556,0,0.7062,Verified
4489,0.6924,1,0.6555,Review
4490,0.3117,1,0.2858,Verified
4491,0.4767,1,0.4887,Review
4492,0.0979,1,0.1012,Verified
4493,0.6775,1,0.6912,Verified
4494,0.5409,1,0.5098,Review
4495,0.8565,0,0.7972,Verified
4496,0.6157,0,0.6249,Review
4497,0.1107,0,0.1073,Rejected
4498,0.2947,1,0.2707,Verified
4499,0.4826,0,0.4481,Verified
4500,0.6834,1,0.6199,Verified
4501,0.4926,1,0.4937,Verified
4502,0.3845,0,0.367,Review
4503,0.9863,1,0.9251,Rejected
4504,0.2581,1,0.2462,Verified
4505,0.0901,0,0.0837,Verified
4506,0.945,1,0.9686,Verified
4507,0.9604,1,0.9532,Rejected
4508,0.4119,0,0.427,Review
4509,0.3122,1,0.294,Rejected
4510,0.4589,0,0.4151,Verified
4511,0.6868,1,0.6687,Verified
4512,0.7118,1,0.747,Rejected
4513,0.8206,1,0.848,Rejected
4514,0.0684,0,0.0624,Verified
4515,0.8088,0,0.7868,Review
4516,0.059,1,0.06,Rejected
4517,0.956,0,0.9016,Rejected
4518,0.1088,0,0.1089,Rejected
4519,0.4485,1,0.4488,Rejected
4520,0.1049,0,0.1061,Verified
4521,0.5358,0,0.5372,Verified
4522,0.0441,1,0.0439,Rejected
4523,0.2952,0,0.2747,Review
4524,0.4326,1,0.4535,Verified
4525,0.804,1,0.7851,Rejected
4526,0.0569,1,0.0562,Review
4527,0.3082,1,0.3005,Review
4528,0.3408,0,0.3072,Review
4529,0.0462,1,0.0485,Rejected
4530,0.2093,1,0.2093,Rejected
4531,0.3842,1,0.3757,Review
4532,0.9104,1,0.9515,Review
4533,0.9859,0,0.9907,Verified
4534,0.9012,0,0.939,Review
4535,0.3497,0,0.3596,Rejected
4536,0.4824,1,0.4755,Rejected
4537,0.927,1,0.8809,Review
4538,0.4316,1,0.4319,Review
4539,0.4303,0,0.4434,Review
4540,0.4342,0,0.414,Review
4541,0.2152,0,0.2053,Verified
4542,0.8939,1,0.9006,Verified
4543,0.2385,0,0.2443,Verified
4544,0.5226,0,0.5006,Verified
4545,0.1091,1,0.1037,Rejected
4546,0.0937,1,0.0892,Review
4547,0.2642,1,0.273,Verified
4548,0.6924,0,0.6483,Rejected
4549,0.4953,1,0.4602,Verified
4550,0.16,0,0.1518,Review
4551,0.5548,1,0.5052,Verified
4552,0.6566,0,0.6221,Review
4553,0.6521,0,0.6058,Rejected
4554,0.1285,1,0.1167,Verified
4555,0.396,0,0.4114,Rejected
4556,0.0551,0,0.0534,Review
4557,0.7879,0,0.7229,Rejected
4558,0.6093,0,0.5762,Review
4559,0.0122,1,0.0113,Verified
4560,0.1132,0,0.1049,Review
4561,0.6067,1,0.6134,Review
4562,0.3261,0,0.3115,Review
4563,0.4138,1,0.4095,Review
4564,0.0177,0,0.0161,Rejected
4565,0.9347,0,0.9736,Rejected
4566,0.1304,1,0.1177,Rejected
4567,0.1144,0,0.1194,Verified
4568,0.3875,0,0.364,Verified
4569,0.7992,1,0.8043,Verified
4570,0.3019,0,0.3062,Review
4571,0.1137,1,0.1109,Review
4572,0.4992,1,0.4679,Review
4573,0.1774,1,0.161,Review
4574,0.8666,0,0.7921,Review
4575,0.448,0,0.4381,Rejected
4576,0.8929,0,0.8853,Review
4577,0.5727,1,0.5769,Review
4578,0.992,1,0.9136,Review
4579,0.249,1,0.2608,Verified
4580,0.46,0,0.4255,Review
4581,0.681,1,0.6398,Rejected
4582,0.2133,1,0.2236,Rejected
4583,0.0173,0,0.018,Rejected
4584,0.038,0,0.0345,Rejected
4585,0.8141,0,0.8495,Rejected
4586,0.1972,0,0.1861,Rejected
4587,0.2557,0,0.2385,Verified
4588,0.7306,1,0.6684,Rejected
4589,0.4397,1,0.4144,Review
4590,0.618,1,0.5956,Verified
4591,0.2475,1,0.2302,Review
4592,0.4319,0,0.4391,Rejected
4593,0.9359,0,0.8696,Verified
4594,0.3687,0,0.3489,Review
4595,0.4119,1,0.4243,Verified
4596,0.7633,0,0.7123,Verified
4597,0.8642,0,0.8185,Review
4598,0.4733,0,0.4796,Review
4599,0.5905,1,0.5358,Verified
4600,0.5249,1,0.542,Review
4601,0.9346,1,0.948,Verified
4602,0.0248,1,0.0246,Verified
4603,0.8586,0,0.8694,Verified
4604,0.0111,1,0.0112,Rejected
4605,0.8502,0,0.8188,Verified
4606,0.9219,1,0.9451,Review
4607,0.8507,0,0.842,Rejected
4608,0.8602,0,0.8543,Review
4609,0.927,1,0.9372,Review
4610,0.3875,1,0.38,Rejected
4611,0.6688,1,0.6333,Review
4612,0.148,0,0.1466,Rejected
4613,0.0946,0,0.0991,Review
4614,0.8266,0,0.7617,Rejected
4615,0.9121,1,0.8519,Verified
4616,0.0501,0,0.0504,Rejected
4617,0.2068,1,0.2056,Review
4618,0.32,1,0.3281,Rejected
4619,0.6193,0,0.648,Rejected
4620,0.566,0,0.5665,Verified
4621,0.0196,0,0.0196,Verified
4622,0.3589,1,0.3323,Verified
4623,0.7915,0,0.8253,Rejected
4624,0.6933,1,0.7278,Rejected
4625,0.8643,0,0.8647,Review
4626,0.2022,0,0.1973,Verified
4627,0.6496,1,0.6017,Review
4628,0.7897,0,0.7182,Review
4629,0.4691,0,0.473,Rejected
4630,0.3186,1,0.3085,Rejected
4631,0.1777,1,0.175,Rejected
4632,0.1613,1,0.1465,Rejected
4633,0.0082,1,0.0076,Verified
4634,0.1417,0,0.1293,Verified
4635,0.4073,1,0.4175,Verified
4636,0.7391,0,0.7316,Review
4637,0.651,0,0.631,Rejected
4638,0.9108,1,0.8935,Rejected
4639,0.4221,1,0.4036,Review
4640,0.3544,1,0.3699,Review
4641,0.7512,1,0.6862,Review
4642,0.3167,1,0.3092,Rejected
4643,0.6039,1,0.6126,Rejected
4644,0.9025,1,0.842,Rejected
4645,0.4914,1,0.5154,Rejected
4646,0.8658,1,0.8446,Review
4647,0.3824,0,0.3884,Review
4648,0.0794,1,0.0779,Verified
4649,0.3334,1,0.3433,Review
4650,0.8509,1,0.8712,Review
4651,0.8324,1,0.8456,Verified
4652,0.3138,0,0.2932,Review
4653,0.6115,1,0.5754,Review
4654,0.3748,1,0.3749,Review
4655,0.9536,1,0.9788,Review
4656,0.187,1,0.1917,Rejected
4657,0.4831,0,0.4969,Verified
4658,0.8208,1,0.7711,Verified
4659,0.3024,0,0.2944,Review
4660,0.6859,1,0.6793,Verified
4661,0.6686,1,0.6201,Verified
4662,0.351,1,0.328,Rejected
4663,0.9136,1,0.8897,Verified
4664,0.6451,0,0.6352,Verified
4665,0.4782,0,0.4688,Verified
4666,0.2188,1,0.2138,Rejected
4667,0.0766,1,0.0786,Review
4668,0.5446,0,0.5136,Verified
4669,0.4438,0,0.4036,Verified
4670,0.1779,1,0.1636,Rejected
4671,0.6726,1,0.6638,Verified
4672,0.125,1,0.1303,Verified
4673,0.2301,1,0.2245,Verified
4674,0.0438,0,0.0442,Verified
4675,0.4185,0,0.394,Review
4676,0.4828,0,0.4581,Review
4677,0.7284,0,0.7401,Verified
4678,0.8392,0,0.8487,Review
4679,0.8091,0,0.8431,Review
4680,0.0449,0,0.0458,Verified
4681,0.6607,1,0.6368,Verified
4682,0.7315,0,0.7547,Rejected
4683,0.8415,0,0.8432,Rejected
4684,0.8578,0,0.7995,Verified
4685,0.1999,1,0.1958,Verified
4686,0.0047,0,0.0044,Rejected
4687,0.0944,0,0.0918,Review
4688,0.6937,1,0.6899,Rejected
4689,0.6172,0,0.5861,Rejected
4690,0.5113,1,0.4978,Verified
4691,0.2769,1,0.2497,Verified
4692,0.2538,1,0.2453,Review
4693,0.7722,1,0.7079,Rejected
4694,0.3396,0,0.3062,Verified
4695,0.4092,1,0.3996,Verified
4696,0.4521,1,0.417,Rejected
4697,0.6293,0,0.5791,Rejected
4698,0.0327,1,0.0298,Review
4699,0.5401,0,0.5581,Review
4700,0.7558,1,0.7527,Review
4701,0.2899,1,0.298,Review
4702,0.1462,1,0.1518,Verified
4703,0.7101,0,0.7202,Rejected
4704,0.253,1,0.2377,Verified
4705,0.4722,1,0.4546,Verified
4706,0.6235,0,0.5687,Review
4707,0.8113,1,0.8098,Review
4708,0.4597,0,0.4248,Review
4709,0.4654,1,0.4831,Verified
4710,0.2344,1,0.221,Review
4711,0.717,1,0.6754,Rejected
4712,0.8558,1,0.881,Review
4713,0.4788,0,0.4912,Review
4714,0.1359,1,0.1309,Verified
4715,0.8188,0,0.7747,Verified
4716,0.2594,1,0.2509,Verified
4717,0.3467,0,0.3426,Rejected
4718,0.1504,1,0.1514,Verified
4719,0.2805,1,0.261,Rejected
4720,0.6955,0,0.7069,Verified
4721,0.4387,1,0.3976,Rejected
4722,0.6709,1,0.6444,Review
4723,0.2688,1,0.2565,Rejected
4724,0.1958,0,0.1835,Rejected
4725,0.1413,0,0.1328,Review
4726,0.7593,0,0.7688,Rejected
4727,0.364,0,0.3356,Verified
4728,0.2515,0,0.2546,Rejected
4729,0.4699,1,0.4923,Review
4730,0.1665,1,0.1651,Verified
4731,0.8963,1,0.8902,Rejected
4732,0.6478,1,0.6502,Rejected
4733,0.9622,1,0.9879,Verified
4734,0.8114,0,0.832,Rejected
4735,0.3675,1,0.3346,Verified
4736,0.5957,0,0.5556,Rejected
4737,0.128,0,0.1253,Rejected
4738,0.6358,1,0.6037,Review
4739,0.888,0,0.8362,Review
4740,0.5938,1,0.5758,Rejected
4741,0.7459,1,0.725,Rejected
4742,0.3891,0,0.3839,Verified
4743,0.9216,0,0.8758,Rejected
4744,0.5285,0,0.5484,Review
4745,0.9003,1,0.8392,Review
4746,0.5126,1,0.4965,Verified
4747,0.4642,1,0.438,Rejected
4748,0.0291,0,0.03,Review
4749,0.1694,1,0.1746,Review
4750,0.1975,1,0.1864,Verified
4751,0.6071,1,0.6262,Review
4752,0.6214,1,0.6118,Rejected
4753,0.8478,1,0.7947,Verified
4754,0.3919,1,0.4038,Review
4755,0.587,1,0.6068,Rejected
4756,0.096,1,0.0975,Review
4757,0.857,0,0.8291,Review
4758,0.7161,0,0.6682,Review
4759,0.0249,0,0.0239,Rejected
4760,0.1339,0,0.1372,Rejected
4761,0.5885,0,0.5519,Review
4762,0.8268,0,0.8016,Verified
4763,0.4683,1,0.4775,Verified
4764,0.7011,0,0.7238,Verified
4765,0.5331,0,0.4987,Rejected
4766,0.0066,1,0.006,Verified
4767,0.6211,0,0.644,Review
4768,0.7133,1,0.7092,Verified
4769,0.807,1,0.8147,Review
4770,0.1815,1,0.1829,Rejected
4771,0.1615,1,0.1669,Rejected
4772,0.1296,1,0.1196,Review
4773,0.1596,0,0.1623,Verified
4774,0.5119,0,0.4736,Rejected
4775,0.6717,1,0.6169,Review
4776,0.7422,0,0.7548,Rejected
4777,0.8139,0,0.7826,Verified
4778,0.9532,1,0.872,Review
4779,0.144,0,0.1371,Rejected
4780,0.3053,1,0.2973,Review
4781,0.2028,1,0.1972,Review
4782,0.0436,1,0.0427,Review
4783,0.2494,1,0.2384,Review
4784,0.3186,1,0.3275,Review
4785,0.5111,1,0.5062,Review
4786,0.9381,0,0.919,Verified
4787,0.7202,0,0.6775,Verified
4788,0.342,0,0.331,Verified
4789,0.5644,0,0.5574,Review
4790,0.7143,1,0.7004,Review
4791,0.6493,1,0.6012,Rejected
4792,0.4449,0,0.4321,Review
4793,0.3365,1,0.3031,Rejected
4794,0.6576,1,0.673,Rejected
4795,0.9204,0,0.8711,Review
4796,0.7073,0,0.6501,Rejected
4797,0.0722,1,0.067,Verified
4798,0.5305,0,0.5509,Rejected
4799,0.2798,0,0.2855,Verified
4800,0.0827,1,0.0779,Rejected
4801,0.0974,0,0.0977,Review
4802,0.2333,0,0.2307,Rejected
4803,0.1349,1,0.1283,Verified
4804,0.3385,0,0.3372,Review
4805,0.0036,0,0.0033,Review
4806,0.1222,1,0.1152,Verified
4807,0.6245,1,0.6382,Verified
4808,0.5271,1,0.4929,Review
4809,0.8066,1,0.787,Review
4810,0.1327,0,0.1243,Rejected
4811,0.8976,0,0.8854,Review
4812,0.446,1,0.4289,Verified
4813,0.1079,1,0.1121,Rejected
4814,0.1066,0,0.0967,Review
4815,0.5052,0,0.5124,Rejected
4816,0.3087,1,0.2963,Review
4817,0.4179,0,0.3892,Review
4818,0.0651,0,0.0592,Verified
4819,0.3799,0,0.3566,Rejected
4820,0.4539,0,0.4677,Review
4821,0.0437,1,0.042,Review
4822,0.9015,1,0.8471,Review
4823,0.2273,0,0.2086,Review
4824,0.7876,0,0.7195,Review
4825,0.0854,0,0.0851,Rejected
4826,0.1077,1,0.1065,Rejected
4827,0.4301,0,0.422,Rejected
4828,0.3904,1,0.3938,Verified
4829,0.0912,1,0.0891,Verified
4830,0.9921,1,1.0,Review
4831,0.1188,0,0.1194,Rejected
4832,0.1558,0,0.1424,Verified
4833,0.9442,0,0.8781,Rejected
4834,0.2812,0,0.2639,Rejected
4835,0.5266,1,0.536,Review
4836,0.106,1,0.0994,Review
4837,0.9098,1,0.8259,Review
4838,0.3841,1,0.3959,Rejected
4839,0.0266,0,0.0243,Verified
4840,0.4466,1,0.4332,Review
4841,0.586,1,0.5336,Review
4842,0.9822,1,0.9937,Rejected
4843,0.5597,0,0.5737,Rejected
4844,0.4207,1,0.4124,Review
4845,0.943,0,0.9578,Rejected
4846,0.2423,1,0.2389,Rejected
4847,0.8593,0,0.7819,Rejected
4848,0.1119,0,0.1107,Rejected
4849,0.8,0,0.7532,Verified
4850,0.9295,1,0.924,Verified
4851,0.1692,1,0.1735,Review
4852,0.167,0,0.1609,Review
4853,0.6613,0,0.6875,Rejected
4854,0.4815,1,0.4527,Verified
4855,0.4224,0,0.4208,Review
4856,0.7392,1,0.7018,Review
4857,0.5067,1,0.4986,Review
4858,0.2251,0,0.2303,Verified
4859,0.305,0,0.282,Verified
4860,0.0617,1,0.0633,Verified
4861,0.4869,0,0.4753,Verified
4862,0.3619,0,0.3356,Review
4863,0.2117,1,0.2195,Review
4864,0.5999,0,0.6244,Rejected
4865,0.5582,1,0.5813,Review
4866,0.4906,1,0.4944,Verified
4867,0.7661,0,0.7864,Verified
4868,0.6856,0,0.7058,Verified
4869,0.4752,0,0.4718,Rejected
4870,0.0465,1,0.048,Verified
4871,0.1042,1,0.1007,Verified
4872,0.6689,0,0.6212,Rejected
4873,0.7368,0,0.7185,Review
4874,0.8295,1,0.7746,Verified
4875,0.8783,0,0.8365,Rejected
4876,0.8702,1,0.8796,Rejected
4877,0.2717,1,0.2648,Verified
4878,0.7716,1,0.7848,Rejected
4879,0.3159,0,0.2921,Review
4880,0.5517,0,0.5033,Verified
4881,0.1863,0,0.1935,Rejected
4882,0.9084,1,0.9418,Rejected
4883,0.2754,1,0.2821,Verified
4884,0.3955,0,0.3788,Verified
4885,0.3091,0,0.3019,Verified
4886,0.1954,1,0.1978,Rejected
4887,0.8755,1,0.8397,Review
4888,0.26,0,0.2387,Rejected
4889,0.0944,1,0.0895,Review
4890,0.8685,1,0.8306,Review
4891,0.1145,1,0.1101,Verified
4892,0.4167,0,0.4084,Rejected
4893,0.219,1,0.2227,Verified
4894,0.7768,0,0.8096,Rejected
4895,0.9838,1,0.9868,Review
4896,0.9409,1,0.9527,Rejected
4897,0.4052,0,0.4095,Review
4898,0.4052,0,0.3997,Verified
4899,0.591,0,0.5636,Rejected
4900,0.8678,0,0.8582,Review
4901,0.5922,1,0.5792,Review
4902,0.3453,0,0.3297,Verified
4903,0.7918,1,0.7165,Verified
4904,0.4195,0,0.3797,Rejected
4905,0.2905,1,0.2974,Rejected
4906,0.6349,0,0.5873,Verified
4907,0.7942,1,0.7507,Review
4908,0.2297,1,0.2123,Verified
4909,0.6997,0,0.6974,Rejected
4910,0.9869,1,0.9115,Verified
4911,0.5481,1,0.5198,Verified
4912,0.2658,1,0.2673,Verified
4913,0.8895,1,0.8427,Review
4914,0.2749,1,0.2508,Review
4915,0.3055,0,0.3152,Rejected
4916,0.0755,1,0.0757,Review
4917,0.9848,0,0.9455,Review
4918,0.6618,1,0.6262,Rejected
4919,0.6937,1,0.7003,Verified
4920,0.6019,0,0.6292,Rejected
4921,0.2151,1,0.2038,Review
4922,0.5427,0,0.5107,Rejected
4923,0.6691,0,0.6854,Review
4924,0.0826,1,0.0831,Rejected
4925,0.6925,1,0.6752,Rejected
4926,0.3966,1,0.3702,Verified
4927,0.8687,0,0.7895,Verified
4928,0.6948,0,0.7153,Verified
4929,0.4914,1,0.4778,Rejected
4930,0.3247,1,0.3136,Rejected
4931,0.922,0,0.9257,Rejected
4932,0.4453,0,0.4511,Review
4933,0.3846,0,0.3883,Review
4934,0.651,1,0.679,Verified
4935,0.7965,1,0.7426,Rejected
4936,0.976,0,0.8821,Review
4937,0.6187,1,0.5669,Verified
4938,0.3265,1,0.3387,Verified
4939,0.8951,1,0.8862,Rejected
4940,0.7188,0,0.7106,Rejected
4941,0.61,0,0.5562,Verified
4942,0.4966,0,0.4508,Verified
4943,0.9212,0,0.8738,Review
4944,0.1721,0,0.1639,Review
4945,0.979,1,1.0,Verified
4946,0.1508,0,0.1473,Review
4947,0.6006,1,0.5647,Rejected
4948,0.8355,0,0.8066,Verified
4949,0.9238,1,0.8439,Verified
4950,0.2336,1,0.2173,Review
4951,0.5015,0,0.4706,Verified
4952,0.5191,0,0.5039,Verified
4953,0.8206,0,0.8228,Verified
4954,0.5579,0,0.5834,Rejected
4955,0.1253,0,0.131,Verified
4956,0.2928,0,0.2771,Verified
4957,0.6454,0,0.6078,Verified
4958,0.3297,1,0.3338,Rejected
4959,0.4064,1,0.3753,Verified
4960,0.8099,0,0.7502,Review
4961,0.9697,1,0.8768,Review
4962,0.4431,0,0.4215,Review
4963,0.9184,0,0.961,Verified
4964,0.9233,0,0.9518,Rejected
4965,0.8335,1,0.8538,Verified
4966,0.9573,0,0.99,Verified
4967,0.8186,1,0.7668,Rejected
4968,0.6599,1,0.609,Rejected
4969,0.6829,0,0.687,Verified
4970,0.3428,0,0.3138,Review
4971,0.0525,0,0.0519,Review
4972,0.1226,1,0.1179,Verified
4973,0.4466,0,0.4254,Review
4974,0.1365,0,0.1324,Verified
4975,0.0311,1,0.0308,Rejected
4976,0.0374,1,0.0388,Rejected
4977,0.022,0,0.0204,Rejected
4978,0.6065,0,0.5833,Review
4979,0.1537,1,0.1482,Verified
4980,0.6399,1,0.5943,Verified
4981,0.4229,0,0.4055,Review
4982,0.2557,0,0.2561,Verified
4983,0.4162,1,0.404,Verified
4984,0.6718,0,0.6743,Review
4985,0.9477,0,0.9733,Verified
4986,0.6501,0,0.5973,Rejected
4987,0.4255,0,0.4005,Review
4988,0.2366,0,0.2291,Review
4989,0.6446,0,0.6037,Review
4990,0.6313,1,0.5952,Verified
4991,0.9425,0,0.9843,Rejected
4992,0.0797,0,0.075,Rejected
4993,0.0126,0,0.0124,Rejected
4994,0.6918,1,0.6624,Verified
4995,0.92,1,0.941,Rejected
4996,0.0147,1,0.0144,Verified
4997,0.6934,1,0.6912,Verified
4998,0.0524,0,0.0521,Verified
4999,0.5279,1,0.4869,Verified
5000,0.0976,1,0.0928,Rejected
5001,0.6187,1,0.6119,Review
5002,0.5709,0,0.5817,Review
5003,0.2085,1,0.2108,Rejected
5004,0.1591,1,0.1464,Review
5005,0.5994,0,0.584,Verified
5006,0.3934,1,0.4035,Verified
5007,0.4364,1,0.4554,Review
5008,0.2016,0,0.2078,Review
5009,0.8912,0,0.9216,Verified
5010,0.5877,0,0.5462,Rejected
5011,0.2257,1,0.2308,Review
5012,0.6697,1,0.612,Review
5013,0.5534,1,0.5175,Rejected
5014,0.9807,0,0.9175,Review
5015,0.3595,1,0.3732,Review
5016,0.6496,1,0.6714,Review
5017,0.0822,1,0.0747,Rejected
5018,0.8162,1,0.79,Rejected
5019,0.6454,1,0.5985,Review
5020,0.9389,0,0.8628,Rejected
5021,0.6865,1,0.6887,Review
5022,0.6021,0,0.6162,Verified
5023,0.3288,1,0.2994,Verified
5024,0.3251,1,0.31,Review
5025,0.4638,1,0.4451,Rejected
5026,0.9183,1,0.9005,Review
5027,0.8632,1,0.837,Rejected
5028,0.843,0,0.8039,Review
5029,0.5865,0,0.5865,Rejected
5030,0.4574,1,0.447,Rejected
5031,0.7124,0,0.6735,Review
5032,0.5739,0,0.544,Verified
5033,0.1692,1,0.166,Review
5034,0.093,0,0.0895,Review
5035,0.4502,1,0.4189,Rejected
5036,0.199,0,0.2029,Verified
5037,0.4889,0,0.5074,Rejected
5038,0.0007,1,0.0008,Rejected
5039,0.1164,0,0.1094,Rejected
5040,0.524,1,0.4929,Review
5041,0.523,1,0.49,Rejected
5042,0.461,0,0.4726,Verified
5043,0.2469,1,0.2507,Verified
5044,0.7956,0,0.7567,Rejected
5045,0.133,1,0.1301,Rejected
5046,0.285,0,0.2858,Review
5047,0.7954,1,0.7457,Verified
5048,0.1402,1,0.132,Verified
5049,0.4332,0,0.4256,Review
5050,0.1253,1,0.1133,Rejected
5051,0.84,0,0.8212,Verified
5052,0.2259,0,0.235,Review
5053,0.8299,1,0.8307,Review
5054,0.0767,0,0.0755,Verified
5055,0.6853,1,0.6604,Verified
5056,0.4053,0,0.3766,Review
5057,0.0574,1,0.0533,Verified
5058,0.4851,1,0.5087,Verified
5059,0.5265,1,0.5343,Review
5060,0.6498,1,0.6432,Rejected
5061,0.2029,0,0.199,Rejected
5062,0.7145,0,0.7282,Review
5063,0.4141,0,0.4249,Verified
5064,0.7187,0,0.6946,Rejected
5065,0.6754,1,0.6922,Rejected
5066,0.0828,0,0.0807,Review
5067,0.9604,1,0.9019,Review
5068,0.9802,1,0.9385,Review
5069,0.7459,0,0.7262,Verified
5070,0.4046,0,0.3745,Review
5071,0.9651,0,0.8964,Review
5072,0.8188,1,0.8051,Verified
5073,0.7764,1,0.7453,Review
5074,0.421,0,0.4404,Review
5075,0.4919,1,0.489,Review
5076,0.5632,0,0.5606,Verified
5077,0.6833,1,0.6383,Rejected
5078,0.6538,0,0.5964,Rejected
5079,0.2083,0,0.1876,Review
5080,0.9507,0,0.8675,Review
5081,0.9186,1,0.8402,Verified
5082,0.3768,0,0.3862,Review
5083,0.5083,0,0.4789,Verified
5084,0.895,0,0.8158,Verified
5085,0.7493,0,0.7816,Review
5086,0.7471,1,0.7304,Review
5087,0.1264,0,0.1286,Rejected
5088,0.1144,0,0.1119,Rejected
5089,0.2639,1,0.25,Rejected
5090,0.9851,1,1.0,Verified
5091,0.7799,0,0.7932,Verified
5092,0.6654,1,0.6296,Rejected
5093,0.684,0,0.6232,Rejected
5094,0.9941,1,1.0,Verified
5095,0.2982,0,0.2735,Rejected
5096,0.6512,0,0.6659,Verified
5097,0.6999,0,0.6933,Rejected
5098,0.5543,1,0.5415,Rejected
5099,0.4254,0,0.3898,Verified
5100,0.3575,1,0.3325,Rejected
5101,0.1748,0,0.1699,Verified
5102,0.9705,1,0.9233,Rejected
5103,0.413,0,0.4148,Rejected
5104,0.0307,0,0.0319,Review
5105,0.161,1,0.152,Verified
5106,0.7237,0,0.6943,Rejected
5107,0.7122,0,0.6715,Rejected
5108,0.7606,0,0.7597,Rejected
5109,0.6249,1,0.5679,Review
5110,0.9261,0,0.8722,Review
5111,0.5743,1,0.5479,Verified
5112,0.5129,1,0.4752,Review
5113,0.3591,1,0.3759,Review
5114,0.7938,0,0.7244,Review
5115,0.8668,1,0.8248,Verified
5116,0.4581,0,0.4484,Rejected
5117,0.1673,1,0.1693,Review
5118,0.8281,1,0.7735,Rejected
5119,0.6908,0,0.6812,Rejected
5120,0.1393,1,0.1347,Review
5121,0.1374,1,0.1266,Rejected
5122,0.3506,0,0.3401,Verified
5123,0.1581,0,0.15,Rejected
5124,0.5779,0,0.5605,Verified
5125,0.3052,1,0.3195,Rejected
5126,0.6256,1,0.6162,Rejected
5127,0.9798,1,0.9942,Verified
5128,0.3256,1,0.334,Rejected
5129,0.7396,0,0.7026,Review
5130,0.8696,0,0.8097,Rejected
5131,0.9414,1,0.93,Review
5132,0.4168,0,0.3908,Rejected
5133,0.7531,1,0.7252,Verified
5134,0.6591,0,0.6749,Verified
5135,0.511,1,0.4986,Verified
5136,0.3534,0,0.3343,Verified
5137,0.1895,1,0.1742,Review
5138,0.137,0,0.1378,Review
5139,0.1252,0,0.129,Verified
5140,0.9051,1,0.9353,Verified
5141,0.645,0,0.6643,Rejected
5142,0.298,0,0.2939,Review
5143,0.9207,0,0.9107,Rejected
5144,0.9343,1,0.8924,Rejected
5145,0.9426,0,0.9156,Verified
5146,0.2678,0,0.2786,Rejected
5147,0.3359,1,0.3506,Rejected
5148,0.9207,1,0.8526,Review
5149,0.6332,0,0.6267,Verified
5150,0.0908,1,0.0851,Rejected
5151,0.5759,0,0.5269,Verified
5152,0.4112,0,0.3837,Review
5153,0.462,0,0.4765,Rejected
5154,0.9858,1,1.0,Review
5155,0.511,1,0.5128,Verified
5156,0.0156,1,0.0151,Review
5157,0.0976,1,0.0991,Rejected
5158,0.0133,0,0.0125,Review
5159,0.1264,0,0.1196,Rejected
5160,0.6048,1,0.5767,Verified
5161,0.5766,1,0.5601,Review
5162,0.8577,1,0.8506,Rejected
5163,0.3315,0,0.3084,Rejected
5164,0.819,0,0.7699,Verified
5165,0.5323,0,0.5162,Review
5166,0.4723,1,0.4368,Review
5167,0.5031,1,0.5229,Rejected
5168,0.2602,0,0.2459,Rejected
5169,0.963,1,0.9301,Verified
5170,0.9122,1,0.9045,Rejected
5171,0.551,0,0.5684,Verified
5172,0.4949,0,0.486,Review
5173,0.9437,0,0.886,Review
5174,0.8959,0,0.8644,Rejected
5175,0.5499,1,0.5073,Verified
5176,0.5373,0,0.5,Review
5177,0.3009,0,0.2882,Rejected
5178,0.1714,1,0.161,Verified
5179,0.305,1,0.3195,Verified
5180,0.1163,1,0.1093,Review
5181,0.7891,0,0.8056,Rejected
5182,0.1391,0,0.1287,Review
5183,0.0704,1,0.0702,Review
5184,0.5882,1,0.5317,Verified
5185,0.9433,0,0.8975,Review
5186,0.629,1,0.6562,Verified
5187,0.5598,0,0.5206,Verified
5188,0.7009,0,0.7318,Rejected
5189,0.6257,0,0.6523,Verified
5190,0.6065,0,0.6361,Verified
5191,0.6205,0,0.6207,Rejected
5192,0.0383,0,0.0377,Rejected
5193,0.4296,1,0.419,Verified
5194,0.7976,1,0.7888,Rejected
5195,0.5409,0,0.5165,Verified
5196,0.2598,0,0.2667,Verified
5197,0.2664,1,0.2698,Review
5198,0.607,0,0.6328,Review
5199,0.3242,1,0.3119,Rejected
5200,0.4918,0,0.4708,Rejected
5201,0.824,1,0.7794,Review
5202,0.7055,0,0.6487,Verified
5203,0.4719,1,0.4262,Rejected
5204,0.0319,1,0.0292,Verified
5205,0.2774,0,0.2532,Rejected
5206,0.5099,0,0.4905,Review
5207,0.1006,0,0.0944,Review
5208,0.5195,0,0.472,Rejected
5209,0.6384,1,0.6043,Rejected
5210,0.69,1,0.718,Review
5211,0.871,0,0.9077,Verified
5212,0.374,0,0.3799,Rejected
5213,0.0244,1,0.0221,Verified
5214,0.3139,1,0.3241,Verified
5215,0.0849,1,0.0884,Review
5216,0.2562,0,0.2386,Review
5217,0.2976,0,0.3096,Rejected
5218,0.7688,0,0.7494,Verified
5219,0.1057,1,0.1071,Review
5220,0.5201,0,0.4698,Review
5221,0.3358,0,0.3299,Verified
5222,0.194,0,0.179,Review
5223,0.4327,1,0.435,Review
5224,0.7639,1,0.69,Verified
5225,0.3149,0,0.2922,Review
5226,0.3954,1,0.3667,Rejected
5227,0.137,1,0.1269,Review
5228,0.2056,1,0.2131,Rejected
5229,0.6571,1,0.6521,Verified
5230,0.0726,1,0.0742,Verified
5231,0.9846,0,0.9691,Verified
5232,0.9953,1,0.9744,Verified
5233,0.5636,1,0.5446,Rejected
5234,0.6841,0,0.7124,Rejected
5235,0.2613,0,0.269,Review
5236,0.2896,0,0.2754,Review
5237,0.7107,0,0.7185,Rejected
5238,0.4482,0,0.4232,Review
5239,0.214,1,0.1968,Verified
5240,0.5735,0,0.5855,Verified
5241,0.9104,1,0.826,Verified
5242,0.2659,0,0.2641,Verified
5243,0.0509,1,0.0518,Rejected
5244,0.5204,1,0.5269,Review
5245,0.7737,0,0.764,Verified
5246,0.0614,0,0.061,Review
5247,0.7435,0,0.6912,Verified
5248,0.0468,1,0.0489,Review
5249,0.1136,0,0.1038,Rejected
5250,0.9791,1,1.0,Review
5251,0.1336,1,0.137,Verified
5252,0.6248,0,0.6189,Verified
5253,0.9896,0,0.9768,Review
5254,0.3215,0,0.3018,Verified
5255,0.7351,1,0.7432,Rejected
5256,0.7976,1,0.8304,Rejected
5257,0.3655,0,0.375,Rejected
5258,0.1609,1,0.1625,Verified
5259,0.4717,0,0.4524,Verified
5260,0.991,0,0.9332,Verified
5261,0.3007,1,0.2869,Rejected
5262,0.9804,0,1.0,Review
5263,0.6711,0,0.6344,Rejected
5264,0.3985,1,0.3865,Verified
5265,0.0607,1,0.0561,Review
5266,0.1354,0,0.1414,Verified
5267,0.0659,0,0.0616,Rejected
5268,0.6193,1,0.6159,Verified
5269,0.1664,0,0.1634,Verified
5270,0.5023,0,0.4805,Review
5271,0.3598,0,0.3725,Verified
5272,0.5234,1,0.4804,Review
5273,0.6928,1,0.6699,Review
5274,0.5658,1,0.5565,Rejected
5275,0.533,1,0.4896,Review
5276,0.8859,0,0.8515,Rejected
5277,0.6005,0,0.6197,Review
5278,0.7351,1,0.7352,Rejected
5279,0.227,1,0.21,Review
5280,0.3148,1,0.3001,Rejected
5281,0.7655,1,0.6903,Rejected
5282,0.161,0,0.1651,Rejected
5283,0.2156,1,0.2191,Review
5284,0.5763,0,0.6042,Review
5285,0.6977,1,0.7069,Rejected
5286,0.6003,0,0.5742,Rejected
5287,0.8821,0,0.7971,Review
5288,0.0689,1,0.0654,Review
5289,0.711,0,0.6404,Rejected
5290,0.7973,1,0.7575,Review
5291,0.9572,0,0.9576,Rejected
5292,0.635,1,0.5737,Verified
5293,0.5943,1,0.6204,Rejected
5294,0.0788,0,0.0746,Rejected
5295,0.7395,1,0.6796,Verified
5296,0.1047,0,0.095,Review
5297,0.3047,1,0.3096,Rejected
5298,0.0825,1,0.0835,Verified
5299,0.5599,1,0.5184,Rejected
5300,0.6554,0,0.684,Rejected
5301,0.4539,0,0.4315,Rejected
5302,0.7332,1,0.6612,Verified
5303,0.0138,0,0.0125,Rejected
5304,0.4321,0,0.4051,Verified
5305,0.1896,1,0.1759,Review
5306,0.4533,1,0.47,Review
5307,0.8242,1,0.8523,Rejected
5308,0.0065,1,0.0066,Review
5309,0.4914,1,0.455,Review
5310,0.2843,0,0.2779,Rejected
5311,0.8946,0,0.8357,Verified
5312,0.3909,0,0.404,Review
5313,0.0792,1,0.0783,Review
5314,0.8675,0,0.815,Rejected
5315,0.103,1,0.099,Rejected
5316,0.1766,0,0.1829,Review
5317,0.781,0,0.7289,Review
5318,0.77,0,0.7928,Review
5319,0.388,0,0.3666,Rejected
5320,0.916,0,0.9083,Review
5321,0.5997,1,0.6269,Rejected
5322,0.5375,0,0.5207,Verified
5323,0.2572,0,0.2656,Rejected
5324,0.7024,0,0.7129,Rejected
5325,0.9469,0,0.9739,Verified
5326,0.6947,1,0.7258,Review
5327,0.4854,1,0.478,Rejected
5328,0.3883,0,0.3849,Verified
5329,0.4747,1,0.4689,Review
5330,0.0987,0,0.1004,Review
5331,0.6187,1,0.6082,Review
5332,0.9708,1,0.9736,Rejected
5333,0.1126,0,0.1155,Review
5334,0.6303,1,0.6302,Verified
5335,0.9742,1,0.971,Rejected
5336,0.8852,1,0.8319,Verified
5337,0.8463,1,0.7802,Review
5338,0.8948,0,0.8741,Verified
5339,0.0992,1,0.0939,Review
5340,0.1645,0,0.1524,Rejected
5341,0.2246,1,0.2224,Verified
5342,0.8201,0,0.8392,Verified
5343,0.6202,1,0.5912,Review
5344,0.931,0,0.9739,Rejected
5345,0.3469,0,0.3326,Rejected
5346,0.3408,1,0.308,Rejected
5347,0.9334,0,0.956,Rejected
5348,0.9081,1,0.9471,Verified
5349,0.4421,0,0.4398,Verified
5350,0.8965,0,0.8721,Review
5351,0.3711,0,0.3812,Rejected
5352,0.2442,0,0.22,Rejected
5353,0.0133,0,0.0128,Verified
5354,0.5255,1,0.4891,Verified
5355,0.4498,1,0.4254,Rejected
5356,0.0762,0,0.08,Rejected
5357,0.8449,1,0.806,Verified
5358,0.8668,0,0.8336,Rejected
5359,0.5304,0,0.4998,Review
5360,0.6367,0,0.6547,Review
5361,0.3845,1,0.359,Review
5362,0.1537,1,0.1457,Verified
5363,0.7674,0,0.7872,Review
5364,0.2391,0,0.2428,Rejected
5365,0.77,0,0.7958,Review
5366,0.8146,0,0.744,Verified
5367,0.5922,1,0.5375,Rejected
5368,0.8908,1,0.8558,Review
5369,0.9659,0,0.9517,Review
5370,0.6391,1,0.6591,Review
5371,0.439,0,0.4087,Rejected
5372,0.7106,0,0.731,Review
5373,0.7573,1,0.7378,Rejected
5374,0.885,1,0.8048,Review
5375,0.4122,1,0.4042,Review
5376,0.4564,1,0.4523,Review
5377,0.7683,1,0.8012,Review
5378,0.788,1,0.7215,Rejected
5379,0.191,1,0.1991,Verified
5380,0.9565,0,0.8961,Verified
5381,0.9267,0,0.8447,Verified
5382,0.607,1,0.5732,Rejected
5383,0.6454,1,0.6183,Verified
5384,0.0937,0,0.095,Verified
5385,0.0227,1,0.0219,Review
5386,0.0991,1,0.1005,Verified
5387,0.034,1,0.0323,Rejected
5388,0.4256,1,0.4244,Verified
5389,0.5174,1,0.4937,Rejected
5390,0.2866,1,0.2631,Review
5391,0.0654,1,0.0676,Rejected
5392,0.0988,0,0.103,Verified
5393,0.7902,0,0.7496,Verified
5394,0.5507,0,0.5549,Verified
5395,0.1027,1,0.0926,Review
5396,0.6079,1,0.584,Verified
5397,0.0202,0,0.0206,Verified
5398,0.1361,1,0.1391,Verified
5399,0.1136,0,0.1138,Review
5400,0.3377,1,0.335,Rejected
5401,0.4505,1,0.4194,Review
5402,0.7528,1,0.678,Rejected
5403,0.759,0,0.7712,Verified
5404,0.675,0,0.6539,Verified
5405,0.5046,0,0.4717,Review
5406,0.6555,1,0.6518,Rejected
5407,0.0527,1,0.0502,Rejected
5408,0.7134,1,0.7389,Verified
5409,0.518,1,0.5309,Review
5410,0.3621,1,0.3441,Review
5411,0.1989,1,0.191,Review
5412,0.1615,1,0.1514,Review
5413,0.0811,0,0.0812,Review
5414,0.8389,0,0.8102,Verified
5415,0.1254,1,0.119,Rejected
5416,0.4307,1,0.4318,Rejected
5417,0.5704,0,0.5494,Rejected
5418,0.6311,1,0.6495,Verified
5419,0.5321,0,0.5414,Verified
5420,0.3112,1,0.3258,Verified
5421,0.4755,0,0.4904,Verified
5422,0.378,1,0.3694,Rejected
5423,0.3875,0,0.3689,Review
5424,0.1529,1,0.1492,Review
5425,0.2961,0,0.2966,Review
5426,0.71,1,0.7018,Rejected
5427,0.276,0,0.2891,Verified
5428,0.091,0,0.0891,Verified
5429,0.6144,1,0.6345,Rejected
5430,0.7402,0,0.674,Verified
5431,0.6639,0,0.6557,Verified
5432,0.6847,1,0.6707,Rejected
5433,0.1651,1,0.1614,Rejected
5434,0.7526,1,0.6909,Verified
5435,0.3357,1,0.3045,Rejected
5436,0.6695,0,0.6799,Review
5437,0.1468,1,0.1515,Verified
5438,0.4882,0,0.48,Review
5439,0.6608,0,0.6553,Verified
5440,0.3888,1,0.3982,Verified
5441,0.4264,1,0.4305,Verified
5442,0.8452,1,0.884,Review
5443,0.4576,1,0.4788,Rejected
5444,0.8798,0,0.8103,Review
5445,0.4986,1,0.5093,Rejected
5446,0.7163,0,0.7268,Verified
5447,0.0059,1,0.0054,Review
5448,0.2967,0,0.291,Rejected
5449,0.6742,1,0.6668,Rejected
5450,0.6547,0,0.6293,Rejected
5451,0.5849,1,0.5648,Verified
5452,0.8869,1,0.9055,Rejected
5453,0.6465,1,0.5851,Verified
5454,0.0152,0,0.0137,Verified
5455,0.6613,1,0.6784,Review
5456,0.9125,0,0.9274,Rejected
5457,0.2419,1,0.243,Verified
5458,0.6517,0,0.6018,Review
5459,0.3982,1,0.4077,Verified
5460,0.192,0,0.1844,Verified
5461,0.8768,1,0.8686,Rejected
5462,0.0781,1,0.0712,Rejected
5463,0.9736,1,1.0,Verified
5464,0.784,1,0.7149,Review
5465,0.7232,1,0.7219,Review
5466,0.7301,0,0.7331,Review
5467,0.9163,0,0.9195,Review
5468,0.6573,0,0.634,Rejected
5469,0.5496,1,0.5312,Rejected
5470,0.7229,0,0.7155,Verified
5471,0.5381,1,0.505,Rejected
5472,0.6933,1,0.7108,Review
5473,0.7164,1,0.7088,Rejected
5474,0.8318,1,0.7574,Rejected
5475,0.9343,1,0.949,Rejected
5476,0.0379,1,0.0347,Review
5477,0.8703,1,0.8232,Review
5478,0.0775,0,0.0788,Verified
5479,0.501,0,0.5229,Review
5480,0.8303,1,0.8135,Review
5481,0.2318,0,0.2364,Review
5482,0.0045,1,0.0044,Rejected
5483,0.7787,0,0.7384,Rejected
5484,0.9094,1,0.8548,Review
5485,0.211,1,0.1916,Review
5486,0.4108,0,0.3885,Verified
5487,0.9613,1,0.9034,Review
5488,0.6901,0,0.6239,Rejected
5489,0.9996,0,1.0,Rejected
5490,0.3177,1,0.3103,Review
5491,0.1428,1,0.1496,Verified
5492,0.356,0,0.3247,Review
5493,0.6203,0,0.6027,Verified
5494,0.1377,1,0.1318,Verified
5495,0.04,0,0.0378,Verified
5496,0.8645,1,0.8789,Review
5497,0.5799,0,0.5509,Rejected
5498,0.0088,1,0.0092,Rejected
5499,0.7184,0,0.7516,Review
5500,0.038,1,0.036,Review
5501,0.1544,0,0.1476,Verified
5502,0.7224,0,0.7484,Rejected
5503,0.2408,0,0.2414,Verified
5504,0.169,0,0.1593,Review
5505,0.9649,0,0.9565,Verified
5506,0.7827,1,0.8211,Review
5507,0.1266,0,0.1198,Review
5508,0.8591,1,0.8951,Review
5509,0.1269,0,0.1259,Review
5510,0.5939,0,0.5792,Verified
5511,0.2442,1,0.2207,Rejected
5512,0.9602,0,0.9239,Rejected
5513,0.4461,0,0.4476,Verified
5514,0.8033,0,0.746,Review
5515,0.1775,0,0.1723,Rejected
5516,0.2744,0,0.2854,Verified
5517,0.7297,0,0.6634,Rejected
5518,0.3187,0,0.3236,Rejected
5519,0.7506,0,0.6873,Verified
5520,0.4576,0,0.4599,Review
5521,0.7417,1,0.7456,Rejected
5522,0.7835,0,0.7195,Verified
5523,0.702,0,0.6911,Review
5524,0.3081,0,0.2984,Review
5525,0.2213,1,0.2065,Verified
5526,0.9335,0,0.8486,Review
5527,0.6098,1,0.5877,Verified
5528,0.7099,1,0.6968,Review
5529,0.3887,1,0.3603,Review
5530,0.9351,0,0.9138,Verified
5531,0.3233,0,0.3296,Rejected
5532,0.0612,0,0.0635,Rejected
5533,0.4767,0,0.473,Verified
5534,0.7579,0,0.7783,Rejected
5535,0.975,1,0.9894,Rejected
5536,0.4854,0,0.4433,Verified
5537,0.408,1,0.3972,Review
5538,0.1682,0,0.1591,Rejected
5539,0.1849,1,0.1753,Rejected
5540,0.7384,1,0.6879,Review
5541,0.3068,0,0.3157,Review
5542,0.1724,0,0.1757,Rejected
5543,0.1784,0,0.1656,Review
5544,0.0655,1,0.0603,Rejected
5545,0.4553,0,0.4384,Verified
5546,0.2218,1,0.2158,Rejected
5547,0.2466,1,0.2318,Verified
5548,0.702,1,0.7066,Rejected
5549,0.9602,1,0.9216,Review
5550,0.9855,1,1.0,Review
5551,0.7891,0,0.7801,Rejected
5552,0.9857,0,0.8874,Review
5553,0.0097,0,0.0093,Rejected
5554,0.1662,0,0.1509,Verified
5555,0.1473,1,0.1404,Review
5556,0.9397,0,0.9027,Review
5557,0.969,1,0.9546,Review
5558,0.7746,0,0.8093,Verified
5559,0.3026,0,0.2799,Rejected
5560,0.2228,1,0.2176,Verified
5561,0.5634,1,0.5297,Verified
5562,0.1573,1,0.1516,Rejected
5563,0.7307,0,0.6971,Rejected
5564,0.8746,0,0.8504,Rejected
5565,0.6075,0,0.5528,Review
5566,0.3613,1,0.3742,Verified
5567,0.2951,0,0.2812,Rejected
5568,0.0279,0,0.0256,Rejected
5569,0.3716,1,0.3468,Verified
5570,0.4514,0,0.4202,Review
5571,0.9331,1,0.8803,Review
5572,0.4248,0,0.4332,Rejected
5573,0.4858,1,0.4652,Rejected
5574,0.5251,1,0.5392,Review
5575,0.7913,0,0.8037,Verified
5576,0.7853,0,0.7793,Review
5577,0.7127,1,0.6581,Review
5578,0.8932,1,0.8701,Review
5579,0.2934,0,0.3072,Rejected
5580,0.0232,0,0.0234,Verified
5581,0.555,0,0.5066,Verified
5582,0.2451,0,0.2326,Review
5583,0.0337,0,0.0307,Review
5584,0.8521,1,0.8795,Rejected
5585,0.7268,0,0.7545,Rejected
5586,0.0167,0,0.016,Rejected
5587,0.6346,0,0.5718,Verified
5588,0.4824,1,0.4747,Rejected
5589,0.6322,0,0.6182,Rejected
5590,0.9124,0,0.8367,Review
5591,0.867,0,0.8912,Review
5592,0.2224,0,0.2018,Rejected
5593,0.8118,0,0.7626,Rejected
5594,0.3626,1,0.3605,Rejected
5595,0.1259,1,0.1286,Review
5596,0.9532,1,0.9611,Verified
5597,0.1305,1,0.1275,Verified
5598,0.7354,0,0.6803,Review
5599,0.0113,0,0.0114,Rejected
5600,0.277,0,0.2551,Review
5601,0.9151,0,0.8378,Review
5602,0.2799,0,0.2622,Review
5603,0.2454,0,0.2452,Verified
5604,0.0752,0,0.0764,Rejected
5605,0.0396,0,0.0413,Review
5606,0.9372,0,0.9548,Verified
5607,0.2792,0,0.2604,Rejected
5608,0.2961,1,0.2893,Verified
5609,0.7832,1,0.7644,Verified
5610,0.3313,0,0.3238,Review
5611,0.9685,1,0.9459,Rejected
5612,0.1107,0,0.1075,Review
5613,0.5808,1,0.5736,Review
5614,0.9882,1,1.0,Review
5615,0.2366,1,0.244,Verified
5616,0.7894,0,0.7753,Rejected
5617,0.2997,0,0.3131,Rejected
5618,0.4853,1,0.4841,Review
5619,0.2128,0,0.202,Verified
5620,0.4457,0,0.4343,Verified
5621,0.4451,0,0.4239,Verified
5622,0.2744,0,0.2569,Review
5623,0.5372,1,0.5269,Rejected
5624,0.9395,0,0.8748,Verified
5625,0.9516,1,0.9898,Rejected
5626,0.3101,0,0.2983,Review
5627,0.1573,0,0.1438,Verified
5628,0.691,1,0.659,Review
5629,0.327,0,0.328,Review
5630,0.2884,0,0.296,Review
5631,0.5825,0,0.5745,Review
5632,0.546,0,0.5187,Verified
5633,0.3032,0,0.3036,Rejected
5634,0.7763,0,0.8025,Verified
5635,0.9787,0,0.9003,Review
5636,0.1468,0,0.1427,Review
5637,0.9411,0,0.9599,Review
5638,0.049,1,0.0452,Verified
5639,0.4291,1,0.3918,Rejected
5640,0.256,1,0.2424,Rejected
5641,0.697,1,0.665,Review
5642,0.9989,0,1.0,Review
5643,0.6823,1,0.6992,Review
5644,0.9773,1,1.0,Rejected
5645,0.6509,1,0.635,Review
5646,0.0335,0,0.0343,Review
5647,0.9837,1,1.0,Review
5648,0.0533,0,0.0547,Rejected
5649,0.7209,1,0.6957,Review
5650,0.5611,1,0.5882,Review
5651,0.1489,1,0.1404,Verified
5652,0.3503,1,0.3269,Review
5653,0.7797,1,0.7701,Rejected
5654,0.0833,1,0.0874,Review
5655,0.0547,1,0.0501,Review
5656,0.459,1,0.468,Verified
5657,0.8924,1,0.8292,Review
5658,0.9352,1,0.9284,Verified
5659,0.8448,0,0.8492,Verified
5660,0.1645,0,0.1661,Verified
5661,0.5407,1,0.4976,Verified
5662,0.8054,0,0.8223,Review
5663,0.7726,1,0.7429,Verified
5664,0.448,0,0.419,Review
5665,0.9758,1,0.9309,Verified
5666,0.413,0,0.4255,Verified
5667,0.1196,0,0.1126,Rejected
5668,0.1427,1,0.1297,Review
5669,0.381,0,0.374,Rejected
5670,0.3362,1,0.3302,Rejected
5671,0.0545,0,0.0559,Verified
5672,0.8006,0,0.8199,Review
5673,0.0726,0,0.0693,Rejected
5674,0.6062,0,0.5567,Verified
5675,0.6599,0,0.6349,Review
5676,0.3324,0,0.3072,Verified
5677,0.8839,0,0.8976,Verified
5678,0.3278,0,0.3312,Review
5679,0.1971,1,0.2022,Verified
5680,0.0972,1,0.0898,Verified
5681,0.0698,0,0.0703,Review
5682,0.219,1,0.2297,Review
5683,0.4486,0,0.4551,Rejected
5684,0.8328,0,0.7823,Rejected
5685,0.0729,0,0.0728,Review
5686,0.29,0,0.269,Review
5687,0.0918,1,0.0903,Review
5688,0.1293,1,0.1341,Verified
5689,0.0168,1,0.0159,Verified
5690,0.6318,1,0.6278,Rejected
5691,0.235,1,0.2206,Review
5692,0.381,0,0.365,Rejected
5693,0.0993,1,0.0922,Verified
5694,0.1848,0,0.1775,Verified
5695,0.2785,0,0.2564,Rejected
5696,0.3909,0,0.3671,Rejected
5697,0.0717,1,0.0744,Review
5698,0.1629,1,0.1698,Rejected
5699,0.3974,1,0.4006,Rejected
5700,0.8815,1,0.8014,Verified
5701,0.195,1,0.1815,Verified
5702,0.4217,0,0.4056,Rejected
5703,0.7253,1,0.6912,Review
5704,0.621,0,0.6508,Verified
5705,0.2006,1,0.1835,Verified
5706,0.6029,1,0.6068,Rejected
5707,0.2862,1,0.2679,Verified
5708,0.5658,0,0.5289,Rejected
5709,0.3491,0,0.3488,Rejected
5710,0.5742,1,0.5196,Review
5711,0.7815,0,0.7208,Rejected
5712,0.224,1,0.2184,Review
5713,0.5407,0,0.4872,Verified
5714,0.3756,0,0.3606,Rejected
5715,0.9705,0,0.9135,Rejected
5716,0.8855,0,0.8813,Rejected
5717,0.0797,0,0.0832,Rejected
5718,0.3348,0,0.3041,Rejected
5719,0.6769,0,0.6974,Verified
5720,0.7553,0,0.7302,Verified
5721,0.2008,0,0.207,Rejected
5722,0.6938,1,0.6325,Verified
5723,0.4713,0,0.4872,Verified
5724,0.4873,1,0.5013,Verified
5725,0.6852,0,0.6852,Rejected
5726,0.9753,1,0.8806,Rejected
5727,0.5304,1,0.543,Review
5728,0.5723,0,0.5597,Rejected
5729,0.1258,1,0.1171,Verified
5730,0.6739,1,0.6315,Rejected
5731,0.6481,1,0.6746,Verified
5732,0.6054,0,0.6144,Verified
5733,0.2869,1,0.3008,Verified
5734,0.0399,1,0.0387,Review
5735,0.9838,0,0.955,Review
5736,0.027,0,0.0275,Verified
5737,0.8259,0,0.7633,Verified
5738,0.7111,1,0.7333,Rejected
5739,0.1198,1,0.1214,Rejected
5740,0.3548,1,0.3291,Verified
5741,0.9843,0,0.9253,Rejected
5742,0.2569,1,0.2526,Rejected
5743,0.5909,1,0.5533,Rejected
5744,0.7257,1,0.7085,Review
5745,0.1636,1,0.1709,Rejected
5746,0.0619,1,0.0603,Rejected
5747,0.2159,0,0.2213,Verified
5748,0.9817,0,0.9705,Verified
5749,0.833,1,0.8095,Rejected
5750,0.9089,1,0.9151,Review
5751,0.6913,1,0.6593,Verified
5752,0.2635,1,0.2414,Rejected
5753,0.5937,0,0.5778,Verified
5754,0.2514,1,0.2362,Rejected
5755,0.3456,0,0.3397,Rejected
5756,0.9009,1,0.8877,Verified
5757,0.0305,1,0.0281,Review
5758,0.4925,0,0.5147,Verified
5759,0.7061,0,0.7015,Verified
5760,0.7281,0,0.6933,Verified
5761,0.3641,0,0.362,Rejected
5762,0.6104,0,0.5523,Verified
5763,0.6803,1,0.6878,Review
5764,0.3495,1,0.3376,Review
5765,0.9194,0,0.9413,Rejected
5766,0.2685,0,0.273,Verified
5767,0.7664,0,0.7442,Verified
5768,0.7014,0,0.7304,Verified
5769,0.2171,1,0.2129,Rejected
5770,0.0688,1,0.0671,Rejected
5771,0.9154,0,0.8678,Rejected
5772,0.6813,0,0.6381,Review
5773,0.2024,1,0.2086,Verified
5774,0.2746,0,0.2489,Review
5775,0.292,1,0.3032,Verified
5776,0.4924,1,0.5056,Rejected
5777,0.8266,1,0.8402,Rejected
5778,0.1985,1,0.1791,Rejected
5779,0.8488,1,0.8086,Rejected
5780,0.4368,1,0.3974,Review
5781,0.6243,1,0.6453,Verified
5782,0.0053,0,0.0048,Verified
5783,0.1263,1,0.1241,Review
5784,0.266,0,0.2558,Verified
5785,0.5494,1,0.5349,Rejected
5786,0.4154,1,0.4315,Verified
5787,0.6197,1,0.5926,Rejected
5788,0.5296,1,0.5389,Rejected
5789,0.7976,1,0.8304,Rejected
5790,0.2429,0,0.2381,Review
5791,0.3136,0,0.3207,Review
5792,0.4469,1,0.4543,Rejected
5793,0.9231,0,0.8646,Review
5794,0.4077,0,0.3913,Rejected
5795,0.2322,0,0.2214,Rejected
5796,0.6186,1,0.582,Verified
5797,0.6,1,0.5528,Review
5798,0.9355,1,0.9193,Rejected
5799,0.3416,0,0.3418,Verified
5800,0.3237,0,0.3125,Review
5801,0.8679,1,0.8332,Rejected
5802,0.2462,1,0.2507,Review
5803,0.9428,1,0.9192,Review
5804,0.4048,0,0.3777,Verified
5805,0.5193,0,0.5316,Verified
5806,0.587,1,0.6102,Verified
5807,0.2344,1,0.2354,Rejected
5808,0.5998,1,0.5954,Verified
5809,0.8559,1,0.863,Verified
5810,0.818,1,0.7809,Rejected
5811,0.3645,1,0.3751,Review
5812,0.7431,0,0.7325,Verified
5813,0.4306,0,0.3932,Verified
5814,0.371,1,0.3491,Review
5815,0.7884,0,0.7274,Review
5816,0.0854,0,0.0813,Rejected
5817,0.6419,0,0.6151,Rejected
5818,0.9429,1,0.9688,Verified
5819,0.9511,0,0.9541,Review
5820,0.4652,1,0.474,Verified
5821,0.3016,0,0.3144,Verified
5822,0.0161,0,0.0164,Verified
5823,0.3689,1,0.3786,Review
5824,0.9123,1,0.8371,Rejected
5825,0.136,1,0.1405,Rejected
5826,0.1036,0,0.0956,Rejected
5827,0.3235,1,0.2972,Rejected
5828,0.6846,1,0.6916,Rejected
5829,0.9423,1,0.8731,Rejected
5830,0.4886,1,0.4714,Review
5831,0.3747,1,0.3539,Verified
5832,0.236,0,0.2261,Rejected
5833,0.9394,0,0.9575,Verified
5834,0.9327,1,0.8911,Verified
5835,0.0087,1,0.0083,Verified
5836,0.2092,1,0.2089,Verified
5837,0.9125,0,0.89,Review
5838,0.4451,1,0.4343,Review
5839,0.5817,1,0.5428,Rejected
5840,0.8221,0,0.7558,Review
5841,0.9794,0,0.9066,Verified
5842,0.9558,1,0.9738,Review
5843,0.0421,1,0.0394,Verified
5844,0.6768,1,0.6143,Review
5845,0.8462,0,0.8232,Rejected
5846,0.3614,1,0.3556,Rejected
5847,0.9204,0,0.8632,Verified
5848,0.194,0,0.1975,Rejected
5849,0.7402,0,0.6881,Verified
5850,0.6741,1,0.6701,Review
5851,0.682,0,0.6406,Review
5852,0.2226,0,0.2015,Review
5853,0.525,0,0.4947,Review
5854,0.4177,0,0.4179,Rejected
5855,0.4794,0,0.5004,Review
5856,0.7614,1,0.7829,Review
5857,0.1589,1,0.1611,Verified
5858,0.8586,1,0.8822,Rejected
5859,0.9042,0,0.8403,Review
5860,0.2135,0,0.1948,Rejected
5861,0.9487,0,0.9361,Rejected
5862,0.1177,1,0.1199,Verified
5863,0.7925,1,0.8147,Rejected
5864,0.1141,1,0.1142,Rejected
5865,0.9112,0,0.9373,Review
5866,0.6851,1,0.7108,Rejected
5867,0.2038,0,0.2089,Review
5868,0.67,1,0.6378,Verified
5869,0.9229,1,0.8581,Verified
5870,0.7722,0,0.807,Rejected
5871,0.7749,0,0.7658,Verified
5872,0.444,0,0.4524,Rejected
5873,0.4886,0,0.4912,Rejected
5874,0.7147,0,0.7132,Verified
5875,0.1529,0,0.1543,Verified
5876,0.952,1,0.9633,Review
5877,0.4027,0,0.3975,Verified
5878,0.8122,1,0.8114,Review
5879,0.9185,0,0.8704,Review
5880,0.2464,0,0.2426,Rejected
5881,0.4423,1,0.4593,Verified
5882,0.6899,0,0.6346,Rejected
5883,0.6623,0,0.6792,Rejected
5884,0.7184,1,0.7168,Review
5885,0.5042,0,0.529,Review
5886,0.0772,0,0.078,Review
5887,0.6889,1,0.7153,Verified
5888,0.7844,0,0.7708,Review
5889,0.2144,1,0.2095,Review
5890,0.7452,0,0.7292,Review
5891,0.0784,1,0.0769,Verified
5892,0.5528,0,0.5105,Review
5893,0.7761,0,0.8124,Rejected
5894,0.121,0,0.111,Rejected
5895,0.1027,1,0.093,Review
5896,0.7912,1,0.7405,Rejected
5897,0.2203,1,0.228,Rejected
5898,0.2591,0,0.2519,Verified
5899,0.9585,1,0.9855,Review
5900,0.9695,0,1.0,Rejected
5901,0.1772,1,0.1675,Rejected
5902,0.0012,0,0.0012,Review
5903,0.8866,1,0.8696,Verified
5904,0.3524,1,0.3442,Rejected
5905,0.5337,1,0.54,Rejected
5906,0.5359,0,0.4916,Review
5907,0.2025,0,0.2007,Rejected
5908,0.5845,1,0.5675,Review
5909,0.1372,1,0.1424,Rejected
5910,0.9775,1,0.9094,Verified
5911,0.6369,0,0.6258,Rejected
5912,0.2808,0,0.2837,Verified
5913,0.4872,0,0.4549,Verified
5914,0.0427,0,0.0427,Verified
5915,0.7376,1,0.6853,Review
5916,0.1397,1,0.1419,Review
5917,0.7793,1,0.7426,Verified
5918,0.5187,1,0.5197,Verified
5919,0.598,0,0.6033,Review
5920,0.927,1,0.9491,Verified
5921,0.0394,0,0.0363,Verified
5922,0.5814,1,0.5385,Rejected
5923,0.4937,1,0.5036,Rejected
5924,0.155,1,0.157,Rejected
5925,0.8316,1,0.8179,Review
5926,0.0021,1,0.002,Review
5927,0.4434,1,0.4249,Verified
5928,0.0811,0,0.0755,Rejected
5929,0.9985,0,0.976,Rejected
5930,0.0196,0,0.0201,Review
5931,0.806,0,0.7584,Verified
5932,0.7656,1,0.694,Verified
5933,0.6778,1,0.6187,Verified
5934,0.9043,0,0.9366,Verified
5935,0.7132,0,0.6548,Verified
5936,0.4818,0,0.4751,Review
5937,0.9402,1,0.9178,Review
5938,0.2247,1,0.2314,Review
5939,0.1374,1,0.1375,Review
5940,0.5899,0,0.552,Verified
5941,0.1501,1,0.1472,Review
5942,0.055,0,0.051,Review
5943,0.8533,1,0.8705,Rejected
5944,0.1471,0,0.1444,Verified
5945,0.2632,1,0.2593,Rejected
5946,0.3779,1,0.3685,Review
5947,0.2522,0,0.2462,Rejected
5948,0.2555,0,0.2467,Verified
5949,0.1372,1,0.1354,Review
5950,0.3207,0,0.3104,Verified
5951,0.6473,0,0.6151,Review
5952,0.9219,0,0.9459,Verified
5953,0.9095,0,0.9529,Review
5954,0.8565,1,0.8472,Rejected
5955,0.847,1,0.7713,Review
5956,0.6409,0,0.6611,Verified
5957,0.1931,1,0.1808,Rejected
5958,0.4505,1,0.4564,Verified
5959,0.6295,1,0.5831,Rejected
5960,0.9967,1,0.9073,Review
5961,0.2084,0,0.2175,Review
5962,0.8969,1,0.8275,Verified
5963,0.6952,0,0.6634,Rejected
5964,0.7963,0,0.7761,Verified
5965,0.7482,1,0.7773,Verified
5966,0.8694,0,0.8111,Review
5967,0.4771,0,0.4339,Verified
5968,0.4283,0,0.4249,Verified
5969,0.8452,0,0.8465,Rejected
5970,0.933,0,0.9637,Verified
5971,0.496,1,0.4506,Review
5972,0.3781,0,0.3802,Verified
5973,0.5825,1,0.5886,Rejected
5974,0.1711,1,0.1661,Verified
5975,0.7114,0,0.6566,Rejected
5976,0.876,0,0.8796,Review
5977,0.2435,0,0.2452,Verified
5978,0.6367,1,0.6288,Review
5979,0.4264,0,0.4182,Review
5980,0.8399,0,0.801,Review
5981,0.7375,1,0.6892,Review
5982,0.065,0,0.0637,Review
5983,0.7395,1,0.6696,Rejected
5984,0.8171,1,0.7722,Rejected
5985,0.1486,1,0.1496,Verified
5986,0.9521,0,0.9993,Rejected
5987,0.1438,0,0.1454,Review
5988,0.106,1,0.099,Rejected
5989,0.3556,0,0.3458,Rejected
5990,0.4143,0,0.4209,Review
5991,0.9638,1,0.9231,Verified
5992,0.7957,0,0.7374,Verified
5993,0.3718,0,0.3894,Verified
5994,0.1979,1,0.1977,Rejected
5995,0.9188,1,0.8502,Rejected
5996,0.5922,0,0.5694,Rejected
5997,0.8117,1,0.8438,Review
5998,0.7387,0,0.7579,Rejected
5999,0.1464,0,0.1348,Verified
6000,0.231,0,0.2169,Review
6001,0.7443,1,0.7148,Rejected
6002,0.8961,0,0.8471,Verified
6003,0.9871,1,1.0,Rejected
6004,0.2252,1,0.223,Verified
6005,0.6488,0,0.6775,Rejected
6006,0.7238,0,0.7423,Rejected
6007,0.6645,1,0.6546,Review
6008,0.6892,0,0.6895,Verified
6009,0.0021,0,0.0019,Verified
6010,0.5457,0,0.5096,Verified
6011,0.4049,1,0.4163,Review
6012,0.8213,0,0.7662,Review
6013,0.0435,0,0.0401,Verified
6014,0.5758,0,0.584,Review
6015,0.8509,1,0.8499,Rejected
6016,0.3246,1,0.3176,Rejected
6017,0.3703,0,0.3851,Rejected
6018,0.3225,0,0.3364,Review
6019,0.1755,1,0.1833,Verified
6020,0.8235,0,0.8563,Verified
6021,0.7693,0,0.7748,Review
6022,0.1017,1,0.103,Rejected
6023,0.9105,1,0.8648,Rejected
6024,0.2387,0,0.2277,Rejected
6025,0.8081,1,0.7598,Review
6026,0.7038,0,0.682,Verified
6027,0.7384,1,0.7404,Verified
6028,0.8498,0,0.799,Verified
6029,0.5801,0,0.5546,Review
6030,0.4697,0,0.4577,Verified
6031,0.9906,1,0.9049,Rejected
6032,0.5375,0,0.5311,Verified
6033,0.7479,0,0.675,Review
6034,0.6816,1,0.7106,Verified
6035,0.3991,1,0.3794,Verified
6036,0.7366,1,0.679,Review
6037,0.2142,0,0.2096,Review
6038,0.2497,1,0.2511,Review
6039,0.9753,1,1.0,Review
6040,0.6728,0,0.676,Rejected
6041,0.9567,1,0.8989,Rejected
6042,0.1507,1,0.1404,Review
6043,0.4177,0,0.3972,Review
6044,0.7606,0,0.6897,Review
6045,0.5004,0,0.5106,Review
6046,0.6004,0,0.5566,Verified
6047,0.4708,0,0.4276,Review
6048,0.6595,0,0.6258,Review
6049,0.8333,0,0.7815,Verified
6050,0.4869,0,0.4797,Verified
6051,0.0774,0,0.072,Verified
6052,0.3328,1,0.3289,Verified
6053,0.6517,0,0.6155,Review
6054,0.8519,1,0.7848,Rejected
6055,0.6755,0,0.6642,Review
6056,0.0005,0,0.0005,Verified
6057,0.99,0,0.9541,Rejected
6058,0.0628,1,0.0573,Rejected
6059,0.9913,1,1.0,Review
6060,0.5909,0,0.5991,Rejected
6061,0.1996,0,0.1965,Rejected
6062,0.0329,0,0.0315,Verified
6063,0.4342,1,0.4271,Rejected
6064,0.4111,1,0.3917,Verified
6065,0.1367,0,0.1239,Verified
6066,0.8403,1,0.8596,Review
6067,0.8989,1,0.8863,Rejected
6068,0.8446,1,0.8456,Verified
6069,0.2548,0,0.2453,Rejected
6070,0.1869,0,0.1854,Review
6071,0.7547,1,0.7479,Verified
6072,0.2933,0,0.2643,Rejected
6073,0.0723,0,0.0744,Rejected
6074,0.9592,0,0.9966,Verified
6075,0.6565,0,0.6302,Review
6076,0.2639,1,0.2397,Verified
6077,0.1032,0,0.0959,Verified
6078,0.2973,1,0.2973,Review
6079,0.212,1,0.2081,Review
6080,0.5384,1,0.558,Rejected
6081,0.6934,0,0.6252,Verified
6082,0.74,1,0.698,Rejected
6083,0.8441,1,0.7809,Verified
6084,0.8291,1,0.7834,Review
6085,0.3521,1,0.354,Rejected
6086,0.3736,0,0.3857,Verified
6087,0.0903,0,0.0869,Rejected
6088,0.6087,1,0.5809,Verified
6089,0.6337,0,0.6613,Verified
6090,0.4123,1,0.4073,Rejected
6091,0.3061,1,0.2761,Review
6092,0.0239,1,0.0216,Verified
6093,0.7318,0,0.7279,Rejected
6094,0.0326,0,0.0308,Rejected
6095,0.3267,1,0.3177,Rejected
6096,0.95,1,0.8784,Verified
6097,0.8723,1,0.9157,Verified
6098,0.5112,1,0.488,Verified
6099,0.8711,0,0.889,Verified
6100,0.0623,0,0.0625,Verified
6101,0.3113,0,0.2953,Rejected
6102,0.9833,1,1.0,Review
6103,0.0804,1,0.0761,Rejected
6104,0.9188,0,0.8767,Review
6105,0.2288,1,0.2361,Review
6106,0.8446,1,0.7877,Review
6107,0.7823,1,0.8152,Review
6108,0.8416,0,0.8094,Review
6109,0.6112,0,0.5857,Verified
6110,0.5372,0,0.5148,Review
6111,0.4223,1,0.4069,Verified
6112,0.6161,1,0.5618,Verified
6113,0.3818,1,0.3457,Verified
6114,0.7219,0,0.7426,Verified
6115,0.2913,0,0.2897,Review
6116,0.5977,0,0.6038,Review
6117,0.7514,0,0.6897,Rejected
6118,0.6979,1,0.6766,Rejected
6119,0.5381,0,0.4917,Verified
6120,0.0413,0,0.0405,Review
6121,0.5175,0,0.5407,Verified
6122,0.4491,0,0.4125,Review
6123,0.6269,1,0.6396,Review
6124,0.2054,1,0.1868,Verified
6125,0.0384,0,0.038,Review
6126,0.9201,0,0.9319,Verified
6127,0.3802,0,0.397,Verified
6128,0.5309,0,0.4977,Verified
6129,0.5422,1,0.4982,Verified
6130,0.3608,1,0.3612,Verified
6131,0.6444,1,0.5907,Verified
6132,0.9751,0,0.9243,Rejected
6133,0.289,0,0.2899,Rejected
6134,0.3133,0,0.2938,Rejected
6135,0.8328,0,0.8155,Review
6136,0.6214,0,0.6064,Verified
6137,0.3504,0,0.341,Rejected
6138,0.8211,0,0.8274,Review
6139,0.3477,1,0.3572,Verified
6140,0.8389,0,0.8454,Rejected
6141,0.1735,0,0.1729,Rejected
6142,0.1096,0,0.0988,Rejected
6143,0.4398,1,0.437,Verified
6144,0.7106,0,0.6491,Rejected
6145,0.277,1,0.2702,Rejected
6146,0.7653,1,0.7651,Rejected
6147,0.4576,1,0.4394,Review
6148,0.135,0,0.1414,Review
6149,0.5403,0,0.5329,Verified
6150,0.523,0,0.5003,Review
6151,0.1842,1,0.1913,Rejected
6152,0.6511,1,0.6213,Verified
6153,0.6279,1,0.6438,Verified
6154,0.5581,1,0.5243,Review
6155,0.0952,1,0.0999,Rejected
6156,0.744,1,0.7544,Review
6157,0.8891,0,0.8644,Review
6158,0.9133,0,0.9492,Review
6159,0.9847,0,1.0,Verified
6160,0.7753,0,0.7047,Verified
6161,0.1683,0,0.1515,Rejected
6162,0.3336,1,0.3267,Review
6163,0.0613,0,0.057,Verified
6164,0.166,1,0.1715,Rejected
6165,0.603,0,0.6044,Rejected
6166,0.9443,1,0.9751,Verified
6167,0.2685,0,0.2506,Rejected
6168,0.1929,0,0.1865,Review
6169,0.1967,0,0.2038,Verified
6170,0.3617,0,0.3411,Verified
6171,0.0263,1,0.0261,Review
6172,0.3984,1,0.402,Review
6173,0.3563,0,0.3622,Rejected
6174,0.0064,0,0.0059,Verified
6175,0.6327,1,0.5869,Review
6176,0.5288,1,0.516,Rejected
6177,0.3381,0,0.3158,Rejected
6178,0.8876,1,0.8379,Review
6179,0.16,1,0.156,Verified
6180,0.0521,1,0.0525,Verified
6181,0.4975,1,0.4739,Rejected
6182,0.3693,1,0.3868,Review
6183,0.7691,1,0.7397,Verified
6184,0.543,0,0.5297,Rejected
6185,0.9639,1,0.9458,Review
6186,0.1566,1,0.1431,Verified
6187,0.8966,1,0.883,Rejected
6188,0.0912,0,0.083,Review
6189,0.6838,0,0.695,Review
6190,0.4668,0,0.458,Verified
6191,0.8301,1,0.7806,Verified
6192,0.9943,0,0.9009,Verified
6193,0.016,0,0.0166,Review
6194,0.5847,0,0.5381,Review
6195,0.5188,1,0.5086,Verified
6196,0.5512,0,0.5766,Rejected
6197,0.4333,1,0.4352,Review
6198,0.2446,0,0.2548,Review
6199,0.6817,0,0.6285,Rejected
6200,0.9653,0,0.9251,Rejected
6201,0.7225,0,0.6967,Rejected
6202,0.5801,0,0.537,Verified
6203,0.1311,1,0.1256,Rejected
6204,0.9068,0,0.8509,Rejected
6205,0.4375,0,0.4347,Rejected
6206,0.0208,0,0.0206,Rejected
6207,0.2446,1,0.2544,Rejected
6208,0.4466,1,0.4344,Verified
6209,0.9416,1,0.9612,Verified
6210,0.6521,1,0.6125,Review
6211,0.0446,1,0.0462,Rejected
6212,0.2127,1,0.1919,Verified
6213,0.4278,0,0.3958,Rejected
6214,0.5657,1,0.5825,Review
6215,0.3027,0,0.2839,Verified
6216,0.5719,0,0.5694,Verified
6217,0.1623,0,0.1466,Verified
6218,0.2182,0,0.2115,Rejected
6219,0.6428,1,0.6169,Verified
6220,0.8348,1,0.7803,Rejected
6221,0.1338,0,0.1236,Verified
6222,0.4213,0,0.4318,Rejected
6223,0.104,1,0.1038,Verified
6224,0.0001,0,0.0001,Verified
6225,0.6526,0,0.6283,Rejected
6226,0.8231,0,0.8543,Rejected
6227,0.7431,0,0.7405,Review
6228,0.2083,0,0.2163,Rejected
6229,0.5953,0,0.5408,Review
6230,0.6201,1,0.582,Verified
6231,0.6283,1,0.6539,Verified
6232,0.9286,0,0.9327,Review
6233,0.3232,0,0.2984,Rejected
6234,0.1676,0,0.1538,Rejected
6235,0.459,0,0.4198,Rejected
6236,0.17,0,0.1676,Review
6237,0.9526,1,0.9348,Verified
6238,0.0212,0,0.0207,Review
6239,0.4808,0,0.4342,Review
6240,0.385,1,0.3904,Verified
6241,0.7394,1,0.7492,Verified
6242,0.2456,0,0.2471,Rejected
6243,0.0734,0,0.0713,Rejected
6244,0.3345,1,0.3195,Review
6245,0.5856,1,0.6059,Verified
6246,0.2935,0,0.3069,Verified
6247,0.7762,1,0.7908,Verified
6248,0.969,1,0.9472,Verified
6249,0.1571,0,0.1539,Rejected
6250,0.3545,1,0.3314,Review
6251,0.9229,0,0.9584,Review
6252,0.0674,1,0.0655,Verified
6253,0.0039,0,0.0036,Review
6254,0.4631,0,0.4216,Rejected
6255,0.6319,0,0.5736,Rejected
6256,0.6394,1,0.6279,Verified
6257,0.766,1,0.7051,Review
6258,0.1555,0,0.1463,Rejected
6259,0.0297,0,0.0283,Verified
6260,0.22,1,0.2262,Verified
6261,0.0573,0,0.0523,Verified
6262,0.8367,1,0.865,Verified
6263,0.5064,0,0.5141,Review
6264,0.8594,0,0.8616,Review
6265,0.2681,0,0.2726,Rejected
6266,0.8722,1,0.8793,Rejected
6267,0.2508,0,0.2569,Rejected
6268,0.3568,1,0.3464,Review
6269,0.1779,0,0.1723,Verified
6270,0.1751,0,0.1636,Verified
6271,0.1889,1,0.1752,Rejected
6272,0.5175,1,0.4753,Rejected
6273,0.9459,0,0.907,Review
6274,0.6912,1,0.6935,Rejected
6275,0.9463,0,0.9689,Rejected
6276,0.9625,1,0.9515,Verified
6277,0.5033,0,0.4631,Verified
6278,0.7066,1,0.65,Verified
6279,0.2917,0,0.2773,Review
6280,0.3267,1,0.3002,Rejected
6281,0.7627,0,0.7376,Rejected
6282,0.5696,0,0.5531,Review
6283,0.8403,0,0.8688,Verified
6284,0.2885,1,0.2729,Review
6285,0.4543,0,0.4501,Review
6286,0.9964,1,0.9319,Rejected
6287,0.0088,0,0.0088,Rejected
6288,0.8833,0,0.8512,Verified
6289,0.8713,0,0.8344,Verified
6290,0.4465,0,0.4558,Review
6291,0.6953,0,0.6491,Review
6292,0.2175,0,0.2248,Verified
6293,0.3474,1,0.3613,Review
6294,0.1405,1,0.1271,Verified
6295,0.4308,1,0.4033,Review
6296,0.421,1,0.409,Rejected
6297,0.5006,0,0.4816,Verified
6298,0.0218,1,0.0215,Rejected
6299,0.6854,1,0.6493,Rejected
6300,0.3912,0,0.3766,Verified
6301,0.4409,1,0.4065,Verified
6302,0.3179,0,0.3064,Review
6303,0.3454,1,0.3562,Rejected
6304,0.2565,0,0.2676,Rejected
6305,0.0684,0,0.0637,Rejected
6306,0.1539,1,0.1539,Review
6307,0.7173,0,0.6527,Review
6308,0.8286,1,0.76,Verified
6309,0.7215,0,0.6605,Rejected
6310,0.8729,1,0.8884,Rejected
6311,0.1105,1,0.1123,Verified
6312,0.1543,1,0.1589,Review
6313,0.9279,1,0.8618,Rejected
6314,0.3421,0,0.3163,Verified
6315,0.8674,0,0.8671,Verified
6316,0.2319,0,0.228,Verified
6317,0.6388,1,0.6492,Review
6318,0.3149,0,0.3119,Rejected
6319,0.9978,0,0.9961,Verified
6320,0.7475,0,0.7313,Review
6321,0.1795,1,0.1781,Review
6322,0.4169,1,0.3822,Review
6323,0.9466,0,0.9879,Rejected
6324,0.9622,1,0.9819,Rejected
6325,0.8312,1,0.7766,Rejected
6326,0.4864,1,0.503,Verified
6327,0.1452,0,0.1403,Review
6328,0.0465,0,0.0427,Rejected
6329,0.7972,0,0.8045,Rejected
6330,0.0844,1,0.0872,Rejected
6331,0.4512,1,0.4637,Verified
6332,0.6947,1,0.6526,Review
6333,0.405,0,0.4025,Rejected
6334,0.084,1,0.0779,Rejected
6335,0.7918,1,0.7985,Review
6336,0.3418,0,0.3194,Rejected
6337,0.0157,0,0.0165,Rejected
6338,0.6793,0,0.652,Review
6339,0.0377,0,0.038,Rejected
6340,0.4247,0,0.3955,Verified
6341,0.0388,1,0.0396,Rejected
6342,0.4546,1,0.4488,Verified
6343,0.4421,1,0.4126,Rejected
6344,0.4067,0,0.4067,Verified
6345,0.9754,1,0.9477,Review
6346,0.955,1,0.9034,Rejected
6347,0.1463,0,0.1339,Rejected
6348,0.6625,0,0.617,Review
6349,0.6022,1,0.5992,Verified
6350,0.6052,0,0.5553,Rejected
6351,0.4899,0,0.5135,Review
6352,0.0707,0,0.0725,Review
6353,0.3584,0,0.3695,Verified
6354,0.0733,0,0.071,Review
6355,0.4038,0,0.3739,Verified
6356,0.1788,1,0.1804,Verified
6357,0.3441,1,0.3253,Review
6358,0.6624,1,0.6167,Rejected
6359,0.6228,0,0.6224,Review
6360,0.8165,0,0.8338,Verified
6361,0.7309,0,0.7291,Rejected
6362,0.7422,1,0.738,Verified
6363,0.7497,1,0.7181,Rejected
6364,0.9164,0,0.9301,Verified
6365,0.8163,1,0.8413,Verified
6366,0.2225,1,0.2013,Verified
6367,0.1416,1,0.138,Review
6368,0.5063,1,0.4709,Rejected
6369,0.6347,1,0.6306,Verified
6370,0.708,1,0.6688,Rejected
6371,0.4642,1,0.4606,Verified
6372,0.5279,1,0.5276,Review
6373,0.6786,0,0.7075,Verified
6374,0.5858,0,0.5894,Review
6375,0.9407,1,0.9115,Rejected
6376,0.0064,0,0.0063,Review
6377,0.3485,0,0.3144,Verified
6378,0.1427,0,0.1488,Verified
6379,0.7732,1,0.7141,Verified
6380,0.6389,1,0.6705,Review
6381,0.2176,1,0.1981,Review
6382,0.2986,0,0.3061,Review
6383,0.4978,0,0.497,Review
6384,0.8454,0,0.7682,Review
6385,0.9995,0,0.9596,Rejected
6386,0.5581,1,0.5849,Review
6387,0.1607,1,0.1528,Verified
6388,0.9184,1,0.9454,Rejected
6389,0.9748,1,1.0,Rejected
6390,0.9685,1,0.9287,Verified
6391,0.8902,0,0.8526,Review
6392,0.1854,1,0.1843,Rejected
6393,0.2881,0,0.2615,Rejected
6394,0.2615,1,0.2588,Verified
6395,0.9345,1,0.8581,Review
6396,0.8104,1,0.7586,Review
6397,0.8048,1,0.76,Verified
6398,0.609,1,0.6048,Verified
6399,0.423,0,0.434,Rejected
6400,0.2815,0,0.2726,Rejected
6401,0.2582,1,0.2593,Rejected
6402,0.0869,1,0.0893,Verified
6403,0.3206,0,0.3081,Review
6404,0.599,1,0.6276,Verified
6405,0.9722,1,1.0,Review
6406,0.5496,0,0.5309,Review
6407,0.8236,0,0.8239,Review
6408,0.1946,0,0.1816,Review
6409,0.6763,0,0.6845,Verified
6410,0.9157,0,0.8397,Verified
6411,0.1315,1,0.1186,Review
6412,0.0921,1,0.0892,Verified
6413,0.7157,0,0.7014,Verified
6414,0.6094,0,0.5953,Verified
6415,0.6409,1,0.6323,Review
6416,0.6218,0,0.5747,Review
6417,0.9599,1,0.9603,Verified
6418,0.9565,1,0.9515,Rejected
6419,0.7175,0,0.6494,Rejected
6420,0.3874,1,0.3897,Verified
6421,0.1187,0,0.1183,Verified
6422,0.7148,1,0.7233,Review
6423,0.7145,1,0.6597,Verified
6424,0.4796,1,0.4852,Verified
6425,0.7146,0,0.6995,Rejected
6426,0.9918,0,0.9338,Review
6427,0.9545,1,0.9604,Rejected
6428,0.6799,0,0.6143,Verified
6429,0.6043,0,0.6028,Rejected
6430,0.572,0,0.5177,Review
6431,0.5737,1,0.5509,Review
6432,0.2723,1,0.2456,Review
6433,0.9106,1,0.8289,Rejected
6434,0.3929,1,0.397,Rejected
6435,0.7484,1,0.6943,Review
6436,0.4885,0,0.4566,Verified
6437,0.6055,1,0.6352,Rejected
6438,0.9428,1,0.9317,Rejected
6439,0.3413,1,0.3363,Rejected
6440,0.3881,1,0.3901,Verified
6441,0.5935,0,0.5377,Rejected
6442,0.2324,1,0.2361,Verified
6443,0.0068,1,0.0063,Rejected
6444,0.6558,1,0.6871,Verified
6445,0.3276,0,0.323,Verified
6446,0.7755,0,0.7592,Verified
6447,0.2146,1,0.2005,Verified
6448,0.3864,0,0.3784,Rejected
6449,0.6869,1,0.6835,Rejected
6450,0.1267,1,0.1311,Review
6451,0.3685,1,0.338,Rejected
6452,0.2731,0,0.2718,Rejected
6453,0.7995,0,0.7327,Verified
6454,0.7657,1,0.7387,Verified
6455,0.0609,0,0.0585,Verified
6456,0.246,1,0.2259,Review
6457,0.5168,0,0.5141,Review
6458,0.3169,1,0.3117,Review
6459,0.8455,1,0.88,Verified
6460,0.4452,1,0.4661,Rejected
6461,0.3472,1,0.3152,Verified
6462,0.4931,0,0.4795,Review
6463,0.8066,1,0.7502,Review
6464,0.5925,1,0.619,Review
6465,0.9488,1,0.8553,Verified
6466,0.5696,1,0.5943,Rejected
6467,0.2321,0,0.2241,Rejected
6468,0.1969,0,0.1895,Rejected
6469,0.57,1,0.5889,Rejected
6470,0.3595,1,0.3341,Review
6471,0.2728,1,0.26,Rejected
6472,0.5293,1,0.5184,Verified
6473,0.6612,0,0.6553,Rejected
6474,0.9414,1,0.943,Rejected
6475,0.4952,0,0.4745,Review
6476,0.2655,1,0.2616,Review
6477,0.7661,1,0.7422,Verified
6478,0.009,1,0.0085,Review
6479,0.8764,0,0.8286,Rejected
6480,0.0539,1,0.0494,Review
6481,0.5702,0,0.595,Rejected
6482,0.3451,0,0.3301,Review
6483,0.5459,1,0.5088,Rejected
6484,0.4821,1,0.4607,Verified
6485,0.7193,0,0.7075,Review
6486,0.0951,0,0.0895,Verified
6487,0.9164,1,0.839,Rejected
6488,0.2982,0,0.2811,Verified
6489,0.5321,1,0.5531,Rejected
6490,0.2481,0,0.2503,Rejected
6491,0.9211,1,0.9561,Review
6492,0.6924,1,0.6669,Rejected
6493,0.4524,1,0.4382,Rejected
6494,0.4038,0,0.3653,Review
6495,0.8294,0,0.7514,Verified
6496,0.2089,1,0.1921,Verified
6497,0.4201,1,0.4111,Review
6498,0.7432,0,0.7118,Verified
6499,0.7381,0,0.7309,Review
6500,0.2255,1,0.2077,Rejected
6501,0.6306,1,0.5733,Verified
6502,0.8597,1,0.8071,Verified
6503,0.6442,1,0.6463,Rejected
6504,0.2217,1,0.2118,Review
6505,0.8929,0,0.8338,Rejected
6506,0.644,0,0.5898,Verified
6507,0.3231,1,0.3276,Review
6508,0.2658,0,0.2543,Verified
6509,0.6657,1,0.6926,Rejected
6510,0.9881,0,0.9057,Verified
6511,0.6845,1,0.6373,Verified
6512,0.8589,0,0.8844,Verified
6513,0.689,1,0.7115,Review
6514,0.8906,0,0.8483,Review
6515,0.6916,0,0.6861,Rejected
6516,0.8206,1,0.8083,Verified
6517,0.229,1,0.2156,Review
6518,0.9181,0,0.9549,Review
6519,0.2428,0,0.2192,Rejected
6520,0.206,1,0.2002,Verified
6521,0.154,1,0.143,Verified
6522,0.1469,0,0.1324,Rejected
6523,0.5355,0,0.5338,Rejected
6524,0.4392,1,0.3991,Verified
6525,0.834,0,0.8047,Verified
6526,0.808,1,0.7292,Rejected
6527,0.2165,0,0.2216,Verified
6528,0.3639,0,0.3432,Review
6529,0.8707,0,0.9009,Rejected
6530,0.2787,0,0.2903,Verified
6531,0.9541,0,0.9782,Verified
6532,0.6246,1,0.5677,Rejected
6533,0.5733,1,0.5447,Rejected
6534,0.9664,0,0.871,Rejected
6535,0.7519,1,0.706,Review
6536,0.1435,0,0.1307,Verified
6537,0.3077,0,0.2964,Verified
6538,0.7173,0,0.6741,Rejected
6539,0.6215,1,0.628,Review
6540,0.0145,0,0.0147,Verified
6541,0.9863,0,0.9414,Rejected
6542,0.1052,0,0.1059,Verified
6543,0.5276,1,0.5508,Verified
6544,0.0833,1,0.0754,Rejected
6545,0.6164,0,0.6303,Rejected
6546,0.0972,0,0.0895,Verified
6547,0.9825,1,0.8866,Rejected
6548,0.9902,1,1.0,Rejected
6549,0.003,0,0.0031,Review
6550,0.3507,0,0.3362,Rejected
6551,0.0695,1,0.0722,Rejected
6552,0.2981,1,0.2766,Review
6553,0.2021,1,0.2077,Review
6554,0.9047,1,0.9285,Review
6555,0.3739,0,0.3394,Review
6556,0.6625,0,0.6612,Review
6557,0.2257,1,0.2154,Rejected
6558,0.6347,0,0.6325,Review
6559,0.3227,1,0.3023,Review
6560,0.3914,0,0.3791,Rejected
6561,0.837,1,0.8135,Review
6562,0.48,1,0.4479,Verified
6563,0.3419,0,0.3316,Verified
6564,0.5893,1,0.5852,Rejected
6565,0.2605,1,0.257,Rejected
6566,0.6422,0,0.6427,Review
6567,0.6415,1,0.5849,Rejected
6568,0.1044,0,0.1071,Verified
6569,0.2257,0,0.2164,Verified
6570,0.5938,0,0.608,Rejected
6571,0.9241,0,0.9128,Review
6572,0.279,0,0.252,Rejected
6573,0.188,0,0.1731,Verified
6574,0.5434,1,0.5501,Rejected
6575,0.3127,0,0.2963,Rejected
6576,0.4889,1,0.4472,Rejected
6577,0.1879,1,0.1788,Verified
6578,0.4472,0,0.428,Rejected
6579,0.2642,1,0.2555,Verified
6580,0.3781,0,0.3591,Verified
6581,0.5604,1,0.5815,Verified
6582,0.975,1,0.9653,Rejected
6583,0.6713,1,0.6579,Review
6584,0.5775,1,0.6003,Rejected
6585,0.607,0,0.6289,Review
6586,0.5493,0,0.5209,Review
6587,0.8017,1,0.7269,Verified
6588,0.9825,1,0.9261,Rejected
6589,0.218,0,0.2042,Rejected
6590,0.721,0,0.7254,Review
6591,0.0094,1,0.009,Review
6592,0.0083,0,0.0075,Verified
6593,0.0307,1,0.032,Verified
6594,0.7115,1,0.7413,Rejected
6595,0.4287,1,0.4081,Verified
6596,0.1299,1,0.1362,Verified
6597,0.0425,0,0.0442,Rejected
6598,0.8724,0,0.7886,Review
6599,0.2237,1,0.2116,Review
6600,0.1185,1,0.1131,Verified
6601,0.8691,1,0.8233,Verified
6602,0.1822,0,0.1814,Verified
6603,0.4088,1,0.3803,Verified
6604,0.2769,1,0.2864,Review
6605,0.5128,0,0.4982,Review
6606,0.8413,1,0.8369,Review
6607,0.8016,1,0.8034,Review
6608,0.8167,0,0.7818,Rejected
6609,0.4096,0,0.427,Verified
6610,0.8222,1,0.7658,Review
6611,0.9551,1,0.9669,Verified
6612,0.4692,0,0.4293,Verified
6613,0.7031,0,0.7343,Verified
6614,0.0697,1,0.0687,Review
6615,0.5423,1,0.5112,Review
6616,0.7796,0,0.7989,Verified
6617,0.4403,1,0.4293,Review
6618,0.8536,0,0.8229,Review
6619,0.9603,0,0.9554,Review
6620,0.8336,0,0.8299,Rejected
6621,0.8842,0,0.8408,Review
6622,0.9777,1,0.8973,Review
6623,0.6083,0,0.6191,Verified
6624,0.2165,1,0.2203,Rejected
6625,0.8475,1,0.8227,Rejected
6626,0.1344,1,0.1407,Rejected
6627,0.9191,1,0.9256,Verified
6628,0.1723,0,0.1744,Rejected
6629,0.3907,0,0.3653,Verified
6630,0.9625,1,0.9015,Verified
6631,0.8511,1,0.8102,Review
6632,0.5992,0,0.6246,Review
6633,0.8568,1,0.8839,Verified
6634,0.811,1,0.8211,Rejected
6635,0.3173,0,0.3111,Rejected
6636,0.3391,0,0.3325,Verified
6637,0.3244,0,0.3006,Review
6638,0.768,0,0.7568,Rejected
6639,0.9487,1,0.9642,Review
6640,0.6467,1,0.613,Review
6641,0.0274,0,0.0255,Review
6642,0.4382,0,0.4128,Verified
6643,0.9068,0,0.9355,Verified
6644,0.3314,1,0.3091,Rejected
6645,0.7509,1,0.7004,Verified
6646,0.6845,1,0.7028,Verified
6647,0.3007,1,0.306,Verified
6648,0.8582,0,0.7816,Verified
6649,0.345,1,0.3412,Rejected
6650,0.5068,0,0.4627,Rejected
6651,0.3861,1,0.3803,Rejected
6652,0.9732,1,0.8825,Verified
6653,0.7029,1,0.7214,Verified
6654,0.954,0,0.9522,Review
6655,0.3656,1,0.3729,Verified
6656,0.3307,0,0.3377,Rejected
6657,0.1607,0,0.1491,Review
6658,0.7543,1,0.7489,Rejected
6659,0.6729,0,0.6676,Rejected
6660,0.5633,1,0.5387,Review
6661,0.1321,0,0.1196,Review
6662,0.9778,1,0.885,Verified
6663,0.9688,0,1.0,Rejected
6664,0.0774,0,0.0734,Verified
6665,0.8921,1,0.8349,Verified
6666,0.8821,0,0.8509,Verified
6667,0.5565,0,0.5437,Rejected
6668,0.863,0,0.8491,Verified
6669,0.7415,1,0.7027,Verified
6670,0.6946,0,0.6459,Verified
6671,0.8308,1,0.8142,Verified
6672,0.1235,1,0.1159,Verified
6673,0.362,0,0.3728,Rejected
6674,0.7846,0,0.7574,Rejected
6675,0.5726,0,0.5975,Verified
6676,0.1829,1,0.1783,Review
6677,0.5353,0,0.4828,Rejected
6678,0.5245,0,0.4759,Verified
6679,0.895,0,0.879,Verified
6680,0.3088,1,0.3162,Rejected
6681,0.4944,0,0.5085,Review
6682,0.8282,0,0.8491,Review
6683,0.5222,0,0.5441,Rejected
6684,0.3851,0,0.3786,Review
6685,0.1365,0,0.1371,Verified
6686,0.1123,1,0.1117,Review
6687,0.7493,1,0.6788,Review
6688,0.511,0,0.518,Rejected
6689,0.9088,1,0.9461,Review
6690,0.2186,0,0.2074,Rejected
6691,0.0682,1,0.0655,Verified
6692,0.8055,0,0.7593,Verified
6693,0.8299,1,0.7843,Verified
6694,0.2832,0,0.2929,Verified
6695,0.4022,1,0.4068,Rejected
6696,0.1187,1,0.1104,Rejected
6697,0.2539,1,0.2567,Rejected
6698,0.4348,1,0.4519,Verified
6699,0.0456,0,0.0469,Verified
6700,0.3743,1,0.3669,Rejected
6701,0.8107,0,0.8364,Review
6702,0.2032,1,0.1877,Rejected
6703,0.5488,1,0.5744,Review
6704,0.5129,0,0.5355,Verified
6705,0.2423,0,0.2371,Review
6706,0.2007,1,0.1985,Rejected
6707,0.8725,0,0.8135,Verified
6708,0.3674,1,0.3374,Verified
6709,0.2591,1,0.2525,Rejected
6710,0.7034,1,0.6884,Verified
6711,0.6443,0,0.583,Rejected
6712,0.0337,1,0.0346,Rejected
6713,0.9738,0,0.8986,Rejected
6714,0.6509,0,0.6567,Review
6715,0.9367,0,0.9434,Rejected
6716,0.3146,1,0.3248,Review
6717,0.6297,0,0.592,Review
6718,0.1512,1,0.1482,Rejected
6719,0.4719,0,0.4865,Review
6720,0.4866,0,0.4712,Review
6721,0.6856,1,0.7013,Review
6722,0.885,0,0.818,Rejected
6723,0.3462,1,0.3286,Rejected
6724,0.5118,0,0.479,Review
6725,0.5307,1,0.4901,Review
6726,0.9466,1,0.9245,Review
6727,0.129,0,0.1232,Rejected
6728,0.3118,0,0.3226,Review
6729,0.3462,1,0.3601,Rejected
6730,0.6064,1,0.6048,Verified
6731,0.0144,1,0.0137,Rejected
6732,0.0774,0,0.0699,Review
6733,0.5943,1,0.5715,Review
6734,0.3996,1,0.3656,Rejected
6735,0.0459,1,0.0475,Review
6736,0.3497,0,0.3666,Review
6737,0.2464,1,0.2219,Rejected
6738,0.317,0,0.3213,Review
6739,0.3105,1,0.3221,Rejected
6740,0.4808,0,0.4819,Review
6741,0.2401,1,0.2502,Rejected
6742,0.7478,0,0.7409,Rejected
6743,0.9095,0,0.8361,Rejected
6744,0.0275,0,0.0269,Review
6745,0.815,0,0.854,Review
6746,0.7681,0,0.7375,Verified
6747,0.3622,1,0.3723,Rejected
6748,0.6042,0,0.5947,Rejected
6749,0.7129,1,0.6878,Review
6750,0.5198,1,0.4701,Verified
6751,0.482,1,0.4523,Rejected
6752,0.7737,0,0.7752,Rejected
6753,0.031,1,0.0294,Rejected
6754,0.3491,0,0.3271,Rejected
6755,0.585,0,0.5396,Rejected
6756,0.371,0,0.3467,Verified
6757,0.5601,0,0.5152,Verified
6758,0.8479,1,0.8833,Review
6759,0.103,0,0.1009,Review
6760,0.3706,0,0.3412,Verified
6761,0.9782,1,0.9198,Review
6762,0.9771,1,0.8832,Review
6763,0.9173,1,0.9277,Rejected
6764,0.7256,1,0.7372,Verified
6765,0.6937,0,0.6893,Verified
6766,0.2479,0,0.2249,Verified
6767,0.7307,1,0.7625,Verified
6768,0.7508,0,0.7475,Verified
6769,0.2782,1,0.277,Verified
6770,0.3844,1,0.398,Review
6771,0.6709,1,0.6866,Verified
6772,0.6383,0,0.5948,Verified
6773,0.7665,0,0.7803,Rejected
6774,0.3174,1,0.3061,Rejected
6775,0.6624,0,0.5994,Rejected
6776,0.1373,1,0.1294,Review
6777,0.6504,1,0.6025,Verified
6778,0.5931,1,0.6136,Review
6779,0.1502,1,0.1468,Verified
6780,0.1164,1,0.1152,Verified
6781,0.3147,0,0.3111,Verified
6782,0.9578,1,0.942,Rejected
6783,0.0498,1,0.052,Review
6784,0.7119,0,0.6922,Verified
6785,0.0822,1,0.0799,Verified
6786,0.0085,1,0.0083,Verified
6787,0.4758,1,0.4993,Rejected
6788,0.1361,1,0.1401,Rejected
6789,0.7369,1,0.7323,Rejected
6790,0.6714,1,0.6275,Rejected
6791,0.5004,1,0.478,Review
6792,0.8659,1,0.8106,Verified
6793,0.6966,1,0.662,Review
6794,0.4026,1,0.378,Verified
6795,0.0904,0,0.0916,Review
6796,0.9474,0,0.9903,Review
6797,0.0288,0,0.0294,Rejected
6798,0.118,0,0.1066,Verified
6799,0.919,1,0.8886,Rejected
6800,0.2921,1,0.2962,Rejected
6801,0.8832,0,0.8767,Review
6802,0.0966,0,0.096,Verified
6803,0.2442,1,0.2468,Verified
6804,0.0802,1,0.0824,Rejected
6805,0.3137,1,0.3265,Verified
6806,0.2393,1,0.2366,Rejected
6807,0.518,1,0.4895,Review
6808,0.3035,1,0.2737,Verified
6809,0.5428,1,0.5487,Rejected
6810,0.5494,1,0.4997,Verified
6811,0.6354,0,0.6482,Verified
6812,0.2176,0,0.2161,Verified
6813,0.5379,0,0.5632,Review
6814,0.755,0,0.7742,Verified
6815,0.7291,0,0.6826,Rejected
6816,0.2443,0,0.2317,Verified
6817,0.9684,1,0.9127,Rejected
6818,0.7214,1,0.7394,Review
6819,0.3611,0,0.3669,Review
6820,0.5017,0,0.522,Review
6821,0.1226,1,0.128,Review
6822,0.6942,0,0.7266,Verified
6823,0.0052,0,0.0054,Review
6824,0.7829,0,0.8063,Review
6825,0.1045,1,0.0993,Rejected
6826,0.4697,1,0.4884,Verified
6827,0.5991,1,0.5668,Review
6828,0.4975,1,0.4596,Verified
6829,0.9163,0,0.8301,Verified
6830,0.0369,1,0.0372,Verified
6831,0.5687,0,0.5612,Review
6832,0.1301,1,0.1352,Verified
6833,0.5305,1,0.4899,Rejected
6834,0.3093,1,0.3003,Review
6835,0.3873,0,0.386,Review
6836,0.4088,1,0.4211,Verified
6837,0.3108,1,0.3172,Verified
6838,0.8382,1,0.8549,Rejected
6839,0.0958,1,0.0964,Rejected
6840,0.4797,1,0.4398,Verified
6841,0.4785,0,0.4952,Review
6842,0.1574,1,0.1579,Rejected
6843,0.277,0,0.2644,Rejected
6844,0.2968,1,0.2885,Rejected
6845,0.1347,0,0.1379,Rejected
6846,0.1509,0,0.1579,Rejected
6847,0.5717,0,0.5154,Review
6848,0.8173,1,0.8411,Rejected
6849,0.1378,0,0.1408,Verified
6850,0.2614,0,0.257,Verified
6851,0.2597,1,0.2352,Review
6852,0.7578,1,0.7472,Review
6853,0.3393,0,0.3396,Rejected
6854,0.4672,0,0.445,Review
6855,0.7918,1,0.7378,Rejected
6856,0.8532,1,0.7801,Rejected
6857,0.5162,0,0.5401,Verified
6858,0.2742,1,0.282,Review
6859,0.6993,0,0.724,Verified
6860,0.4616,1,0.4253,Rejected
6861,0.2496,1,0.2543,Rejected
6862,0.4677,0,0.4701,Verified
6863,0.7295,1,0.7031,Review
6864,0.9535,1,0.863,Rejected
6865,0.8645,1,0.8049,Verified
6866,0.4855,0,0.4711,Rejected
6867,0.3538,0,0.3403,Review
6868,0.9514,0,0.91,Rejected
6869,0.548,1,0.5378,Review
6870,0.1089,1,0.1037,Rejected
6871,0.2657,1,0.2406,Review
6872,0.6594,0,0.6291,Review
6873,0.116,0,0.1156,Review
6874,0.6712,0,0.6626,Verified
6875,0.0458,1,0.045,Review
6876,0.6028,0,0.5672,Rejected
6877,0.9312,1,0.9261,Rejected
6878,0.2887,1,0.2748,Review
6879,0.5159,0,0.5117,Review
6880,0.1815,1,0.1715,Review
6881,0.5176,1,0.5071,Rejected
6882,0.4001,0,0.3731,Review
6883,0.6272,0,0.5794,Verified
6884,0.2446,0,0.2267,Rejected
6885,0.6295,0,0.6287,Review
6886,0.1472,1,0.1444,Review
6887,0.7733,0,0.7929,Review
6888,0.2096,0,0.207,Rejected
6889,0.4618,1,0.4307,Review
6890,0.7485,1,0.756,Verified
6891,0.1332,0,0.1213,Review
6892,0.6563,1,0.6314,Rejected
6893,0.3891,0,0.3912,Review
6894,0.8589,1,0.8457,Rejected
6895,0.2857,1,0.2708,Review
6896,0.6494,1,0.6557,Rejected
6897,0.2665,0,0.2786,Verified
6898,0.5036,0,0.5017,Review
6899,0.8767,0,0.9113,Verified
6900,0.3105,0,0.2949,Rejected
6901,0.3954,0,0.3711,Review
6902,0.2809,0,0.2631,Review
6903,0.0556,0,0.0511,Rejected
6904,0.2007,1,0.2074,Rejected
6905,0.594,1,0.5824,Verified
6906,0.1769,0,0.1615,Rejected
6907,0.2,0,0.2019,Review
6908,0.4961,1,0.5067,Verified
6909,0.9232,1,0.8718,Verified
6910,0.3512,1,0.3506,Rejected
6911,0.7585,0,0.6962,Review
6912,0.7915,1,0.7384,Verified
6913,0.313,0,0.2917,Review
6914,0.4046,0,0.4174,Review
6915,0.3248,0,0.3327,Verified
6916,0.5887,0,0.6089,Verified
6917,0.4367,0,0.4338,Review
6918,0.6318,1,0.5965,Rejected
6919,0.57,0,0.5436,Verified
6920,0.7062,0,0.6761,Rejected
6921,0.8486,0,0.8379,Review
6922,0.4354,1,0.4252,Verified
6923,0.305,1,0.297,Verified
6924,0.4011,0,0.3631,Rejected
6925,0.9389,0,0.8513,Review
6926,0.0577,1,0.0575,Review
6927,0.5409,1,0.5557,Review
6928,0.1142,1,0.1166,Review
6929,0.4459,0,0.4035,Verified
6930,0.5415,1,0.5631,Rejected
6931,0.5805,0,0.5846,Rejected
6932,0.1141,0,0.111,Rejected
6933,0.8804,0,0.8308,Rejected
6934,0.3425,1,0.3113,Review
6935,0.3486,0,0.3366,Verified
6936,0.5203,0,0.5074,Review
6937,0.9967,1,0.959,Verified
6938,0.6542,1,0.6462,Verified
6939,0.9091,1,0.9084,Verified
6940,0.2472,1,0.2583,Rejected
6941,0.5835,0,0.5939,Rejected
6942,0.7254,0,0.7193,Review
6943,0.1087,1,0.1139,Verified
6944,0.3002,1,0.3134,Review
6945,0.1615,1,0.1636,Verified
6946,0.312,1,0.3069,Verified
6947,0.9521,1,0.9628,Verified
6948,0.8024,1,0.7867,Review
6949,0.8571,0,0.797,Verified
6950,0.9241,0,0.8794,Verified
6951,0.2177,1,0.2025,Review
6952,0.249,0,0.2464,Review
6953,0.8805,0,0.8463,Rejected
6954,0.5874,1,0.6073,Review
6955,0.2026,1,0.2071,Verified
6956,0.1634,1,0.1576,Rejected
6957,0.1351,1,0.1307,Review
6958,0.2269,1,0.215,Review
6959,0.2632,1,0.2469,Verified
6960,0.1317,0,0.1324,Review
6961,0.6841,1,0.6534,Rejected
6962,0.2633,0,0.2422,Rejected
6963,0.8288,0,0.8331,Review
6964,0.2614,0,0.2615,Review
6965,0.0737,0,0.074,Verified
6966,0.9488,1,0.9161,Review
6967,0.6457,0,0.5933,Review
6968,0.2756,0,0.2771,Rejected
6969,0.2809,1,0.2881,Rejected
6970,0.1826,1,0.1897,Rejected
6971,0.8668,1,0.8596,Rejected
6972,0.4905,1,0.4884,Rejected
6973,0.5714,0,0.5644,Review
6974,0.1338,0,0.1318,Rejected
6975,0.2252,1,0.216,Review
6976,0.4609,1,0.4301,Rejected
6977,0.497,0,0.4889,Review
6978,0.77,0,0.795,Rejected
6979,0.1314,0,0.1261,Rejected
6980,0.1263,1,0.1205,Verified
6981,0.1533,1,0.1544,Rejected
6982,0.8593,0,0.8492,Rejected
6983,0.7617,1,0.7384,Verified
6984,0.6091,1,0.6317,Review
6985,0.3717,1,0.3564,Review
6986,0.662,0,0.5986,Rejected
6987,0.8103,0,0.7361,Verified
6988,0.7399,0,0.6764,Review
6989,0.2375,1,0.2458,Review
6990,0.5579,1,0.5498,Rejected
6991,0.4855,1,0.482,Rejected
6992,0.703,0,0.6778,Review
6993,0.3755,1,0.3391,Rejected
6994,0.8279,0,0.7452,Verified
6995,0.2659,1,0.2701,Verified
6996,0.4606,0,0.4556,Rejected
6997,0.3754,1,0.3772,Verified
6998,0.3361,1,0.3494,Verified
6999,0.4054,1,0.3723,Verified
7000,0.0167,0,0.0155,Verified
7001,0.2697,0,0.279,Review
7002,0.4998,1,0.4801,Rejected
7003,0.1769,1,0.16,Review
7004,0.1456,0,0.1409,Verified
7005,0.1174,1,0.1138,Review
7006,0.5024,0,0.4914,Verified
7007,0.1279,1,0.1222,Verified
7008,0.4417,0,0.4613,Rejected
7009,0.0373,0,0.0368,Rejected
7010,0.0389,0,0.0387,Review
7011,0.0126,1,0.0118,Rejected
7012,0.2231,0,0.2163,Review
7013,0.2605,0,0.2461,Review
7014,0.962,1,0.9246,Review
7015,0.2163,0,0.2118,Review
7016,0.6877,0,0.6827,Rejected
7017,0.0611,1,0.0553,Review
7018,0.0018,0,0.0018,Rejected
7019,0.4908,1,0.451,Rejected
7020,0.8441,0,0.8682,Verified
7021,0.727,1,0.6726,Review
7022,0.0894,1,0.0905,Review
7023,0.2381,0,0.2271,Rejected
7024,0.2548,1,0.2572,Rejected
7025,0.5868,1,0.5596,Verified
7026,0.4657,0,0.4563,Verified
7027,0.9904,1,0.9161,Review
7028,0.707,0,0.6841,Verified
7029,0.8202,1,0.7907,Verified
7030,0.2777,1,0.2859,Rejected
7031,0.2681,0,0.257,Rejected
7032,0.7368,1,0.7707,Rejected
7033,0.6336,0,0.6075,Rejected
7034,0.4357,0,0.4376,Rejected
7035,0.477,0,0.4456,Verified
7036,0.2122,0,0.2037,Review
7037,0.6079,1,0.6062,Review
7038,0.2032,1,0.1973,Verified
7039,0.3872,1,0.3982,Review
7040,0.7127,1,0.6593,Review
7041,0.0214,1,0.0201,Rejected
7042,0.4106,1,0.4138,Verified
7043,0.2984,0,0.2725,Verified
7044,0.8974,1,0.8142,Review
7045,0.2972,1,0.2791,Verified
7046,0.3118,0,0.3146,Review
7047,0.8182,0,0.857,Review
7048,0.1254,0,0.1233,Verified
7049,0.4029,0,0.3779,Review
7050,0.8909,0,0.9118,Review
7051,0.9909,1,0.9051,Review
7052,0.428,0,0.4311,Rejected
7053,0.0406,0,0.0405,Review
7054,0.6681,0,0.617,Review
7055,0.2634,0,0.2609,Verified
7056,0.684,0,0.6311,Verified
7057,0.2684,0,0.2632,Verified
7058,0.9909,1,0.8994,Verified
7059,0.6645,1,0.6195,Review
7060,0.2142,1,0.2089,Rejected
7061,0.5832,1,0.5539,Verified
7062,0.6397,0,0.6097,Rejected
7063,0.7157,1,0.7209,Review
7064,0.813,0,0.7989,Rejected
7065,0.0665,0,0.0625,Review
7066,0.1169,0,0.1088,Review
7067,0.2775,1,0.2852,Review
7068,0.899,0,0.8984,Review
7069,0.4008,0,0.4076,Review
7070,0.6238,1,0.6365,Verified
7071,0.0893,0,0.0873,Review
7072,0.5086,0,0.5246,Rejected
7073,0.6968,0,0.6279,Review
7074,0.663,0,0.6663,Review
7075,0.9356,0,0.9765,Review
7076,0.4655,0,0.4563,Rejected
7077,0.8033,1,0.7487,Rejected
7078,0.9115,1,0.8543,Review
7079,0.874,1,0.8363,Verified
7080,0.7894,0,0.801,Review
7081,0.5332,0,0.5072,Verified
7082,0.4228,1,0.4183,Rejected
7083,0.0925,0,0.0881,Review
7084,0.6767,1,0.6859,Rejected
7085,0.9516,0,0.9962,Rejected
7086,0.2133,0,0.2081,Verified
7087,0.6809,0,0.6332,Review
7088,0.7239,0,0.7478,Rejected
7089,0.9292,0,0.9158,Rejected
7090,0.1181,1,0.1201,Rejected
7091,0.6769,0,0.6399,Rejected
7092,0.3399,0,0.3096,Review
7093,0.9843,1,1.0,Verified
7094,0.4091,1,0.3706,Verified
7095,0.876,1,0.8819,Review
7096,0.7693,1,0.7034,Verified
7097,0.1201,0,0.1176,Review
7098,0.609,0,0.5621,Verified
7099,0.934,0,0.9558,Review
7100,0.8284,1,0.839,Review
7101,0.8991,0,0.8467,Verified
7102,0.9097,1,0.9022,Review
7103,0.4813,1,0.4811,Verified
7104,0.125,1,0.1189,Verified
7105,0.5006,0,0.4702,Review
7106,0.3594,1,0.3625,Rejected
7107,0.1872,0,0.1749,Rejected
7108,0.8409,1,0.7689,Rejected
7109,0.191,0,0.18,Review
7110,0.2023,1,0.1919,Verified
7111,0.2514,1,0.2288,Verified
7112,0.0225,0,0.0219,Verified
7113,0.8305,1,0.7752,Review
7114,0.592,0,0.6162,Verified
7115,0.5177,0,0.4714,Review
7116,0.7507,1,0.7005,Verified
7117,0.8551,0,0.8521,Verified
7118,0.931,1,0.94,Verified
7119,0.8727,0,0.8447,Verified
7120,0.6196,0,0.5831,Verified
7121,0.7913,1,0.8167,Review
7122,0.5685,0,0.5808,Review
7123,0.9276,0,0.8937,Verified
7124,0.4139,0,0.4245,Review
7125,0.4407,1,0.4011,Review
7126,0.5999,0,0.5589,Verified
7127,0.5785,0,0.5376,Review
7128,0.3695,1,0.339,Review
7129,0.1787,0,0.1827,Review
7130,0.0472,0,0.047,Review
7131,0.4323,1,0.4394,Review
7132,0.5958,1,0.5407,Rejected
7133,0.4526,0,0.4148,Rejected
7134,0.1508,1,0.144,Review
7135,0.9056,1,0.8182,Review
7136,0.137,0,0.1323,Review
7137,0.5291,1,0.5289,Review
7138,0.4376,1,0.4056,Verified
7139,0.0969,1,0.0896,Rejected
7140,0.8214,0,0.8184,Verified
7141,0.1101,1,0.1027,Rejected
7142,0.9157,0,0.9387,Verified
7143,0.2975,1,0.2913,Rejected
7144,0.382,0,0.3521,Review
7145,0.7266,1,0.7334,Review
7146,0.7159,1,0.7159,Rejected
7147,0.1765,0,0.165,Verified
7148,0.1174,0,0.1151,Verified
7149,0.4569,1,0.4181,Rejected
7150,0.119,1,0.1225,Review
7151,0.4126,1,0.3953,Review
7152,0.819,0,0.8357,Verified
7153,0.5365,0,0.4844,Verified
7154,0.2961,0,0.2895,Review
7155,0.9236,1,0.9161,Rejected
7156,0.0118,0,0.011,Rejected
7157,0.4898,1,0.468,Rejected
7158,0.0179,0,0.0174,Review
7159,0.8461,1,0.7917,Review
7160,0.8546,0,0.7856,Review
7161,0.2808,0,0.2722,Review
7162,0.1119,1,0.1127,Review
7163,0.3433,0,0.3462,Verified
7164,0.8333,1,0.8104,Verified
7165,0.8849,0,0.8543,Review
7166,0.5188,0,0.4853,Verified
7167,0.2481,1,0.2397,Verified
7168,0.3601,0,0.3757,Review
7169,0.3347,0,0.3185,Rejected
7170,0.248,0,0.2462,Review
7171,0.6976,1,0.6988,Verified
7172,0.5479,0,0.5561,Verified
7173,0.3566,1,0.3716,Rejected
7174,0.2343,0,0.2427,Verified
7175,0.0638,0,0.0578,Review
7176,0.7463,0,0.7267,Verified
7177,0.8701,0,0.7875,Verified
7178,0.5053,1,0.525,Review
7179,0.638,0,0.6057,Review
7180,0.8502,0,0.8561,Verified
7181,0.0323,0,0.0317,Rejected
7182,0.0288,1,0.029,Review
7183,0.051,0,0.0498,Review
7184,0.9093,1,0.9329,Rejected
7185,0.7747,0,0.7026,Rejected
7186,0.9436,0,0.904,Verified
7187,0.1336,1,0.1345,Review
7188,0.7959,1,0.7647,Review
7189,0.5846,0,0.6113,Review
7190,0.885,1,0.8003,Review
7191,0.1251,1,0.1164,Rejected
7192,0.3464,0,0.3518,Verified
7193,0.0141,0,0.0138,Rejected
7194,0.201,0,0.1885,Verified
7195,0.8381,0,0.8792,Rejected
7196,0.684,0,0.6781,Verified
7197,0.4924,0,0.4779,Verified
7198,0.4422,1,0.4385,Rejected
7199,0.7904,0,0.7732,Verified
7200,0.7004,0,0.6554,Verified
7201,0.6858,1,0.6387,Rejected
7202,0.4141,0,0.4075,Verified
7203,0.4385,0,0.4553,Verified
7204,0.888,1,0.801,Review
7205,0.2029,0,0.2051,Rejected
7206,0.2264,1,0.2326,Review
7207,0.8147,1,0.7489,Review
7208,0.6754,1,0.6647,Rejected
7209,0.0701,0,0.0635,Rejected
7210,0.977,1,0.9587,Rejected
7211,0.5142,0,0.4764,Review
7212,0.1255,1,0.1264,Review
7213,0.3767,0,0.3789,Rejected
7214,0.6861,0,0.6635,Review
7215,0.9521,0,0.9545,Review
7216,0.3455,1,0.3499,Review
7217,0.8872,0,0.8942,Verified
7218,0.6705,1,0.6521,Review
7219,0.4779,1,0.5016,Rejected
7220,0.1142,0,0.1129,Verified
7221,0.5173,0,0.5089,Review
7222,0.0117,1,0.0109,Review
7223,0.9191,1,0.9481,Review
7224,0.9403,0,0.9361,Rejected
7225,0.5778,1,0.5206,Verified
7226,0.3568,0,0.3521,Rejected
7227,0.2636,0,0.2656,Rejected
7228,0.6694,0,0.6106,Verified
7229,0.3651,1,0.3689,Review
7230,0.5774,0,0.5368,Verified
7231,0.1452,0,0.1346,Verified
7232,0.6195,0,0.6108,Review
7233,0.2734,1,0.2675,Rejected
7234,0.1035,1,0.1077,Rejected
7235,0.7236,0,0.6956,Rejected
7236,0.4033,1,0.4106,Review
7237,0.915,0,0.8882,Rejected
7238,0.5384,0,0.5337,Review
7239,0.7479,0,0.6933,Verified
7240,0.8093,1,0.7701,Review
7241,0.2034,1,0.1874,Review
7242,0.2977,0,0.3098,Rejected
7243,0.8033,1,0.8016,Review
7244,0.3492,0,0.3284,Verified
7245,0.5626,0,0.5091,Verified
7246,0.3916,0,0.3702,Review
7247,0.0952,1,0.0972,Review
7248,0.8965,0,0.81,Review
7249,0.3055,0,0.309,Rejected
7250,0.0103,1,0.0105,Rejected
7251,0.8121,0,0.8259,Verified
7252,0.9735,0,0.926,Verified
7253,0.8372,0,0.7668,Review
7254,0.2111,1,0.2043,Rejected
7255,0.8785,1,0.8565,Verified
7256,0.4751,1,0.473,Review
7257,0.1002,1,0.0909,Rejected
7258,0.3151,0,0.3065,Review
7259,0.8128,1,0.8107,Verified
7260,0.412,0,0.4056,Rejected
7261,0.2233,0,0.2142,Review
7262,0.6671,1,0.6069,Rejected
7263,0.6632,1,0.6112,Review
7264,0.771,0,0.7014,Verified
7265,0.2096,1,0.1964,Verified
7266,0.0371,1,0.0338,Rejected
7267,0.1246,0,0.1306,Rejected
7268,0.1025,0,0.1031,Rejected
7269,0.2473,1,0.2528,Rejected
7270,0.5901,1,0.5677,Review
7271,0.5224,0,0.4764,Verified
7272,0.2951,0,0.3065,Review
7273,0.5215,1,0.4815,Review
7274,0.1086,0,0.1103,Review
7275,0.5557,0,0.5652,Verified
7276,0.1951,1,0.2031,Verified
7277,0.1173,0,0.1134,Rejected
7278,0.1966,1,0.1998,Verified
7279,0.1945,1,0.1894,Review
7280,0.4364,0,0.4143,Verified
7281,0.2812,1,0.2764,Verified
7282,0.114,0,0.1099,Rejected
7283,0.6674,1,0.6219,Rejected
7284,0.7422,1,0.7234,Rejected
7285,0.1308,1,0.1369,Verified
7286,0.3113,0,0.2897,Review
7287,0.3026,0,0.2808,Review
7288,0.8427,0,0.768,Verified
7289,0.0217,1,0.0202,Verified
7290,0.4919,1,0.4731,Rejected
7291,0.2456,0,0.2434,Verified
7292,0.9243,1,0.8728,Review
7293,0.0174,1,0.0164,Review
7294,0.9969,0,0.943,Review
7295,0.2337,0,0.2411,Review
7296,0.2135,0,0.2008,Rejected
7297,0.3021,0,0.2993,Rejected
7298,0.9222,1,0.914,Review
7299,0.709,1,0.6397,Rejected
7300,0.4738,0,0.4924,Verified
7301,0.1351,1,0.1399,Review
7302,0.0255,1,0.0239,Verified
7303,0.3348,0,0.3251,Verified
7304,0.0537,0,0.0521,Review
7305,0.3482,0,0.3303,Rejected
7306,0.4473,0,0.4217,Review
7307,0.7682,1,0.6982,Rejected
7308,0.4208,1,0.4128,Review
7309,0.6393,1,0.6224,Rejected
7310,0.5574,0,0.5017,Rejected
7311,0.2462,1,0.2429,Review
7312,0.4041,0,0.3823,Verified
7313,0.0827,1,0.0853,Verified
7314,0.7863,1,0.7718,Verified
7315,0.9179,1,0.8665,Rejected
7316,0.6817,0,0.6348,Verified
7317,0.7682,1,0.7922,Rejected
7318,0.3308,0,0.312,Rejected
7319,0.1283,1,0.1344,Rejected
7320,0.2402,0,0.2379,Review
7321,0.0747,1,0.0683,Review
7322,0.6096,1,0.6023,Rejected
7323,0.3431,1,0.3597,Verified
7324,0.5104,0,0.5339,Rejected
7325,0.084,0,0.0862,Rejected
7326,0.0192,0,0.0178,Review
7327,0.055,1,0.0512,Review
7328,0.7339,0,0.687,Verified
7329,0.0896,1,0.0914,Rejected
7330,0.4249,1,0.3969,Rejected
7331,0.031,1,0.0314,Rejected
7332,0.7328,1,0.7074,Verified
7333,0.416,1,0.4302,Review
7334,0.2252,1,0.2261,Rejected
7335,0.17,0,0.1574,Rejected
7336,0.3073,1,0.3085,Verified
7337,0.2909,1,0.2729,Review
7338,0.0459,1,0.045,Review
7339,0.4815,0,0.4795,Rejected
7340,0.4051,0,0.4247,Verified
7341,0.9059,1,0.833,Verified
7342,0.8634,1,0.834,Review
7343,0.8097,1,0.778,Rejected
7344,0.4945,1,0.4857,Rejected
7345,0.4562,0,0.4707,Rejected
7346,0.4149,1,0.3862,Rejected
7347,0.8381,1,0.8206,Verified
7348,0.065,1,0.0621,Review
7349,0.0245,0,0.0229,Verified
7350,0.081,0,0.0778,Verified
7351,0.9336,1,0.9448,Verified
7352,0.0376,1,0.0391,Review
7353,0.6361,1,0.6274,Rejected
7354,0.2866,1,0.2643,Verified
7355,0.1578,1,0.1548,Verified
7356,0.7688,1,0.7423,Review
7357,0.0277,1,0.0283,Verified
7358,0.542,1,0.5343,Verified
7359,0.313,0,0.3235,Review
7360,0.8488,1,0.7828,Rejected
7361,0.2234,0,0.2321,Verified
7362,0.4142,0,0.4243,Review
7363,0.361,0,0.3474,Verified
7364,0.3648,0,0.3613,Review
7365,0.6124,1,0.5542,Rejected
7366,0.6177,1,0.5569,Review
7367,0.0308,1,0.0283,Verified
7368,0.5077,1,0.462,Review
7369,0.0706,0,0.0699,Verified
7370,0.5454,0,0.5002,Review
7371,0.8018,0,0.8366,Review
7372,0.8227,0,0.7445,Rejected
7373,0.7325,1,0.6974,Verified
7374,0.0085,1,0.0078,Verified
7375,0.1569,1,0.1622,Verified
7376,0.5531,1,0.5744,Verified
7377,0.8834,1,0.8857,Review
7378,0.2707,0,0.252,Review
7379,0.5634,0,0.591,Review
7380,0.2336,0,0.2167,Verified
7381,0.5905,1,0.6138,Rejected
7382,0.2425,0,0.2431,Rejected
7383,0.6493,0,0.5914,Rejected
7384,0.0121,0,0.011,Rejected
7385,0.4018,1,0.3881,Verified
7386,0.9086,0,0.8667,Review
7387,0.2407,0,0.2225,Verified
7388,0.2686,1,0.2735,Rejected
7389,0.0856,1,0.0811,Review
7390,0.3652,0,0.342,Verified
7391,0.5982,1,0.5885,Rejected
7392,0.779,0,0.7562,Verified
7393,0.2895,1,0.2686,Rejected
7394,0.0517,1,0.0537,Rejected
7395,0.8845,0,0.834,Review
7396,0.9803,1,0.9783,Verified
7397,0.3729,1,0.3561,Verified
7398,0.9579,1,0.8935,Rejected
7399,0.5897,0,0.5897,Verified
7400,0.5541,1,0.5047,Verified
7401,0.4113,0,0.3903,Rejected
7402,0.1932,0,0.1903,Rejected
7403,0.8496,1,0.8265,Rejected
7404,0.9133,0,0.8289,Verified
7405,0.0479,0,0.0491,Rejected
7406,0.1343,1,0.1394,Review
7407,0.201,0,0.1812,Rejected
7408,0.0555,1,0.0531,Verified
7409,0.9059,0,0.9325,Review
7410,0.1267,0,0.1319,Rejected
7411,0.2725,0,0.2796,Verified
7412,0.4937,0,0.4655,Review
7413,0.925,0,0.8971,Review
7414,0.0525,1,0.0512,Review
7415,0.6266,1,0.5797,Rejected
7416,0.2626,0,0.2569,Review
7417,0.9865,0,0.9562,Review
7418,0.7546,1,0.7918,Verified
7419,0.1454,1,0.1515,Verified
7420,0.6582,0,0.6834,Verified
7421,0.3012,0,0.2812,Review
7422,0.9035,0,0.8731,Rejected
7423,0.236,1,0.2286,Review
7424,0.701,1,0.6786,Verified
7425,0.4651,1,0.4875,Verified
7426,0.0563,0,0.0582,Rejected
7427,0.5497,0,0.5165,Rejected
7428,0.6794,1,0.6435,Review
7429,0.8903,0,0.8053,Review
7430,0.2781,0,0.2669,Rejected
7431,0.3091,0,0.2981,Verified
7432,0.175,0,0.1595,Rejected
7433,0.7632,1,0.7938,Rejected
7434,0.4393,0,0.405,Review
7435,0.5579,0,0.5508,Rejected
7436,0.9643,1,0.9016,Review
7437,0.3734,1,0.3712,Rejected
7438,0.81,1,0.7564,Review
7439,0.4573,0,0.4171,Verified
7440,0.4128,0,0.3855,Rejected
7441,0.5632,1,0.5621,Review
7442,0.3698,0,0.3682,Rejected
7443,0.4186,1,0.4,Verified
7444,0.9381,0,0.8533,Review
7445,0.2553,0,0.2461,Review
7446,0.623,1,0.6397,Verified
7447,0.8352,0,0.7719,Review
7448,0.9706,1,0.9544,Verified
7449,0.8062,1,0.7298,Verified
7450,0.5586,0,0.5385,Verified
7451,0.011,1,0.011,Rejected
7452,0.0132,0,0.012,Verified
7453,0.9309,1,0.9742,Review
7454,0.9158,0,0.8543,Review
7455,0.0377,0,0.0356,Rejected
7456,0.2318,1,0.2434,Rejected
7457,0.4982,1,0.4485,Review
7458,0.3148,1,0.302,Rejected
7459,0.0272,1,0.0245,Verified
7460,0.5466,1,0.5731,Review
7461,0.349,0,0.3424,Rejected
7462,0.8556,1,0.8728,Verified
7463,0.5565,1,0.5463,Verified
7464,0.9258,0,0.9707,Rejected
7465,0.6147,1,0.5939,Review
7466,0.7024,0,0.7179,Rejected
7467,0.6075,1,0.6325,Verified
7468,0.179,1,0.1661,Verified
7469,0.2073,0,0.2012,Verified
7470,0.8125,1,0.8137,Rejected
7471,0.3104,0,0.3047,Rejected
7472,0.0917,1,0.0862,Verified
7473,0.9618,0,0.9387,Verified
7474,0.636,0,0.6138,Rejected
7475,0.9948,0,0.9061,Review
7476,0.6268,1,0.5676,Rejected
7477,0.5168,0,0.5047,Review
7478,0.0849,1,0.0801,Verified
7479,0.9656,1,0.9899,Rejected
7480,0.2707,0,0.2808,Verified
7481,0.1425,0,0.1306,Review
7482,0.9647,1,0.9657,Review
7483,0.1858,0,0.1792,Review
7484,0.4258,1,0.4398,Rejected
7485,0.8263,1,0.7532,Review
7486,0.2736,0,0.2755,Verified
7487,0.4382,0,0.4543,Rejected
7488,0.1608,1,0.1594,Verified
7489,0.5686,1,0.5673,Verified
7490,0.8434,1,0.8187,Verified
7491,0.1337,0,0.1284,Rejected
7492,0.3732,0,0.3682,Rejected
7493,0.9147,1,0.9492,Review
7494,0.3333,0,0.3472,Rejected
7495,0.7996,0,0.7225,Rejected
7496,0.6853,1,0.7051,Review
7497,0.863,1,0.8254,Verified
7498,0.9707,1,0.9689,Review
7499,0.635,1,0.5788,Review
7500,0.984,0,1.0,Review
7501,0.6901,0,0.7061,Rejected
7502,0.8203,1,0.8377,Rejected
7503,0.7758,0,0.6991,Review
7504,0.2956,1,0.3054,Review
7505,0.6638,1,0.6717,Rejected
7506,0.8031,1,0.8124,Review
7507,0.6921,1,0.7232,Rejected
7508,0.1229,0,0.1202,Rejected
7509,0.5053,0,0.5089,Verified
7510,0.2519,1,0.2617,Verified
7511,0.4568,0,0.4739,Rejected
7512,0.1316,1,0.1282,Review
7513,0.683,1,0.7024,Review
7514,0.6675,0,0.6467,Verified
7515,0.1426,0,0.1357,Review
7516,0.5558,1,0.516,Review
7517,0.6296,1,0.5763,Verified
7518,0.267,1,0.2733,Verified
7519,0.4434,0,0.4018,Verified
7520,0.8411,0,0.881,Review
7521,0.5391,0,0.5358,Rejected
7522,0.9398,1,0.9156,Rejected
7523,0.1724,1,0.1588,Verified
7524,0.1651,0,0.1544,Rejected
7525,0.7275,0,0.7326,Verified
7526,0.27,1,0.2651,Review
7527,0.4982,1,0.4862,Verified
7528,0.6348,0,0.5773,Verified
7529,0.2766,1,0.2883,Rejected
7530,0.3803,1,0.3672,Rejected
7531,0.78,0,0.7914,Rejected
7532,0.795,0,0.8163,Review
7533,0.9335,0,0.8584,Verified
7534,0.7859,1,0.8237,Verified
7535,0.4825,1,0.4971,Review
7536,0.5342,0,0.5212,Review
7537,0.5541,0,0.5468,Review
7538,0.8254,1,0.7465,Rejected
7539,0.2822,1,0.278,Verified
7540,0.9154,1,0.8675,Verified
7541,0.5122,0,0.4652,Rejected
7542,0.6272,1,0.5998,Verified
7543,0.5274,0,0.5132,Verified
7544,0.9755,1,0.9223,Rejected
7545,0.5019,0,0.5137,Review
7546,0.407,0,0.413,Review
7547,0.1741,0,0.1611,Verified
7548,0.5295,1,0.5082,Rejected
7549,0.4599,0,0.4466,Verified
7550,0.1128,1,0.1119,Rejected
7551,0.3204,1,0.3274,Review
7552,0.098,1,0.0979,Rejected
7553,0.1673,1,0.1665,Verified
7554,0.6163,1,0.6352,Verified
7555,0.2396,1,0.2514,Review
7556,0.8571,0,0.7803,Verified
7557,0.7477,1,0.7324,Verified
7558,0.2902,1,0.2624,Rejected
7559,0.1432,1,0.1464,Review
7560,0.064,0,0.062,Verified
7561,0.89,1,0.8705,Rejected
7562,0.3135,0,0.3121,Rejected
7563,0.3549,1,0.3242,Verified
7564,0.8753,1,0.8117,Rejected
7565,0.5111,1,0.476,Verified
7566,0.155,0,0.1486,Rejected
7567,0.9898,0,0.9341,Verified
7568,0.7598,0,0.7025,Verified
7569,0.7522,1,0.7109,Verified
7570,0.1737,1,0.1677,Review
7571,0.4706,1,0.4467,Review
7572,0.0904,1,0.0847,Review
7573,0.5045,0,0.5053,Verified
7574,0.5779,0,0.5965,Verified
7575,0.4733,0,0.4827,Rejected
7576,0.3136,0,0.3264,Verified
7577,0.6416,0,0.6576,Rejected
7578,0.8812,0,0.7981,Review
7579,0.9105,0,0.867,Verified
7580,0.1884,1,0.1706,Review
7581,0.1201,0,0.11,Verified
7582,0.0208,0,0.0218,Rejected
7583,0.5963,0,0.552,Verified
7584,0.8192,1,0.8249,Rejected
7585,0.2023,0,0.1911,Verified
7586,0.6754,0,0.6152,Rejected
7587,0.9567,0,0.9176,Review
7588,0.3151,0,0.3239,Rejected
7589,0.1092,1,0.0986,Rejected
7590,0.0711,0,0.067,Review
7591,0.9203,1,0.8629,Verified
7592,0.3848,1,0.3756,Rejected
7593,0.7871,1,0.8097,Review
7594,0.9346,1,0.8709,Rejected
7595,0.5453,1,0.5205,Review
7596,0.7323,0,0.7316,Verified
7597,0.8112,1,0.8099,Rejected
7598,0.9964,0,0.8989,Review
7599,0.2979,0,0.2704,Rejected
7600,0.0455,0,0.0436,Verified
7601,0.0359,0,0.0354,Verified
7602,0.0097,1,0.0091,Review
7603,0.5236,1,0.4751,Rejected
7604,0.1693,0,0.166,Verified
7605,0.3291,1,0.3295,Review
7606,0.6592,0,0.6589,Review
7607,0.3087,1,0.2981,Review
7608,0.498,0,0.5197,Rejected
7609,0.2228,0,0.2021,Verified
7610,0.172,0,0.1619,Verified
7611,0.1231,1,0.1127,Verified
7612,0.7256,1,0.729,Review
7613,0.6669,1,0.6867,Verified
7614,0.9432,0,0.928,Review
7615,0.0663,0,0.0655,Rejected
7616,0.9578,1,0.8633,Review
7617,0.5562,0,0.5599,Rejected
7618,0.8798,1,0.8571,Rejected
7619,0.9556,1,0.9908,Review
7620,0.4432,1,0.462,Verified
7621,0.8053,0,0.7975,Rejected
7622,0.7738,1,0.7341,Review
7623,0.7725,1,0.7675,Verified
7624,0.5283,0,0.5146,Review
7625,0.3658,1,0.3691,Rejected
7626,0.2299,1,0.21,Rejected
7627,0.2221,1,0.2098,Review
7628,0.5698,1,0.5747,Verified
7629,0.6352,1,0.6403,Verified
7630,0.6818,0,0.6669,Verified
7631,0.209,0,0.2098,Review
7632,0.6975,0,0.6381,Review
7633,0.1548,0,0.1401,Verified
7634,0.7862,1,0.7089,Review
7635,0.8439,0,0.7882,Review
7636,0.4,0,0.4019,Review
7637,0.3722,1,0.3562,Rejected
7638,0.3149,0,0.293,Verified
7639,0.0663,0,0.0654,Review
7640,0.3411,1,0.3273,Review
7641,0.954,1,0.8773,Rejected
7642,0.666,1,0.6399,Review
7643,0.3538,0,0.3266,Rejected
7644,0.6139,0,0.6123,Verified
7645,0.8049,1,0.7919,Review
7646,0.714,0,0.7017,Rejected
7647,0.3984,0,0.4042,Rejected
7648,0.4542,0,0.4215,Rejected
7649,0.4813,0,0.4746,Rejected
7650,0.622,0,0.6165,Verified
7651,0.3198,0,0.3071,Review
7652,0.6805,0,0.6213,Rejected
7653,0.4643,1,0.4831,Rejected
7654,0.7285,1,0.7027,Rejected
7655,0.5454,1,0.5565,Verified
7656,0.1292,1,0.1203,Rejected
7657,0.036,0,0.0348,Review
7658,0.2492,1,0.2422,Review
7659,0.6944,0,0.6437,Review
7660,0.6334,1,0.6565,Review
7661,0.4901,1,0.4448,Verified
7662,0.7451,0,0.7591,Verified
7663,0.5644,1,0.5459,Rejected
7664,0.103,0,0.0949,Verified
7665,0.715,1,0.7047,Verified
7666,0.3716,1,0.3838,Verified
7667,0.0838,0,0.0757,Verified
7668,0.0022,1,0.0021,Rejected
7669,0.2297,0,0.2176,Verified
7670,0.1111,0,0.1151,Rejected
7671,0.6911,1,0.7101,Review
7672,0.5111,1,0.5308,Verified
7673,0.5426,0,0.5535,Rejected
7674,0.9031,0,0.9222,Review
7675,0.741,1,0.6689,Verified
7676,0.9914,0,0.937,Verified
7677,0.1841,0,0.1837,Review
7678,0.4492,0,0.4524,Rejected
7679,0.0886,1,0.0819,Review
7680,0.7682,0,0.7525,Rejected
7681,0.8265,1,0.8222,Rejected
7682,0.1956,0,0.1893,Rejected
7683,0.9965,0,1.0,Verified
7684,0.4403,0,0.4093,Review
7685,0.1465,1,0.1364,Review
7686,0.4229,1,0.3882,Verified
7687,0.9601,0,0.8744,Review
7688,0.2163,0,0.2118,Review
7689,0.8119,0,0.7942,Review
7690,0.9463,1,0.9069,Verified
7691,0.4274,0,0.4413,Rejected
7692,0.859,0,0.8001,Verified
7693,0.6432,1,0.6751,Verified
7694,0.0088,1,0.008,Rejected
7695,0.4046,1,0.4219,Rejected
7696,0.6095,1,0.6388,Verified
7697,0.4257,0,0.3954,Rejected
7698,0.9258,0,0.9005,Review
7699,0.1863,1,0.1692,Verified
7700,0.0405,0,0.0393,Review
7701,0.5528,0,0.5161,Verified
7702,0.8009,1,0.7449,Review
7703,0.0536,1,0.0511,Review
7704,0.6597,1,0.6913,Rejected
7705,0.8326,1,0.7641,Rejected
7706,0.3339,0,0.3378,Review
7707,0.6487,1,0.6772,Rejected
7708,0.2334,0,0.2356,Review
7709,0.6556,0,0.6856,Rejected
7710,0.8707,0,0.9125,Review
7711,0.6215,0,0.6151,Rejected
7712,0.8461,1,0.7761,Review
7713,0.0881,1,0.0913,Rejected
7714,0.0786,1,0.0822,Rejected
7715,0.508,1,0.4599,Rejected
7716,0.5896,1,0.596,Rejected
7717,0.4901,1,0.5137,Verified
7718,0.296,0,0.267,Verified
7719,0.3717,0,0.3809,Verified
7720,0.7406,0,0.7478,Review
7721,0.4017,1,0.3962,Rejected
7722,0.7614,0,0.7241,Verified
7723,0.4281,1,0.3907,Rejected
7724,0.3898,1,0.3857,Verified
7725,0.4253,0,0.4204,Review
7726,0.7916,1,0.7421,Rejected
7727,0.297,0,0.3042,Review
7728,0.8353,1,0.7547,Review
7729,0.5101,0,0.4919,Verified
7730,0.51,0,0.462,Verified
7731,0.7789,1,0.7294,Rejected
7732,0.2387,1,0.2438,Rejected
7733,0.0429,1,0.0407,Verified
7734,0.1853,0,0.1881,Review
7735,0.9777,1,0.9834,Rejected
7736,0.1567,1,0.1643,Review
7737,0.1275,1,0.1301,Review
7738,0.3655,0,0.3342,Verified
7739,0.4905,1,0.4445,Verified
7740,0.9535,0,0.9642,Rejected
7741,0.2944,1,0.294,Verified
7742,0.6573,1,0.6851,Rejected
7743,0.7564,1,0.6972,Review
7744,0.6814,1,0.7002,Rejected
7745,0.1637,1,0.1692,Verified
7746,0.9879,0,0.9729,Rejected
7747,0.2105,0,0.2129,Rejected
7748,0.9591,1,0.9509,Review
7749,0.3415,0,0.3443,Review
7750,0.121,0,0.1145,Rejected
7751,0.3259,0,0.3393,Review
7752,0.3269,1,0.2976,Review
7753,0.6079,0,0.5562,Verified
7754,0.9594,1,0.955,Verified
7755,0.5446,1,0.5322,Review
7756,0.2281,0,0.228,Verified
7757,0.0987,1,0.1018,Rejected
7758,0.5153,0,0.5037,Review
7759,0.9523,0,0.9613,Review
7760,0.6923,0,0.6437,Verified
7761,0.2437,1,0.2205,Verified
7762,0.2745,0,0.2537,Review
7763,0.9799,1,0.998,Rejected
7764,0.7222,1,0.7012,Review
7765,0.563,0,0.582,Verified
7766,0.549,0,0.5404,Rejected
7767,0.2087,1,0.1882,Review
7768,0.1087,1,0.1018,Rejected
7769,0.7411,0,0.7469,Rejected
7770,0.7821,1,0.7644,Rejected
7771,0.7939,0,0.7583,Rejected
7772,0.4809,0,0.4873,Verified
7773,0.5992,0,0.5578,Verified
7774,0.8192,1,0.7823,Review
7775,0.0561,1,0.056,Verified
7776,0.4563,1,0.4444,Rejected
7777,0.4527,1,0.4529,Verified
7778,0.0153,0,0.0138,Verified
7779,0.154,1,0.1411,Verified
7780,0.1994,1,0.2015,Verified
7781,0.6233,0,0.6183,Review
7782,0.4391,1,0.4034,Review
7783,0.4005,1,0.3756,Verified
7784,0.7643,1,0.802,Rejected
7785,0.7058,0,0.732,Rejected
7786,0.8585,0,0.7801,Review
7787,0.7982,0,0.7751,Review
7788,0.6097,1,0.5988,Verified
7789,0.4352,1,0.4295,Review
7790,0.8333,0,0.7941,Rejected
7791,0.9029,0,0.8763,Verified
7792,0.7787,0,0.7028,Rejected
7793,0.4773,1,0.4677,Verified
7794,0.4322,0,0.4325,Verified
7795,0.8126,1,0.7949,Rejected
7796,0.1082,0,0.1054,Review
7797,0.8109,0,0.7613,Rejected
7798,0.0152,1,0.0158,Rejected
7799,0.3875,1,0.386,Review
7800,0.9638,0,0.9219,Rejected
7801,0.351,0,0.3202,Review
7802,0.9185,1,0.8412,Verified
7803,0.8428,1,0.8528,Verified
7804,0.9345,1,0.869,Review
7805,0.9502,1,0.8986,Review
7806,0.9527,0,0.8577,Verified
7807,0.4235,0,0.4373,Verified
7808,0.3757,0,0.3447,Review
7809,0.8749,1,0.8095,Review
7810,0.8922,1,0.9187,Verified
7811,0.0394,0,0.0368,Review
7812,0.4624,1,0.4482,Rejected
7813,0.0607,0,0.0583,Review
7814,0.0046,1,0.0046,Rejected
7815,0.8688,1,0.8321,Rejected
7816,0.233,0,0.2367,Verified
7817,0.9173,1,0.8766,Verified
7818,0.8206,1,0.7456,Review
7819,0.7159,1,0.6903,Rejected
7820,0.5247,1,0.5392,Rejected
7821,0.5307,0,0.5058,Verified
7822,0.9989,0,0.9844,Rejected
7823,0.05,1,0.0494,Verified
7824,0.8998,0,0.8327,Rejected
7825,0.2833,1,0.2883,Verified
7826,0.3941,0,0.371,Rejected
7827,0.004,0,0.0042,Rejected
7828,0.1038,0,0.0974,Rejected
7829,0.9146,0,0.8831,Verified
7830,0.1438,1,0.1478,Rejected
7831,0.2195,1,0.2049,Review
7832,0.8759,0,0.8195,Rejected
7833,0.7072,1,0.6865,Rejected
7834,0.1801,1,0.1808,Verified
7835,0.4973,1,0.4901,Rejected
7836,0.6863,0,0.709,Verified
7837,0.1855,0,0.1808,Verified
7838,0.1312,0,0.1326,Review
7839,0.8465,0,0.8147,Review
7840,0.8319,0,0.7792,Review
7841,0.0899,0,0.0837,Review
7842,0.1898,1,0.181,Review
7843,0.1844,0,0.1929,Verified
7844,0.9365,0,0.9742,Review
7845,0.5124,1,0.4791,Rejected
7846,0.448,1,0.451,Verified
7847,0.6123,0,0.5904,Rejected
7848,0.4985,0,0.5159,Rejected
7849,0.6206,1,0.5869,Review
7850,0.1411,0,0.1372,Review
7851,0.1528,1,0.1398,Verified
7852,0.1628,0,0.1602,Verified
7853,0.7467,0,0.7234,Verified
7854,0.6067,1,0.5859,Review
7855,0.0561,0,0.0517,Review
7856,0.9409,0,0.9076,Verified
7857,0.8243,0,0.7961,Review
7858,0.0719,1,0.0714,Rejected
7859,0.0904,1,0.0862,Rejected
7860,0.7782,1,0.7434,Review
7861,0.7604,1,0.7888,Review
7862,0.6888,0,0.7082,Verified
7863,0.3004,1,0.2906,Rejected
7864,0.0801,0,0.0811,Review
7865,0.9756,0,0.927,Review
7866,0.655,1,0.6134,Rejected
7867,0.8583,1,0.8252,Rejected
7868,0.8813,1,0.8707,Rejected
7869,0.0031,0,0.0028,Verified
7870,0.0909,1,0.0915,Review
7871,0.0121,0,0.0116,Verified
7872,0.8088,0,0.7498,Review
7873,0.6588,1,0.5988,Rejected
7874,0.45,1,0.43,Verified
7875,0.4101,0,0.3723,Rejected
7876,0.7136,1,0.7323,Rejected
7877,0.7807,1,0.8082,Verified
7878,0.1885,1,0.1784,Verified
7879,0.2414,0,0.25,Rejected
7880,0.8858,1,0.8035,Verified
7881,0.2249,1,0.2291,Review
7882,0.4654,0,0.4321,Verified
7883,0.8985,0,0.8092,Verified
7884,0.1075,1,0.1014,Rejected
7885,0.3434,1,0.36,Review
7886,0.9792,0,0.8957,Review
7887,0.4221,0,0.4376,Rejected
7888,0.7443,1,0.7753,Review
7889,0.8167,1,0.8069,Rejected
7890,0.8919,0,0.8397,Review
7891,0.81,1,0.7468,Verified
7892,0.1282,1,0.1285,Rejected
7893,0.1509,1,0.1434,Rejected
7894,0.2344,0,0.2383,Review
7895,0.2026,0,0.2101,Verified
7896,0.5476,1,0.5088,Verified
7897,0.7229,0,0.7451,Review
7898,0.6518,1,0.6096,Verified
7899,0.6986,1,0.7149,Rejected
7900,0.7847,1,0.7893,Review
7901,0.4416,1,0.4584,Rejected
7902,0.8936,1,0.9379,Verified
7903,0.0734,1,0.0729,Rejected
7904,0.7743,1,0.721,Review
7905,0.5424,0,0.5129,Review
7906,0.607,0,0.5825,Review
7907,0.2734,1,0.2544,Verified
7908,0.7976,0,0.7755,Verified
7909,0.4874,0,0.4873,Rejected
7910,0.3598,0,0.3467,Verified
7911,0.0917,0,0.0939,Verified
7912,0.0897,1,0.0852,Rejected
7913,0.1097,0,0.1095,Verified
7914,0.5856,1,0.5514,Verified
7915,0.647,0,0.5958,Verified
7916,0.3418,1,0.3456,Rejected
7917,0.1762,1,0.1693,Review
7918,0.6062,1,0.5874,Verified
7919,0.6167,1,0.5763,Review
7920,0.1825,1,0.1715,Review
7921,0.8067,0,0.7615,Review
7922,0.9958,0,0.9538,Review
7923,0.324,0,0.2975,Verified
7924,0.5322,1,0.5528,Rejected
7925,0.5649,1,0.5808,Verified
7926,0.9504,1,0.9684,Verified
7927,0.3889,0,0.4083,Verified
7928,0.7233,0,0.6984,Verified
7929,0.4246,1,0.4454,Review
7930,0.5184,1,0.521,Rejected
7931,0.5446,1,0.5588,Rejected
7932,0.5148,0,0.5128,Verified
7933,0.2182,1,0.1973,Rejected
7934,0.0914,0,0.0925,Verified
7935,0.7128,1,0.7183,Rejected
7936,0.9577,0,0.9893,Verified
7937,0.7766,0,0.7038,Rejected
7938,0.0048,1,0.0044,Review
7939,0.5768,1,0.5819,Rejected
7940,0.6968,0,0.7091,Verified
7941,0.1089,0,0.1108,Review
7942,0.0822,0,0.081,Verified
7943,0.628,0,0.5926,Review
7944,0.8045,0,0.7933,Review
7945,0.7881,1,0.7655,Verified
7946,0.7661,0,0.7974,Verified
7947,0.4737,0,0.4567,Review
7948,0.4725,0,0.4335,Rejected
7949,0.232,0,0.2149,Review
7950,0.2051,0,0.1871,Review
7951,0.3314,1,0.3092,Review
7952,0.7422,1,0.7182,Review
7953,0.3319,0,0.3246,Review
7954,0.723,0,0.7402,Verified
7955,0.6473,0,0.6262,Review
7956,0.571,0,0.5269,Rejected
7957,0.9966,1,0.978,Rejected
7958,0.0845,0,0.08,Review
7959,0.772,1,0.7335,Verified
7960,0.115,0,0.1184,Rejected
7961,0.042,1,0.0437,Review
7962,0.4798,1,0.4353,Verified
7963,0.2886,0,0.2719,Verified
7964,0.8153,1,0.8297,Review
7965,0.5866,1,0.5602,Verified
7966,0.9839,0,0.9806,Verified
7967,0.0287,0,0.0261,Verified
7968,0.493,1,0.4641,Verified
7969,0.451,1,0.4378,Verified
7970,0.124,1,0.1199,Review
7971,0.1108,1,0.1046,Review
7972,0.9838,1,0.8988,Review
7973,0.239,0,0.2209,Review
7974,0.1433,0,0.1405,Verified
7975,0.3405,0,0.352,Verified
7976,0.6278,1,0.5669,Verified
7977,0.7217,0,0.7474,Verified
7978,0.442,0,0.4106,Review
7979,0.3804,0,0.3734,Verified
7980,0.6596,0,0.6547,Rejected
7981,0.8252,1,0.8151,Review
7982,0.3133,0,0.3273,Verified
7983,0.7713,1,0.7801,Rejected
7984,0.8176,1,0.745,Review
7985,0.5694,0,0.5926,Review
7986,0.2824,1,0.2777,Rejected
7987,0.6342,1,0.5765,Verified
7988,0.9486,0,0.8909,Review
7989,0.7852,0,0.7481,Rejected
7990,0.3467,0,0.3152,Verified
7991,0.0508,0,0.049,Rejected
7992,0.481,1,0.4564,Verified
7993,0.5564,1,0.5602,Rejected
7994,0.4907,1,0.5102,Verified
7995,0.9183,0,0.919,Verified
7996,0.2743,0,0.2748,Review
7997,0.3149,1,0.2943,Rejected
7998,0.2356,0,0.2286,Review
7999,0.1251,0,0.1148,Rejected
8000,0.6835,0,0.6941,Rejected
8001,0.9985,0,0.9835,Review
8002,0.4578,0,0.4564,Rejected
8003,0.4441,1,0.4448,Review
8004,0.2552,0,0.2565,Verified
8005,0.605,0,0.5896,Review
8006,0.2991,0,0.3034,Review
8007,0.1112,0,0.1122,Review
8008,0.7826,0,0.7608,Verified
8009,0.8682,0,0.7816,Rejected
8010,0.1845,1,0.1742,Verified
8011,0.4215,1,0.442,Rejected
8012,0.7527,1,0.7199,Verified
8013,0.6847,1,0.6218,Verified
8014,0.9017,0,0.8597,Review
8015,0.5683,1,0.5383,Rejected
8016,0.1125,1,0.1073,Rejected
8017,0.4482,1,0.4463,Rejected
8018,0.6072,1,0.567,Verified
8019,0.1172,0,0.1112,Review
8020,0.1367,0,0.1375,Verified
8021,0.6117,0,0.594,Review
8022,0.6081,0,0.5584,Review
8023,0.2237,0,0.2161,Rejected
8024,0.7114,0,0.6735,Verified
8025,0.9989,1,0.9655,Review
8026,0.4884,1,0.4505,Review
8027,0.1175,0,0.1212,Review
8028,0.8669,1,0.9055,Verified
8029,0.1084,1,0.1008,Review
8030,0.2714,0,0.2456,Verified
8031,0.1023,1,0.0926,Review
8032,0.8172,1,0.8413,Verified
8033,0.3232,1,0.3307,Review
8034,0.242,1,0.2226,Verified
8035,0.3718,1,0.34,Verified
8036,0.9497,0,0.9077,Rejected
8037,0.716,1,0.7243,Review
8038,0.0386,0,0.0376,Verified
8039,0.1151,0,0.1167,Verified
8040,0.9876,0,1.0,Rejected
8041,0.6184,0,0.633,Review
8042,0.9374,0,0.8908,Verified
8043,0.5629,1,0.5497,Rejected
8044,0.8546,1,0.8423,Rejected
8045,0.9495,1,0.8573,Verified
8046,0.3875,1,0.3981,Review
8047,0.0263,0,0.0249,Verified
8048,0.8511,0,0.8605,Rejected
8049,0.1896,1,0.1732,Verified
8050,0.61,1,0.6021,Verified
8051,0.9215,1,0.9332,Rejected
8052,0.8374,0,0.7613,Rejected
8053,0.0277,1,0.0268,Review
8054,0.302,0,0.3085,Verified
8055,0.4939,0,0.4698,Rejected
8056,0.0075,1,0.0072,Review
8057,0.3574,0,0.352,Rejected
8058,0.407,1,0.3875,Verified
8059,0.2668,1,0.2787,Rejected
8060,0.3367,1,0.3226,Rejected
8061,0.0477,0,0.05,Verified
8062,0.4301,1,0.4353,Verified
8063,0.4151,1,0.4178,Verified
8064,0.3624,0,0.3298,Rejected
8065,0.9691,0,0.9276,Rejected
8066,0.192,1,0.1946,Rejected
8067,0.9607,0,0.9959,Rejected
8068,0.7195,1,0.6777,Review
8069,0.0376,0,0.0367,Rejected
8070,0.1674,1,0.1651,Review
8071,0.6307,0,0.5821,Rejected
8072,0.6492,1,0.6009,Review
8073,0.9974,1,1.0,Review
8074,0.6451,1,0.5909,Review
8075,0.7087,0,0.6865,Verified
8076,0.2215,1,0.2094,Rejected
8077,0.9818,0,1.0,Review
8078,0.8162,1,0.7633,Review
8079,0.5766,0,0.5521,Rejected
8080,0.3593,1,0.3563,Review
8081,0.3209,1,0.3079,Verified
8082,0.1835,0,0.1909,Verified
8083,0.682,1,0.6801,Verified
8084,0.4978,1,0.473,Rejected
8085,0.4077,0,0.4223,Review
8086,0.1416,1,0.1344,Rejected
8087,0.518,0,0.5053,Verified
8088,0.2803,0,0.2735,Rejected
8089,0.8382,1,0.7639,Verified
8090,0.4226,0,0.3965,Rejected
8091,0.6464,0,0.6277,Rejected
8092,0.1585,1,0.1495,Review
8093,0.7067,1,0.7323,Review
8094,0.1301,1,0.1317,Rejected
8095,0.2576,0,0.2341,Review
8096,0.415,1,0.419,Review
8097,0.0015,0,0.0015,Review
8098,0.2536,1,0.255,Review
8099,0.0794,0,0.0813,Verified
8100,0.3422,0,0.3112,Rejected
8101,0.3264,1,0.3426,Rejected
8102,0.1098,0,0.108,Verified
8103,0.8899,1,0.8175,Review
8104,0.3474,0,0.3384,Verified
8105,0.6522,1,0.626,Review
8106,0.2592,1,0.2469,Verified
8107,0.6958,1,0.6488,Review
8108,0.7231,1,0.751,Review
8109,0.709,0,0.6907,Rejected
8110,0.1619,0,0.1485,Rejected
8111,0.6205,0,0.6181,Rejected
8112,0.4644,1,0.4375,Review
8113,0.1677,0,0.1655,Review
8114,0.4316,0,0.4457,Rejected
8115,0.2899,1,0.275,Verified
8116,0.7369,1,0.7457,Review
8117,0.8081,1,0.8304,Review
8118,0.0376,1,0.0394,Verified
8119,0.9158,0,0.9592,Rejected
8120,0.5153,1,0.5228,Rejected
8121,0.4811,1,0.4957,Rejected
8122,0.2943,1,0.2734,Review
8123,0.2073,1,0.2111,Review
8124,0.0549,0,0.0543,Rejected
8125,0.4345,1,0.3987,Rejected
8126,0.9868,1,1.0,Verified
8127,0.7521,0,0.7279,Verified
8128,0.7955,0,0.7916,Rejected
8129,0.8975,1,0.8964,Rejected
8130,0.4827,1,0.4438,Verified
8131,0.9338,0,0.8926,Verified
8132,0.8247,0,0.8374,Review
8133,0.4896,0,0.4715,Verified
8134,0.5876,0,0.5833,Review
8135,0.2236,0,0.2203,Rejected
8136,0.8852,1,0.8761,Rejected
8137,0.6689,1,0.62,Rejected
8138,0.9648,1,0.8704,Review
8139,0.0628,0,0.0581,Rejected
8140,0.2697,0,0.2598,Rejected
8141,0.7077,0,0.7317,Review
8142,0.7713,1,0.7469,Review
8143,0.7978,0,0.8032,Review
8144,0.2871,1,0.2753,Verified
8145,0.7186,0,0.6642,Rejected
8146,0.6798,1,0.6389,Review
8147,0.8477,1,0.826,Review
8148,0.2494,0,0.2561,Verified
8149,0.4552,1,0.447,Verified
8150,0.8138,0,0.7837,Verified
8151,0.0529,0,0.0514,Verified
8152,0.0872,1,0.0896,Verified
8153,0.5531,1,0.5194,Verified
8154,0.133,1,0.139,Verified
8155,0.1045,0,0.0975,Review
8156,0.7072,0,0.6761,Rejected
8157,0.2694,0,0.2626,Verified
8158,0.029,1,0.0303,Verified
8159,0.5118,0,0.4737,Rejected
8160,0.4938,0,0.4803,Verified
8161,0.0571,0,0.0593,Rejected
8162,0.8241,1,0.8167,Rejected
8163,0.7667,1,0.7746,Review
8164,0.3814,0,0.391,Review
8165,0.1025,1,0.1008,Rejected
8166,0.6764,0,0.6395,Review
8167,0.9672,1,0.9731,Review
8168,0.0687,1,0.0683,Verified
8169,0.8644,0,0.8433,Verified
8170,0.5529,0,0.5704,Rejected
8171,0.2472,1,0.2267,Review
8172,0.8924,0,0.9161,Verified
8173,0.0299,0,0.0314,Verified
8174,0.3668,1,0.3576,Verified
8175,0.4048,0,0.4152,Verified
8176,0.7665,1,0.7576,Rejected
8177,0.8282,0,0.7583,Verified
8178,0.9646,0,0.9627,Review
8179,0.3297,0,0.3092,Review
8180,0.2084,0,0.2018,Review
8181,0.3599,1,0.3528,Rejected
8182,0.5094,0,0.4943,Review
8183,0.1159,1,0.1204,Review
8184,0.0571,0,0.0524,Review
8185,0.9514,0,0.9698,Review
8186,0.3087,1,0.3224,Verified
8187,0.8281,1,0.7559,Verified
8188,0.7318,0,0.7338,Rejected
8189,0.3591,1,0.3564,Rejected
8190,0.0304,0,0.0289,Verified
8191,0.583,0,0.5519,Rejected
8192,0.1093,0,0.114,Verified
8193,0.4241,1,0.4297,Verified
8194,0.383,0,0.3544,Verified
8195,0.8724,0,0.8419,Review
8196,0.9822,0,0.9908,Verified
8197,0.4318,0,0.4453,Verified
8198,0.7825,1,0.7943,Review
8199,0.7581,1,0.77,Rejected
8200,0.319,0,0.3119,Review
8201,0.6868,0,0.7016,Review
8202,0.8711,0,0.8055,Review
8203,0.9068,0,0.8326,Verified
8204,0.3218,1,0.3157,Verified
8205,0.7598,0,0.7805,Rejected
8206,0.7018,0,0.6904,Verified
8207,0.1067,1,0.0978,Review
8208,0.5675,0,0.5257,Rejected
8209,0.0575,0,0.0602,Verified
8210,0.5043,0,0.5272,Verified
8211,0.5042,0,0.4766,Review
8212,0.6995,1,0.65,Rejected
8213,0.2259,1,0.2147,Review
8214,0.9985,0,0.9564,Verified
8215,0.1373,1,0.1297,Review
8216,0.09,0,0.0898,Rejected
8217,0.4311,1,0.4279,Verified
8218,0.2833,1,0.2933,Verified
8219,0.0355,0,0.0348,Review
8220,0.1611,0,0.1689,Verified
8221,0.3794,1,0.3436,Rejected
8222,0.3961,1,0.4094,Verified
8223,0.3459,1,0.3337,Review
8224,0.3678,0,0.3563,Review
8225,0.3294,0,0.3017,Rejected
8226,0.1417,1,0.142,Rejected
8227,0.0841,0,0.081,Rejected
8228,0.6198,0,0.6415,Rejected
8229,0.3835,1,0.3464,Review
8230,0.2244,0,0.2024,Review
8231,0.8759,1,0.8495,Verified
8232,0.7779,1,0.7681,Review
8233,0.5567,0,0.544,Rejected
8234,0.2922,1,0.278,Verified
8235,0.4207,0,0.3996,Verified
8236,0.8214,0,0.7662,Rejected
8237,0.3672,1,0.3845,Rejected
8238,0.6686,1,0.6139,Verified
8239,0.5083,0,0.5308,Rejected
8240,0.4339,1,0.4046,Review
8241,0.0499,1,0.0491,Verified
8242,0.8175,0,0.8352,Rejected
8243,0.126,1,0.1293,Verified
8244,0.3658,0,0.3692,Rejected
8245,0.7714,1,0.7061,Review
8246,0.348,0,0.3592,Verified
8247,0.8644,0,0.86,Review
8248,0.8721,1,0.9094,Verified
8249,0.0696,1,0.0644,Rejected
8250,0.1623,0,0.1549,Rejected
8251,0.7742,1,0.7798,Verified
8252,0.0633,1,0.0578,Review
8253,0.4448,1,0.4197,Rejected
8254,0.229,1,0.2354,Review
8255,0.0386,1,0.0399,Verified
8256,0.5781,1,0.6065,Rejected
8257,0.066,0,0.0677,Verified
8258,0.1794,1,0.1823,Verified
8259,0.634,0,0.6341,Verified
8260,0.5034,0,0.4996,Verified
8261,0.5445,0,0.5224,Review
8262,0.7972,1,0.7663,Review
8263,0.8117,1,0.7496,Rejected
8264,0.6379,1,0.6137,Rejected
8265,0.5674,1,0.5262,Rejected
8266,0.1128,1,0.1023,Review
8267,0.3027,1,0.3173,Review
8268,0.4416,1,0.4054,Verified
8269,0.3628,0,0.3356,Verified
8270,0.0023,0,0.0021,Review
8271,0.9615,1,0.961,Verified
8272,0.6201,1,0.6074,Review
8273,0.4248,0,0.398,Rejected
8274,0.3695,0,0.3796,Review
8275,0.2032,0,0.2099,Verified
8276,0.8147,0,0.8402,Review
8277,0.8229,1,0.8499,Review
8278,0.3668,0,0.3623,Review
8279,0.7019,1,0.6601,Review
8280,0.6577,1,0.6105,Verified
8281,0.3029,1,0.3137,Verified
8282,0.4415,0,0.4434,Verified
8283,0.5679,1,0.517,Review
8284,0.8675,0,0.8061,Rejected
8285,0.7916,1,0.7728,Rejected
8286,0.0376,1,0.0383,Rejected
8287,0.5334,1,0.4854,Review
8288,0.6566,1,0.6873,Review
8289,0.7306,1,0.6635,Verified
8290,0.0362,1,0.0326,Verified
8291,0.4641,1,0.4518,Rejected
8292,0.3236,1,0.3293,Verified
8293,0.6679,0,0.6381,Rejected
8294,0.5782,0,0.5303,Rejected
8295,0.8655,1,0.8945,Verified
8296,0.7113,0,0.6888,Verified
8297,0.8931,1,0.8963,Verified
8298,0.7844,0,0.7533,Verified
8299,0.3412,0,0.3073,Verified
8300,0.5546,0,0.5568,Review
8301,0.5242,1,0.4955,Verified
8302,0.6176,1,0.5638,Rejected
8303,0.4397,1,0.4273,Rejected
8304,0.73,0,0.6752,Verified
8305,0.22,1,0.2083,Review
8306,0.0933,1,0.0886,Verified
8307,0.7724,0,0.7027,Review
8308,0.6123,1,0.5863,Rejected
8309,0.1566,0,0.1626,Rejected
8310,0.1838,1,0.1874,Rejected
8311,0.7683,1,0.8049,Verified
8312,0.4621,1,0.4485,Verified
8313,0.9369,1,0.9413,Rejected
8314,0.236,1,0.2182,Review
8315,0.0249,0,0.0249,Review
8316,0.3255,1,0.3212,Review
8317,0.9383,1,0.8702,Rejected
8318,0.4395,1,0.4561,Verified
8319,0.7209,1,0.7402,Verified
8320,0.7858,0,0.7372,Review
8321,0.4723,1,0.4663,Review
8322,0.1802,0,0.1646,Review
8323,0.372,0,0.3737,Rejected
8324,0.1021,0,0.1071,Rejected
8325,0.9955,1,1.0,Verified
8326,0.2447,1,0.2413,Review
8327,0.2061,0,0.2136,Rejected
8328,0.9857,1,0.8981,Verified
8329,0.3588,0,0.3522,Review
8330,0.854,0,0.8957,Verified
8331,0.7018,1,0.7255,Rejected
8332,0.0726,1,0.0748,Verified
8333,0.6353,1,0.593,Verified
8334,0.851,0,0.8037,Review
8335,0.8858,0,0.9197,Verified
8336,0.4867,1,0.5002,Verified
8337,0.3404,0,0.3485,Rejected
8338,0.133,0,0.1231,Verified
8339,0.7392,0,0.7275,Rejected
8340,0.534,1,0.5428,Verified
8341,0.7041,0,0.7018,Review
8342,0.3654,1,0.3321,Review
8343,0.59,1,0.5705,Rejected
8344,0.6511,0,0.6329,Rejected
8345,0.3568,0,0.3683,Verified
8346,0.6437,0,0.6129,Review
8347,0.065,0,0.0636,Review
8348,0.7183,0,0.6639,Rejected
8349,0.4722,0,0.4625,Rejected
8350,0.9447,0,0.8855,Rejected
8351,0.5437,0,0.5263,Verified
8352,0.6286,0,0.6341,Rejected
8353,0.9028,0,0.8756,Review
8354,0.1855,1,0.1682,Review
8355,0.4679,0,0.4297,Rejected
8356,0.0857,1,0.079,Review
8357,0.9681,1,0.9932,Rejected
8358,0.8318,1,0.777,Rejected
8359,0.0032,1,0.0031,Verified
8360,0.868,0,0.8461,Verified
8361,0.1087,1,0.1008,Rejected
8362,0.6607,1,0.6562,Rejected
8363,0.8259,1,0.7837,Review
8364,0.4441,1,0.45,Review
8365,0.545,1,0.5558,Rejected
8366,0.0754,0,0.0745,Rejected
8367,0.0087,0,0.0083,Verified
8368,0.3789,1,0.3467,Rejected
8369,0.2778,0,0.2873,Review
8370,0.3097,0,0.306,Review
8371,0.2236,0,0.2147,Rejected
8372,0.4479,0,0.446,Rejected
8373,0.2152,0,0.2151,Verified
8374,0.6633,1,0.6386,Verified
8375,0.2477,1,0.2361,Review
8376,0.714,1,0.7391,Review
8377,0.2915,1,0.3053,Rejected
8378,0.1924,0,0.202,Review
8379,0.959,1,0.9292,Rejected
8380,0.913,0,0.8418,Rejected
8381,0.9529,1,0.891,Rejected
8382,0.4133,1,0.4199,Verified
8383,0.8407,0,0.8133,Review
8384,0.6586,1,0.6853,Review
8385,0.0002,0,0.0002,Verified
8386,0.6462,0,0.6777,Review
8387,0.7978,1,0.8022,Rejected
8388,0.0405,1,0.0392,Review
8389,0.2392,0,0.2485,Review
8390,0.1953,0,0.1956,Verified
8391,0.3449,1,0.331,Review
8392,0.9461,0,0.9283,Rejected
8393,0.0139,1,0.0134,Rejected
8394,0.6236,0,0.5942,Verified
8395,0.4395,0,0.439,Rejected
8396,0.3762,0,0.3459,Rejected
8397,0.3469,1,0.3323,Rejected
8398,0.5896,0,0.6051,Verified
8399,0.4907,1,0.4609,Rejected
8400,0.7149,0,0.7096,Rejected
8401,0.4395,1,0.4269,Review
8402,0.9445,1,0.9895,Verified
8403,0.8196,1,0.8035,Verified
8404,0.1977,1,0.2042,Verified
8405,0.6442,1,0.6478,Verified
8406,0.3334,1,0.3264,Verified
8407,0.9652,1,0.9594,Verified
8408,0.8854,1,0.8617,Rejected
8409,0.2008,0,0.1872,Verified
8410,0.7485,0,0.7235,Verified
8411,0.6437,1,0.6062,Verified
8412,0.9607,1,0.9871,Rejected
8413,0.6484,0,0.6784,Rejected
8414,0.2144,1,0.2017,Verified
8415,0.8178,1,0.819,Review
8416,0.5786,0,0.5597,Review
8417,0.4884,1,0.5018,Verified
8418,0.7808,0,0.7285,Review
8419,0.8104,0,0.7635,Verified
8420,0.4172,0,0.3831,Verified
8421,0.5836,1,0.6095,Review
8422,0.2034,0,0.2061,Review
8423,0.1233,0,0.129,Rejected
8424,0.7927,0,0.7634,Review
8425,0.8411,0,0.7633,Review
8426,0.9288,0,0.896,Rejected
8427,0.3812,0,0.3592,Rejected
8428,0.7755,0,0.7363,Verified
8429,0.0267,0,0.0241,Rejected
8430,0.6637,1,0.6876,Verified
8431,0.7136,0,0.7458,Rejected
8432,0.6208,0,0.6241,Verified
8433,0.8749,1,0.8373,Review
8434,0.0247,1,0.0248,Verified
8435,0.7228,1,0.7057,Rejected
8436,0.6045,0,0.6306,Rejected
8437,0.7063,0,0.6525,Verified
8438,0.2288,1,0.2289,Review
8439,0.262,0,0.2492,Review
8440,0.038,1,0.039,Verified
8441,0.4155,0,0.4168,Verified
8442,0.6092,1,0.5556,Verified
8443,0.6484,0,0.6091,Rejected
8444,0.28,0,0.2834,Verified
8445,0.3737,0,0.3871,Verified
8446,0.5351,0,0.5501,Review
8447,0.6858,1,0.6551,Review
8448,0.323,1,0.2945,Rejected
8449,0.886,0,0.8561,Review
8450,0.0493,0,0.049,Verified
8451,0.2079,1,0.2041,Review
8452,0.8488,0,0.8468,Review
8453,0.9245,1,0.8705,Rejected
8454,0.4202,1,0.4143,Review
8455,0.9938,1,0.9561,Verified
8456,0.7907,1,0.801,Rejected
8457,0.8434,1,0.8697,Rejected
8458,0.7446,1,0.725,Verified
8459,0.3014,0,0.2728,Rejected
8460,0.527,0,0.5112,Rejected
8461,0.1736,1,0.1784,Verified
8462,0.2048,1,0.2002,Verified
8463,0.3059,0,0.2982,Review
8464,0.4729,1,0.4572,Rejected
8465,0.7636,1,0.7843,Verified
8466,0.1419,0,0.1318,Rejected
8467,0.3525,0,0.3659,Review
8468,0.813,1,0.8304,Rejected
8469,0.9023,0,0.833,Verified
8470,0.5279,0,0.5051,Verified
8471,0.5526,0,0.5067,Rejected
8472,0.9271,0,0.8727,Verified
8473,0.9673,0,0.9199,Rejected
8474,0.102,0,0.0969,Review
8475,0.4202,0,0.3825,Verified
8476,0.6132,1,0.5772,Review
8477,0.7118,1,0.7348,Verified
8478,0.2061,0,0.1875,Rejected
8479,0.8996,1,0.879,Verified
8480,0.291,0,0.3047,Verified
8481,0.8949,1,0.8816,Rejected
8482,0.4688,0,0.4488,Verified
8483,0.4187,0,0.3964,Verified
8484,0.0218,0,0.02,Review
8485,0.3494,0,0.3345,Rejected
8486,0.7678,0,0.7281,Verified
8487,0.4718,1,0.49,Verified
8488,0.3275,1,0.3381,Review
8489,0.9753,0,0.9594,Rejected
8490,0.5932,1,0.5513,Review
8491,0.399,1,0.4044,Verified
8492,0.3154,1,0.297,Review
8493,0.6969,1,0.6603,Verified
8494,0.6727,1,0.6374,Review
8495,0.6278,1,0.5749,Review
8496,0.4202,0,0.3793,Rejected
8497,0.5227,0,0.4814,Review
8498,0.0285,1,0.0275,Rejected
8499,0.7362,1,0.6676,Rejected
8500,0.5567,1,0.5679,Review
8501,0.7791,1,0.718,Review
8502,0.8843,0,0.8932,Rejected
8503,0.1248,0,0.1153,Verified
8504,0.3159,0,0.285,Verified
8505,0.9036,1,0.9109,Review
8506,0.3396,1,0.3516,Verified
8507,0.6303,1,0.6519,Rejected
8508,0.7753,0,0.7189,Verified
8509,0.2159,1,0.2165,Rejected
8510,0.6722,1,0.7016,Review
8511,0.5587,0,0.555,Review
8512,0.3094,0,0.2787,Review
8513,0.7699,1,0.7141,Rejected
8514,0.8802,1,0.8854,Review
8515,0.9476,0,0.9005,Rejected
8516,0.3678,0,0.3414,Verified
8517,0.5332,1,0.5242,Rejected
8518,0.635,1,0.6261,Rejected
8519,0.5749,1,0.5497,Review
8520,0.8118,0,0.7515,Verified
8521,0.0049,1,0.005,Rejected
8522,0.7267,1,0.7352,Rejected
8523,0.1212,1,0.1119,Review
8524,0.0165,0,0.0158,Verified
8525,0.2484,1,0.231,Verified
8526,0.2836,0,0.2947,Verified
8527,0.4787,1,0.4366,Review
8528,0.187,1,0.1793,Verified
8529,0.1497,0,0.1461,Verified
8530,0.7739,1,0.7864,Rejected
8531,0.0165,1,0.0168,Verified
8532,0.2448,1,0.2226,Review
8533,0.1382,1,0.1292,Verified
8534,0.4689,0,0.4775,Verified
8535,0.4771,0,0.4397,Verified
8536,0.9443,0,0.8614,Rejected
8537,0.3661,1,0.3718,Rejected
8538,0.7908,0,0.7947,Verified
8539,0.5222,0,0.5395,Rejected
8540,0.8532,0,0.7906,Review
8541,0.1266,1,0.1157,Rejected
8542,0.2918,1,0.3023,Rejected
8543,0.6309,0,0.6253,Verified
8544,0.0125,0,0.0116,Rejected
8545,0.6282,1,0.637,Rejected
8546,0.264,0,0.2619,Verified
8547,0.9498,1,0.8578,Rejected
8548,0.2013,0,0.2079,Review
8549,0.2945,1,0.3021,Verified
8550,0.1638,1,0.1546,Rejected
8551,0.5134,0,0.4713,Rejected
8552,0.9251,0,0.9472,Rejected
8553,0.1067,0,0.1032,Rejected
8554,0.378,1,0.3434,Rejected
8555,0.7671,1,0.7234,Verified
8556,0.9029,0,0.8697,Verified
8557,0.7949,1,0.7615,Verified
8558,0.1818,1,0.1764,Rejected
8559,0.4024,0,0.3754,Review
8560,0.8495,0,0.808,Review
8561,0.0403,0,0.0386,Review
8562,0.2546,0,0.2573,Review
8563,0.2378,1,0.2271,Verified
8564,0.3347,1,0.303,Rejected
8565,0.988,0,0.9915,Rejected
8566,0.5839,0,0.6113,Verified
8567,0.6928,0,0.7032,Verified
8568,0.099,0,0.1031,Rejected
8569,0.8408,0,0.8354,Rejected
8570,0.2944,0,0.2868,Verified
8571,0.5808,1,0.5754,Review
8572,0.8671,0,0.8427,Verified
8573,0.6839,1,0.652,Review
8574,0.306,0,0.3187,Verified
8575,0.7493,1,0.6949,Review
8576,0.9741,0,0.9109,Rejected
8577,0.2978,1,0.3107,Review
8578,0.3073,0,0.3054,Verified
8579,0.8501,1,0.8837,Rejected
8580,0.7007,0,0.6403,Verified
8581,0.3366,1,0.3355,Rejected
8582,0.8014,1,0.7777,Verified
8583,0.7739,1,0.8038,Rejected
8584,0.6741,1,0.6524,Review
8585,0.0739,0,0.0686,Review
8586,0.6696,1,0.6347,Verified
8587,0.0514,1,0.0528,Rejected
8588,0.062,0,0.0563,Rejected
8589,0.0507,0,0.0467,Rejected
8590,0.1533,1,0.1553,Rejected
8591,0.9725,1,0.9343,Verified
8592,0.9502,1,0.8975,Review
8593,0.1957,1,0.2015,Rejected
8594,0.0819,1,0.0787,Review
8595,0.3996,1,0.3797,Review
8596,0.6656,1,0.6435,Review
8597,0.1572,1,0.1617,Rejected
8598,0.2622,1,0.2491,Rejected
8599,0.6997,0,0.7251,Review
8600,0.1669,1,0.1513,Review
8601,0.9688,0,0.9179,Rejected
8602,0.5556,1,0.5567,Verified
8603,0.348,1,0.3527,Review
8604,0.8414,1,0.859,Rejected
8605,0.9274,0,0.869,Verified
8606,0.265,0,0.2652,Verified
8607,0.9674,0,0.8987,Review
8608,0.1207,0,0.109,Rejected
8609,0.7147,0,0.673,Review
8610,0.0583,0,0.056,Verified
8611,0.0841,1,0.0778,Verified
8612,0.6094,1,0.5792,Rejected
8613,0.3767,0,0.3646,Rejected
8614,0.0872,1,0.0806,Review
8615,0.1075,0,0.1108,Review
8616,0.1864,0,0.1886,Rejected
8617,0.1557,1,0.1596,Rejected
8618,0.2558,0,0.2307,Rejected
8619,0.5759,0,0.6026,Verified
8620,0.5433,1,0.5269,Verified
8621,0.7445,0,0.7495,Review
8622,0.8974,1,0.9174,Verified
8623,0.1062,1,0.1105,Rejected
8624,0.0267,1,0.028,Rejected
8625,0.7358,1,0.7678,Review
8626,0.3544,0,0.3228,Review
8627,0.2578,0,0.2582,Rejected
8628,0.2254,1,0.2319,Review
8629,0.4194,1,0.4075,Verified
8630,0.1835,0,0.1756,Verified
8631,0.0165,1,0.017,Review
8632,0.942,1,0.8881,Rejected
8633,0.2662,1,0.2435,Verified
8634,0.1509,1,0.1455,Rejected
8635,0.083,1,0.0796,Review
8636,0.8952,1,0.8463,Review
8637,0.0243,0,0.0235,Review
8638,0.492,0,0.474,Rejected
8639,0.8062,0,0.7567,Verified
8640,0.0349,0,0.0327,Rejected
8641,0.7169,1,0.6862,Verified
8642,0.9494,1,0.938,Verified
8643,0.8656,0,0.8364,Review
8644,0.4218,0,0.3992,Verified
8645,0.702,0,0.6492,Verified
8646,0.6575,1,0.6216,Verified
8647,0.3948,1,0.4133,Rejected
8648,0.696,0,0.6531,Review
8649,0.278,1,0.2758,Review
8650,0.1782,0,0.1803,Review
8651,0.351,0,0.3434,Rejected
8652,0.0038,0,0.0035,Verified
8653,0.788,1,0.7563,Rejected
8654,0.8296,0,0.7835,Rejected
8655,0.9737,1,0.9721,Verified
8656,0.7862,1,0.7221,Rejected
8657,0.7799,0,0.7193,Review
8658,0.2979,1,0.2848,Rejected
8659,0.4237,0,0.4195,Review
8660,0.0146,0,0.0152,Rejected
8661,0.6736,1,0.6404,Review
8662,0.1985,1,0.1892,Rejected
8663,0.1643,0,0.17,Verified
8664,0.9739,0,0.9341,Rejected
8665,0.2561,1,0.2341,Review
8666,0.8792,0,0.8456,Review
8667,0.581,1,0.5466,Verified
8668,0.8446,0,0.7871,Review
8669,0.0252,0,0.0264,Review
8670,0.6958,0,0.7053,Review
8671,0.568,1,0.5251,Verified
8672,0.3048,0,0.2786,Verified
8673,0.1117,0,0.1125,Rejected
8674,0.3544,0,0.3287,Review
8675,0.1664,0,0.1697,Review
8676,0.4727,0,0.4484,Verified
8677,0.8915,1,0.834,Rejected
8678,0.9075,1,0.9362,Rejected
8679,0.1173,1,0.1092,Verified
8680,0.9174,0,0.9138,Rejected
8681,0.0085,0,0.0077,Verified
8682,0.5843,1,0.5964,Rejected
8683,0.6678,0,0.6996,Verified
8684,0.9318,1,0.9703,Review
8685,0.5988,0,0.5435,Rejected
8686,0.7878,1,0.72,Verified
8687,0.1692,1,0.1742,Verified
8688,0.3688,1,0.3511,Rejected
8689,0.4216,0,0.3925,Rejected
8690,0.8114,1,0.8363,Review
8691,0.8209,0,0.7421,Rejected
8692,0.1673,1,0.1527,Review
8693,0.6379,1,0.5997,Review
8694,0.3291,0,0.3133,Verified
8695,0.1925,1,0.1887,Verified
8696,0.0637,0,0.0578,Review
8697,0.4093,0,0.3917,Rejected
8698,0.8997,1,0.83,Verified
8699,0.1139,0,0.1164,Rejected
8700,0.9226,0,0.9537,Review
8701,0.5529,0,0.5292,Verified
8702,0.1112,0,0.1111,Verified
8703,0.7956,1,0.8337,Verified
8704,0.1878,0,0.1961,Review
8705,0.2024,1,0.1985,Rejected
8706,0.7412,0,0.7492,Review
8707,0.1403,1,0.1337,Rejected
8708,0.2978,0,0.2902,Verified
8709,0.7195,1,0.6581,Verified
8710,0.0092,0,0.0089,Rejected
8711,0.0907,1,0.0842,Rejected
8712,0.1719,0,0.1556,Verified
8713,0.2244,1,0.2098,Review
8714,0.0379,1,0.0359,Verified
8715,0.6383,0,0.6447,Review
8716,0.1489,1,0.1344,Rejected
8717,0.1682,1,0.1648,Verified
8718,0.3414,0,0.3238,Review
8719,0.0767,1,0.0747,Verified
8720,0.6772,1,0.6603,Review
8721,0.7643,0,0.7264,Verified
8722,0.4931,0,0.4908,Verified
8723,0.7825,1,0.8105,Review
8724,0.9428,0,0.9252,Verified
8725,0.6919,0,0.6565,Review
8726,0.9856,0,1.0,Rejected
8727,0.621,1,0.6135,Verified
8728,0.8582,1,0.8522,Rejected
8729,0.3393,0,0.3223,Verified
8730,0.9985,0,0.9197,Verified
8731,0.1717,0,0.1659,Review
8732,0.9876,1,0.9541,Review
8733,0.1182,1,0.1208,Review
8734,0.6789,1,0.7017,Rejected
8735,0.6232,0,0.6432,Rejected
8736,0.2319,0,0.2361,Review
8737,0.5496,1,0.5303,Rejected
8738,0.0986,1,0.097,Rejected
8739,0.3161,1,0.3314,Review
8740,0.7271,0,0.683,Rejected
8741,0.929,0,0.9664,Rejected
8742,0.0786,1,0.0774,Review
8743,0.3618,0,0.3451,Review
8744,0.982,0,0.9785,Verified
8745,0.1518,0,0.1493,Rejected
8746,0.0304,0,0.0311,Review
8747,0.3596,1,0.361,Rejected
8748,0.1507,0,0.1393,Verified
8749,0.3026,1,0.3095,Review
8750,0.0103,1,0.0107,Rejected
8751,0.5855,0,0.5576,Review
8752,0.5181,0,0.5044,Rejected
8753,0.498,0,0.4667,Rejected
8754,0.4104,0,0.3865,Review
8755,0.8154,1,0.748,Rejected
8756,0.3854,1,0.3904,Review
8757,0.6681,1,0.6703,Review
8758,0.4346,0,0.3975,Rejected
8759,0.8191,0,0.757,Rejected
8760,0.4629,1,0.4343,Rejected
8761,0.2812,1,0.2844,Review
8762,0.9466,1,0.9436,Verified
8763,0.8214,0,0.7994,Review
8764,0.5537,1,0.5616,Review
8765,0.8478,0,0.8532,Review
8766,0.3605,0,0.3322,Review
8767,0.6356,1,0.616,Rejected
8768,0.467,1,0.4602,Review
8769,0.1609,1,0.1609,Review
8770,0.6825,1,0.6959,Verified
8771,0.3267,1,0.2997,Review
8772,0.7576,0,0.7132,Rejected
8773,0.7619,1,0.7165,Rejected
8774,0.5016,1,0.5077,Verified
8775,0.4091,1,0.3711,Verified
8776,0.467,1,0.4669,Verified
8777,0.7343,0,0.7039,Review
8778,0.5567,0,0.5167,Rejected
8779,0.6125,1,0.6011,Rejected
8780,0.58,1,0.5643,Rejected
8781,0.9157,0,0.9383,Verified
8782,0.8249,1,0.7666,Rejected
8783,0.7227,1,0.7043,Rejected
8784,0.2842,1,0.2571,Rejected
8785,0.7992,0,0.7397,Verified
8786,0.0848,1,0.0811,Review
8787,0.2364,1,0.2211,Verified
8788,0.8314,1,0.8153,Verified
8789,0.3686,0,0.3549,Review
8790,0.9081,1,0.9465,Rejected
8791,0.5982,1,0.6118,Review
8792,0.5989,1,0.56,Review
8793,0.8133,0,0.7367,Rejected
8794,0.9551,0,0.948,Rejected
8795,0.4621,0,0.4178,Verified
8796,0.7361,1,0.7426,Verified
8797,0.694,0,0.711,Rejected
8798,0.4763,1,0.4524,Review
8799,0.934,0,0.9364,Rejected
8800,0.6121,1,0.5894,Review
8801,0.4955,0,0.4977,Verified
8802,0.184,1,0.1759,Review
8803,0.6291,1,0.5769,Rejected
8804,0.7244,0,0.7271,Review
8805,0.6889,0,0.6621,Review
8806,0.0387,1,0.0388,Review
8807,0.6139,1,0.5719,Review
8808,0.5618,1,0.5744,Review
8809,0.6943,0,0.6582,Review
8810,0.0382,1,0.0362,Verified
8811,0.7558,1,0.6946,Verified
8812,0.6997,0,0.7318,Review
8813,0.6604,0,0.6134,Verified
8814,0.225,1,0.2195,Rejected
8815,0.2387,0,0.2294,Review
8816,0.1611,1,0.158,Verified
8817,0.4894,0,0.4622,Review
8818,0.8476,1,0.8618,Rejected
8819,0.5477,1,0.5237,Rejected
8820,0.7948,0,0.8259,Review
8821,0.523,1,0.4959,Rejected
8822,0.6799,1,0.6243,Rejected
8823,0.3911,1,0.381,Verified
8824,0.2107,1,0.2211,Verified
8825,0.0482,0,0.0444,Rejected
8826,0.8905,0,0.8532,Rejected
8827,0.4581,0,0.4639,Rejected
8828,0.5019,0,0.4794,Review
8829,0.1016,1,0.103,Review
8830,0.1226,1,0.1167,Review
8831,0.6444,1,0.6324,Rejected
8832,0.6157,1,0.6201,Verified
8833,0.6444,0,0.6298,Verified
8834,0.6122,0,0.5984,Review
8835,0.3808,1,0.3749,Review
8836,0.7234,0,0.6714,Review
8837,0.9975,0,0.9386,Rejected
8838,0.1792,1,0.1731,Review
8839,0.2382,1,0.2164,Rejected
8840,0.7992,0,0.835,Verified
8841,0.8574,1,0.8811,Rejected
8842,0.2471,0,0.2528,Review
8843,0.8982,1,0.836,Verified
8844,0.1553,1,0.1482,Rejected
8845,0.8265,1,0.8191,Review
8846,0.7587,0,0.7479,Rejected
8847,0.1352,1,0.1416,Review
8848,0.8881,0,0.8548,Verified
8849,0.1291,1,0.1269,Verified
8850,0.8692,1,0.8556,Rejected
8851,0.0992,1,0.0953,Verified
8852,0.0601,1,0.055,Review
8853,0.9211,1,0.835,Review
8854,0.5163,1,0.4816,Rejected
8855,0.3089,1,0.2876,Review
8856,0.004,1,0.0039,Review
8857,0.0112,1,0.0111,Review
8858,0.6014,0,0.5478,Rejected
8859,0.0891,0,0.0814,Verified
8860,0.3335,0,0.3058,Review
8861,0.4892,0,0.5037,Rejected
8862,0.7111,1,0.7088,Review
8863,0.787,0,0.8237,Rejected
8864,0.635,1,0.6109,Review
8865,0.9922,1,0.8982,Rejected
8866,0.7974,1,0.7489,Verified
8867,0.9782,0,0.9913,Verified
8868,0.3425,0,0.3434,Verified
8869,0.8735,1,0.8983,Rejected
8870,0.4027,0,0.3852,Rejected
8871,0.7992,0,0.7345,Verified
8872,0.84,0,0.8389,Verified
8873,0.3387,1,0.34,Review
8874,0.6958,1,0.6374,Rejected
8875,0.4012,1,0.4001,Review
8876,0.2863,0,0.2648,Review
8877,0.5822,1,0.596,Verified
8878,0.3814,1,0.3831,Review
8879,0.2596,1,0.2618,Verified
8880,0.3406,1,0.3453,Review
8881,0.8504,1,0.8818,Verified
8882,0.6683,0,0.6774,Rejected
8883,0.2693,1,0.2582,Review
8884,0.0981,0,0.098,Rejected
8885,0.6277,0,0.614,Rejected
8886,0.6804,1,0.6856,Verified
8887,0.9486,1,0.9555,Review
8888,0.633,1,0.5774,Review
8889,0.2426,0,0.2272,Rejected
8890,0.0826,0,0.0818,Review
8891,0.7417,1,0.6749,Verified
8892,0.356,1,0.3261,Review
8893,0.8089,1,0.7615,Verified
8894,0.8846,0,0.8935,Rejected
8895,0.5692,1,0.5377,Rejected
8896,0.4825,0,0.488,Rejected
8897,0.1004,1,0.0916,Rejected
8898,0.6755,0,0.6903,Review
8899,0.053,0,0.0555,Verified
8900,0.6247,1,0.6267,Rejected
8901,0.41,1,0.3879,Rejected
8902,0.8877,1,0.8711,Verified
8903,0.6256,1,0.5734,Rejected
8904,0.8119,1,0.8356,Verified
8905,0.2765,1,0.2692,Review
8906,0.7444,0,0.7452,Review
8907,0.481,1,0.4893,Review
8908,0.3359,0,0.3358,Verified
8909,0.3697,0,0.3386,Rejected
8910,0.9348,0,0.8818,Verified
8911,0.5776,0,0.5416,Review
8912,0.4807,1,0.4814,Verified
8913,0.0038,1,0.0035,Review
8914,0.8601,1,0.8391,Review
8915,0.0051,0,0.0049,Rejected
8916,0.4688,0,0.4907,Verified
8917,0.4278,1,0.4281,Verified
8918,0.9495,0,0.9012,Rejected
8919,0.6839,0,0.6893,Review
8920,0.3247,1,0.3117,Verified
8921,0.6901,0,0.6471,Review
8922,0.8654,0,0.8027,Verified
8923,0.9474,1,0.9389,Review
8924,0.0516,1,0.0472,Rejected
8925,0.6425,1,0.6231,Rejected
8926,0.2036,0,0.2089,Verified
8927,0.6903,0,0.7089,Review
8928,0.7379,0,0.6672,Rejected
8929,0.4393,1,0.408,Rejected
8930,0.4054,0,0.3777,Verified
8931,0.25,1,0.2431,Review
8932,0.9784,1,0.8904,Verified
8933,0.0241,1,0.0251,Rejected
8934,0.0464,1,0.0448,Verified
8935,0.8939,1,0.8667,Rejected
8936,0.955,1,0.9204,Verified
8937,0.4878,0,0.5053,Verified
8938,0.511,1,0.476,Review
8939,0.6556,1,0.6781,Verified
8940,0.1827,0,0.1776,Review
8941,0.3521,1,0.3453,Review
8942,0.1308,1,0.119,Review
8943,0.0446,0,0.045,Review
8944,0.2128,1,0.2017,Review
8945,0.1056,0,0.098,Verified
8946,0.9903,1,1.0,Review
8947,0.5038,0,0.5249,Rejected
8948,0.8964,1,0.8646,Verified
8949,0.5237,1,0.4973,Rejected
8950,0.8301,0,0.7619,Verified
8951,0.7789,1,0.8123,Review
8952,0.3933,0,0.384,Verified
8953,0.3629,1,0.3385,Verified
8954,0.3158,0,0.293,Review
8955,0.6516,0,0.6054,Verified
8956,0.6251,1,0.6363,Verified
8957,0.937,0,0.8754,Verified
8958,0.4609,0,0.4702,Rejected
8959,0.86,1,0.8532,Verified
8960,0.3826,1,0.345,Verified
8961,0.0054,0,0.0051,Verified
8962,0.775,1,0.7947,Verified
8963,0.9407,1,0.9798,Review
8964,0.2866,1,0.2868,Review
8965,0.6333,1,0.5965,Review
8966,0.5221,0,0.5002,Rejected
8967,0.7409,1,0.6886,Rejected
8968,0.7119,1,0.7375,Rejected
8969,0.224,1,0.219,Verified
8970,0.0337,1,0.0324,Verified
8971,0.167,0,0.1642,Review
8972,0.4258,0,0.4052,Verified
8973,0.6025,1,0.5597,Verified
8974,0.0246,0,0.0256,Rejected
8975,0.0104,0,0.0104,Verified
8976,0.006,0,0.0061,Rejected
8977,0.0963,0,0.0937,Review
8978,0.0473,1,0.0439,Review
8979,0.4682,0,0.4767,Verified
8980,0.3898,1,0.4059,Verified
8981,0.4366,1,0.4453,Review
8982,0.0712,0,0.0744,Rejected
8983,0.2107,0,0.1991,Verified
8984,0.172,0,0.1715,Verified
8985,0.7759,1,0.8044,Rejected
8986,0.7495,0,0.6996,Review
8987,0.7134,0,0.7005,Rejected
8988,0.4562,1,0.4747,Rejected
8989,0.2984,0,0.2901,Review
8990,0.5065,0,0.501,Review
8991,0.7512,0,0.7461,Verified
8992,0.5112,1,0.5159,Verified
8993,0.4404,1,0.4228,Verified
8994,0.1477,1,0.1435,Review
8995,0.7273,0,0.6634,Verified
8996,0.0543,1,0.0536,Review
8997,0.4209,1,0.3825,Review
8998,0.6581,0,0.5983,Verified
8999,0.7764,1,0.7106,Verified
9000,0.1942,1,0.1939,Rejected
9001,0.514,0,0.4884,Review
9002,0.453,1,0.4264,Review
9003,0.8777,1,0.8557,Verified
9004,0.5577,1,0.5023,Verified
9005,0.8649,0,0.8415,Verified
9006,0.7422,1,0.7744,Review
9007,0.5295,1,0.53,Review
9008,0.656,1,0.6535,Verified
9009,0.9859,1,0.9388,Review
9010,0.9836,1,0.9072,Verified
9011,0.9913,1,0.8992,Rejected
9012,0.2338,1,0.2394,Review
9013,0.5355,1,0.4915,Review
9014,0.3083,0,0.2903,Review
9015,0.3442,0,0.3177,Verified
9016,0.5674,1,0.5672,Review
9017,0.4064,0,0.3903,Rejected
9018,0.3951,0,0.3574,Rejected
9019,0.1629,0,0.1697,Review
9020,0.2581,0,0.2518,Review
9021,0.6635,0,0.6786,Review
9022,0.1136,0,0.1077,Review
9023,0.7893,0,0.7199,Review
9024,0.0078,1,0.0076,Review
9025,0.9325,1,0.8496,Verified
9026,0.8016,0,0.8015,Verified
9027,0.0494,0,0.0493,Verified
9028,0.5444,1,0.5189,Rejected
9029,0.5867,1,0.6026,Rejected
9030,0.0009,0,0.0008,Review
9031,0.3896,0,0.3865,Review
9032,0.7101,0,0.7185,Review
9033,0.782,0,0.7141,Verified
9034,0.1711,0,0.166,Review
9035,0.7722,0,0.7557,Review
9036,0.4238,1,0.3986,Rejected
9037,0.425,0,0.4386,Verified
9038,0.967,0,0.9604,Verified
9039,0.2136,1,0.1942,Rejected
9040,0.572,1,0.5322,Rejected
9041,0.8792,1,0.8425,Rejected
9042,0.8584,0,0.8432,Verified
9043,0.7041,0,0.6526,Review
9044,0.3064,1,0.3088,Verified
9045,0.1388,1,0.13,Review
9046,0.2555,1,0.2448,Verified
9047,0.4311,1,0.4037,Review
9048,0.7719,0,0.7992,Verified
9049,0.7982,1,0.7777,Review
9050,0.8158,0,0.7831,Review
9051,0.813,1,0.7848,Review
9052,0.1771,0,0.174,Verified
9053,0.2653,0,0.2408,Rejected
9054,0.5345,0,0.5134,Rejected
9055,0.6223,0,0.6372,Verified
9056,0.146,0,0.1389,Verified
9057,0.1139,1,0.1135,Rejected
9058,0.661,1,0.6371,Review
9059,0.4109,1,0.4174,Rejected
9060,0.3544,1,0.3631,Rejected
9061,0.0154,0,0.0149,Review
9062,0.5302,0,0.5557,Review
9063,0.7458,1,0.6996,Review
9064,0.9643,0,0.9437,Rejected
9065,0.7539,0,0.7691,Review
9066,0.3789,0,0.3755,Verified
9067,0.5335,1,0.512,Review
9068,0.2382,1,0.2216,Verified
9069,0.958,0,0.9137,Review
9070,0.4127,1,0.4281,Rejected
9071,0.9602,1,0.9593,Verified
9072,0.6788,0,0.674,Verified
9073,0.2888,1,0.272,Review
9074,0.446,0,0.4422,Rejected
9075,0.0036,1,0.0034,Rejected
9076,0.7656,0,0.6977,Rejected
9077,0.3461,1,0.3349,Verified
9078,0.2024,1,0.19,Verified
9079,0.6342,1,0.634,Verified
9080,0.4501,1,0.4288,Verified
9081,0.2014,1,0.2012,Verified
9082,0.7243,0,0.6917,Verified
9083,0.19,0,0.172,Review
9084,0.6009,1,0.6085,Review
9085,0.6595,0,0.6574,Rejected
9086,0.7341,0,0.7396,Verified
9087,0.1698,1,0.1639,Rejected
9088,0.421,1,0.4361,Verified
9089,0.4852,0,0.4871,Rejected
9090,0.0565,1,0.0528,Verified
9091,0.7573,1,0.7624,Rejected
9092,0.6889,0,0.6376,Rejected
9093,0.1473,1,0.1461,Review
9094,0.9022,0,0.9344,Rejected
9095,0.2838,1,0.2915,Review
9096,0.6382,0,0.5902,Verified
9097,0.1531,1,0.1592,Verified
9098,0.158,0,0.1467,Review
9099,0.1743,0,0.1803,Review
9100,0.5413,1,0.558,Review
9101,0.9894,1,1.0,Review
9102,0.5699,0,0.5671,Rejected
9103,0.0807,0,0.0847,Verified
9104,0.2663,0,0.2568,Review
9105,0.6773,0,0.6581,Verified
9106,0.4618,0,0.4217,Review
9107,0.354,0,0.3716,Verified
9108,0.057,1,0.0563,Review
9109,0.3092,0,0.3235,Review
9110,0.7662,0,0.7436,Verified
9111,0.9747,0,1.0,Verified
9112,0.1429,0,0.1353,Review
9113,0.2127,0,0.2223,Review
9114,0.1671,1,0.1623,Verified
9115,0.8772,1,0.8628,Verified
9116,0.8167,0,0.8089,Verified
9117,0.208,1,0.2136,Rejected
9118,0.5943,0,0.546,Verified
9119,0.1072,0,0.0982,Review
9120,0.6128,0,0.6376,Rejected
9121,0.9769,1,1.0,Rejected
9122,0.683,1,0.6485,Rejected
9123,0.2828,1,0.2778,Review
9124,0.8177,0,0.751,Review
9125,0.9598,1,0.9934,Verified
9126,0.885,1,0.8289,Rejected
9127,0.153,1,0.1391,Verified
9128,0.5771,1,0.6059,Review
9129,0.0626,0,0.0629,Verified
9130,0.1881,1,0.1774,Rejected
9131,0.051,0,0.0488,Review
9132,0.9813,1,0.9756,Review
9133,0.5494,0,0.507,Verified
9134,0.1991,1,0.1891,Review
9135,0.0616,1,0.0617,Review
9136,0.4314,1,0.4254,Rejected
9137,0.1557,0,0.1619,Rejected
9138,0.3191,1,0.3254,Review
9139,0.0863,1,0.0861,Review
9140,0.3151,1,0.3229,Review
9141,0.6006,1,0.5897,Rejected
9142,0.1533,0,0.1519,Rejected
9143,0.6433,1,0.607,Verified
9144,0.0203,1,0.0201,Rejected
9145,0.4633,0,0.4653,Verified
9146,0.398,1,0.4175,Rejected
9147,0.1082,1,0.0996,Review
9148,0.8362,0,0.7805,Rejected
9149,0.9097,1,0.8573,Verified
9150,0.6533,0,0.602,Review
9151,0.0085,0,0.008,Rejected
9152,0.1528,1,0.1416,Review
9153,0.7222,0,0.6919,Review
9154,0.7047,1,0.6842,Rejected
9155,0.2133,1,0.212,Verified
9156,0.4995,1,0.4502,Review
9157,0.2649,0,0.2764,Verified
9158,0.2571,0,0.2592,Review
9159,0.3936,1,0.3908,Review
9160,0.036,0,0.0332,Verified
9161,0.6186,1,0.5643,Verified
9162,0.9693,1,1.0,Rejected
9163,0.0423,0,0.0437,Review
9164,0.2648,1,0.2528,Verified
9165,0.756,0,0.7901,Review
9166,0.5472,0,0.5395,Review
9167,0.9149,1,0.8489,Verified
9168,0.6273,0,0.6367,Review
9169,0.694,0,0.6268,Verified
9170,0.4544,0,0.4569,Verified
9171,0.395,1,0.4043,Verified
9172,0.7726,1,0.7384,Verified
9173,0.4265,0,0.4474,Verified
9174,0.8867,0,0.8214,Rejected
9175,0.1265,1,0.1243,Verified
9176,0.5013,0,0.4512,Review
9177,0.8248,0,0.8003,Review
9178,0.9892,1,0.9534,Verified
9179,0.7743,1,0.7494,Verified
9180,0.6534,0,0.6064,Rejected
9181,0.6657,0,0.6453,Verified
9182,0.6204,1,0.582,Review
9183,0.5057,1,0.4832,Review
9184,0.2718,0,0.2833,Rejected
9185,0.8122,1,0.8033,Rejected
9186,0.4333,1,0.3965,Rejected
9187,0.833,0,0.8582,Rejected
9188,0.9314,1,0.9481,Review
9189,0.4615,0,0.456,Review
9190,0.8786,1,0.8704,Rejected
9191,0.0047,1,0.0044,Rejected
9192,0.6055,1,0.5682,Verified
9193,0.8403,0,0.8715,Review
9194,0.6287,0,0.6,Verified
9195,0.0231,1,0.0211,Verified
9196,0.6077,1,0.5846,Review
9197,0.9995,1,1.0,Verified
9198,0.7509,1,0.7314,Verified
9199,0.1706,0,0.1673,Rejected
9200,0.5858,0,0.5677,Review
9201,0.9056,1,0.8268,Rejected
9202,0.1115,1,0.1054,Review
9203,0.9794,0,0.9935,Rejected
9204,0.1807,0,0.1744,Review
9205,0.0298,1,0.0297,Review
9206,0.4109,0,0.3909,Rejected
9207,0.1625,0,0.1587,Rejected
9208,0.8522,0,0.8793,Review
9209,0.5337,0,0.4857,Verified
9210,0.1692,1,0.1716,Verified
9211,0.0912,1,0.0938,Review
9212,0.7883,1,0.7465,Verified
9213,0.5596,0,0.5298,Review
9214,0.8065,1,0.7831,Review
9215,0.3411,1,0.3462,Rejected
9216,0.4839,1,0.4711,Review
9217,0.59,0,0.597,Review
9218,0.769,0,0.8063,Verified
9219,0.2824,1,0.2954,Rejected
9220,0.7696,0,0.7839,Review
9221,0.8475,0,0.8892,Rejected
9222,0.9648,1,0.9903,Verified
9223,0.5728,1,0.5749,Verified
9224,0.5623,1,0.5239,Verified
9225,0.2037,0,0.2005,Verified
9226,0.8292,0,0.8097,Rejected
9227,0.6777,0,0.6415,Verified
9228,0.2606,0,0.2589,Verified
9229,0.2169,1,0.2249,Verified
9230,0.4021,0,0.3857,Verified
9231,0.9886,1,0.9833,Rejected
9232,0.0118,1,0.0116,Verified
9233,0.7112,0,0.7343,Review
9234,0.9675,1,0.934,Review
9235,0.6192,0,0.572,Review
9236,0.3399,1,0.3469,Verified
9237,0.5533,0,0.5468,Rejected
9238,0.6823,1,0.6512,Review
9239,0.2176,1,0.2075,Verified
9240,0.7357,1,0.7195,Verified
9241,0.9135,1,0.9306,Verified
9242,0.2262,1,0.2297,Verified
9243,0.9899,0,1.0,Verified
9244,0.3764,0,0.3498,Rejected
9245,0.5515,1,0.5494,Verified
9246,0.0371,1,0.0373,Verified
9247,0.0632,1,0.0664,Rejected
9248,0.7784,1,0.7806,Rejected
9249,0.1427,0,0.1345,Review
9250,0.6526,1,0.6225,Rejected
9251,0.6219,1,0.5939,Rejected
9252,0.07,1,0.0714,Rejected
9253,0.4613,0,0.4622,Review
9254,0.5809,0,0.5279,Verified
9255,0.7727,0,0.7636,Verified
9256,0.3972,0,0.3918,Review
9257,0.1147,0,0.1173,Rejected
9258,0.0849,1,0.0831,Verified
9259,0.0104,0,0.0098,Review
9260,0.6883,0,0.6667,Rejected
9261,0.6691,0,0.6143,Review
9262,0.6338,0,0.6049,Review
9263,0.6336,1,0.5996,Rejected
9264,0.3573,1,0.3424,Review
9265,0.4729,1,0.4939,Rejected
9266,0.8653,0,0.8172,Verified
9267,0.9099,0,0.8462,Rejected
9268,0.6253,0,0.6302,Verified
9269,0.209,0,0.2029,Rejected
9270,0.826,0,0.8223,Verified
9271,0.1999,0,0.1871,Verified
9272,0.5378,1,0.4992,Rejected
9273,0.3651,0,0.3519,Rejected
9274,0.3664,0,0.356,Review
9275,0.9076,1,0.8674,Verified
9276,0.1375,1,0.1289,Review
9277,0.625,1,0.6063,Review
9278,0.9993,0,1.0,Review
9279,0.7718,0,0.7574,Verified
9280,0.6615,1,0.6855,Review
9281,0.2143,0,0.2218,Review
9282,0.526,0,0.523,Rejected
9283,0.9057,0,0.9137,Rejected
9284,0.1158,1,0.1075,Verified
9285,0.0144,0,0.0138,Rejected
9286,0.7551,1,0.7123,Rejected
9287,0.5524,1,0.526,Verified
9288,0.8032,0,0.7558,Rejected
9289,0.3494,1,0.3208,Rejected
9290,0.0734,0,0.0731,Verified
9291,0.9805,0,1.0,Review
9292,0.2199,1,0.198,Verified
9293,0.4461,0,0.4546,Verified
9294,0.2644,0,0.2516,Review
9295,0.6199,0,0.626,Rejected
9296,0.7545,1,0.7206,Review
9297,0.9995,0,0.9584,Verified
9298,0.2185,1,0.227,Review
9299,0.787,1,0.742,Review
9300,0.3344,1,0.3055,Verified
9301,0.9487,1,0.9652,Review
9302,0.238,1,0.2329,Review
9303,0.1359,0,0.1388,Verified
9304,0.6057,1,0.5839,Rejected
9305,0.1,1,0.1021,Review
9306,0.4387,0,0.3962,Review
9307,0.0787,0,0.0792,Rejected
9308,0.3499,0,0.3444,Rejected
9309,0.5417,1,0.5235,Review
9310,0.3758,0,0.3632,Rejected
9311,0.445,0,0.425,Verified
9312,0.9451,1,0.861,Review
9313,0.0926,1,0.0946,Rejected
9314,0.0526,0,0.0489,Verified
9315,0.5412,0,0.5366,Verified
9316,0.3262,1,0.3325,Verified
9317,0.7595,0,0.728,Verified
9318,0.8467,1,0.7749,Verified
9319,0.5546,1,0.5795,Rejected
9320,0.038,0,0.036,Rejected
9321,0.181,1,0.1868,Review
9322,0.8111,0,0.8285,Rejected
9323,0.0296,0,0.0299,Review
9324,0.3993,1,0.4183,Verified
9325,0.4056,1,0.3683,Rejected
9326,0.7667,0,0.6982,Rejected
9327,0.021,1,0.0218,Verified
9328,0.1011,0,0.105,Review
9329,0.0937,0,0.0874,Rejected
9330,0.1492,0,0.1542,Rejected
9331,0.0993,0,0.0997,Rejected
9332,0.3616,1,0.3626,Rejected
9333,0.7276,1,0.7068,Verified
9334,0.7268,0,0.7553,Rejected
9335,0.8728,0,0.8088,Verified
9336,0.1372,1,0.1376,Review
9337,0.2973,0,0.3014,Review
9338,0.9015,0,0.8395,Rejected
9339,0.2328,0,0.2155,Rejected
9340,0.5951,0,0.5546,Review
9341,0.8037,0,0.8125,Rejected
9342,0.3203,1,0.3351,Verified
9343,0.9078,1,0.9105,Rejected
9344,0.7116,1,0.7445,Verified
9345,0.5806,1,0.6085,Rejected
9346,0.0782,0,0.0813,Rejected
9347,0.1934,1,0.1783,Review
9348,0.6438,0,0.6264,Rejected
9349,0.0727,0,0.0659,Rejected
9350,0.3611,0,0.3585,Rejected
9351,0.3179,1,0.2898,Rejected
9352,0.5653,1,0.5588,Review
9353,0.8344,0,0.8746,Review
9354,0.677,1,0.6604,Verified
9355,0.8742,0,0.8134,Review
9356,0.9868,0,0.9279,Verified
9357,0.1012,1,0.0994,Review
9358,0.9972,1,0.9213,Rejected
9359,0.9438,0,0.91,Review
9360,0.2306,0,0.2294,Verified
9361,0.1254,0,0.1278,Review
9362,0.4446,0,0.4525,Verified
9363,0.1727,1,0.1619,Verified
9364,0.6479,1,0.6648,Rejected
9365,0.2624,1,0.2566,Rejected
9366,0.0607,1,0.0621,Review
9367,0.3087,1,0.2994,Review
9368,0.8499,1,0.8849,Review
9369,0.5893,1,0.5451,Review
9370,0.6628,0,0.6292,Rejected
9371,0.0769,0,0.0769,Rejected
9372,0.1053,0,0.1035,Rejected
9373,0.8645,1,0.7937,Rejected
9374,0.8142,0,0.778,Review
9375,0.7185,0,0.7233,Review
9376,0.4876,0,0.48,Review
9377,0.6931,0,0.6701,Review
9378,0.1416,1,0.1333,Rejected
9379,0.5368,1,0.491,Review
9380,0.7378,0,0.678,Rejected
9381,0.1659,0,0.1501,Review
9382,0.8942,1,0.8228,Review
9383,0.0592,1,0.0572,Rejected
9384,0.1989,0,0.2002,Review
9385,0.7238,1,0.6552,Rejected
9386,0.8441,1,0.8461,Rejected
9387,0.1832,1,0.1921,Rejected
9388,0.5733,1,0.5874,Rejected
9389,0.356,1,0.3553,Rejected
9390,0.3418,1,0.309,Rejected
9391,0.1392,0,0.1401,Rejected
9392,0.9443,0,0.8757,Verified
9393,0.1753,1,0.1642,Verified
9394,0.4342,1,0.4154,Rejected
9395,0.9566,0,0.9844,Review
9396,0.5009,1,0.5194,Rejected
9397,0.6565,0,0.5962,Verified
9398,0.4177,0,0.39,Rejected
9399,0.6381,0,0.6442,Verified
9400,0.5983,0,0.5966,Rejected
9401,0.2358,0,0.2158,Review
9402,0.8014,0,0.8301,Review
9403,0.3839,0,0.4019,Verified
9404,0.1209,0,0.1093,Review
9405,0.638,0,0.6551,Review
9406,0.4815,1,0.4572,Review
9407,0.9554,0,0.9045,Rejected
9408,0.4119,1,0.3901,Verified
9409,0.2141,0,0.2084,Rejected
9410,0.4401,0,0.4538,Review
9411,0.2565,1,0.2678,Rejected
9412,0.7257,1,0.7465,Review
9413,0.1751,1,0.1747,Rejected
9414,0.3616,1,0.3456,Rejected
9415,0.0208,1,0.019,Review
9416,0.2801,1,0.2535,Rejected
9417,0.5299,1,0.5536,Review
9418,0.9035,0,0.9198,Verified
9419,0.1927,0,0.1796,Rejected
9420,0.8124,1,0.7715,Verified
9421,0.2442,1,0.2543,Rejected
9422,0.5054,1,0.4627,Verified
9423,0.3838,1,0.3607,Review
9424,0.9807,1,0.9042,Review
9425,0.2397,0,0.2175,Review
9426,0.4549,1,0.4122,Verified
9427,0.9761,1,0.9498,Verified
9428,0.1832,0,0.1719,Rejected
9429,0.793,0,0.7505,Rejected
9430,0.143,0,0.1436,Review
9431,0.0043,0,0.004,Verified
9432,0.9162,0,0.9427,Rejected
9433,0.2026,0,0.1903,Verified
9434,0.8998,0,0.877,Rejected
9435,0.2499,0,0.2494,Verified
9436,0.426,0,0.4163,Verified
9437,0.0229,1,0.0227,Review
9438,0.0981,1,0.0967,Verified
9439,0.2221,1,0.2283,Review
9440,0.3527,1,0.3205,Rejected
9441,0.6942,0,0.6657,Verified
9442,0.8192,0,0.7502,Verified
9443,0.4862,0,0.445,Rejected
9444,0.5301,0,0.5059,Verified
9445,0.6399,1,0.6107,Verified
9446,0.9586,1,0.9018,Review
9447,0.792,1,0.7161,Verified
9448,0.83,1,0.7854,Review
9449,0.8934,1,0.8893,Rejected
9450,0.3428,0,0.3219,Rejected
9451,0.5652,0,0.5719,Rejected
9452,0.8619,0,0.793,Rejected
9453,0.7865,0,0.7828,Review
9454,0.3971,1,0.3971,Review
9455,0.1755,0,0.1707,Review
9456,0.0061,1,0.0062,Review
9457,0.989,0,1.0,Rejected
9458,0.7842,0,0.7939,Rejected
9459,0.5427,1,0.5032,Rejected
9460,0.6846,1,0.6448,Verified
9461,0.3275,1,0.3205,Rejected
9462,0.1784,1,0.1868,Review
9463,0.1741,1,0.1601,Rejected
9464,0.3566,1,0.3737,Review
9465,0.2554,1,0.2304,Rejected
9466,0.2689,0,0.2562,Review
9467,0.4758,1,0.4663,Verified
9468,0.59,0,0.6193,Rejected
9469,0.2367,1,0.2412,Review
9470,0.2655,0,0.2571,Review
9471,0.3618,0,0.3382,Rejected
9472,0.335,1,0.3039,Verified
9473,0.5936,1,0.5638,Verified
9474,0.4082,0,0.422,Rejected
9475,0.0475,1,0.0434,Verified
9476,0.6804,0,0.6625,Rejected
9477,0.5277,0,0.5416,Verified
9478,0.2875,1,0.2937,Verified
9479,0.8251,1,0.814,Rejected
9480,0.7422,1,0.7194,Verified
9481,0.1872,1,0.1768,Rejected
9482,0.5495,1,0.5141,Review
9483,0.285,0,0.2979,Verified
9484,0.234,1,0.2158,Verified
9485,0.3946,0,0.3866,Review
9486,0.8223,0,0.7683,Review
9487,0.2468,0,0.2328,Rejected
9488,0.9253,0,0.8687,Review
9489,0.4139,1,0.4156,Verified
9490,0.5122,0,0.5158,Verified
9491,0.3601,0,0.3408,Rejected
9492,0.8087,1,0.8366,Review
9493,0.914,1,0.8606,Rejected
9494,0.6159,1,0.5568,Verified
9495,0.8188,1,0.7721,Review
9496,0.1406,0,0.1413,Review
9497,0.727,0,0.7421,Review
9498,0.6221,1,0.5679,Rejected
9499,0.0737,1,0.0693,Verified
9500,0.5097,1,0.459,Verified
9501,0.8106,1,0.7893,Rejected
9502,0.6555,0,0.5958,Review
9503,0.9217,0,0.9371,Review
9504,0.4084,1,0.4144,Rejected
9505,0.5094,1,0.5221,Rejected
9506,0.1503,1,0.1448,Review
9507,0.3398,0,0.3455,Verified
9508,0.3197,0,0.3049,Review
9509,0.3181,0,0.3246,Review
9510,0.5905,1,0.5701,Rejected
9511,0.5982,0,0.5704,Rejected
9512,0.3589,1,0.3333,Rejected
9513,0.9175,1,0.8374,Verified
9514,0.5426,0,0.5002,Rejected
9515,0.1726,1,0.1619,Rejected
9516,0.5013,0,0.4995,Review
9517,0.4354,1,0.4409,Verified
9518,0.8239,1,0.7711,Verified
9519,0.094,0,0.0868,Verified
9520,0.0683,0,0.0661,Verified
9521,0.9445,0,0.9361,Verified
9522,0.2459,0,0.2306,Rejected
9523,0.2505,1,0.2453,Review
9524,0.7643,0,0.7091,Rejected
9525,0.8018,0,0.7523,Rejected
9526,0.1347,1,0.1376,Rejected
9527,0.0102,0,0.0107,Review
9528,0.9044,1,0.8621,Rejected
9529,0.1994,1,0.1938,Rejected
9530,0.6657,0,0.6925,Verified
9531,0.3195,0,0.3079,Verified
9532,0.4342,0,0.4244,Rejected
9533,0.2878,1,0.2752,Rejected
9534,0.0712,1,0.0647,Rejected
9535,0.1691,1,0.1561,Verified
9536,0.4675,1,0.4513,Review
9537,0.8283,1,0.8254,Review
9538,0.8823,0,0.8085,Verified
9539,0.37,1,0.3554,Review
9540,0.3683,1,0.3453,Review
9541,0.6802,0,0.7018,Verified
9542,0.8717,1,0.8783,Verified
9543,0.916,0,0.828,Review
9544,0.3977,1,0.3805,Rejected
9545,0.0381,1,0.0382,Rejected
9546,0.2398,0,0.2371,Review
9547,0.663,0,0.6769,Review
9548,0.7082,0,0.6917,Verified
9549,0.1337,0,0.1366,Review
9550,0.2549,0,0.237,Rejected
9551,0.2804,1,0.2582,Review
9552,0.7579,1,0.7276,Verified
9553,0.6408,1,0.6325,Review
9554,0.1192,1,0.1109,Verified
9555,0.3608,0,0.3683,Rejected
9556,0.8698,0,0.85,Rejected
9557,0.7436,0,0.7361,Verified
9558,0.8947,0,0.9328,Rejected
9559,0.4683,0,0.4293,Rejected
9560,0.7309,0,0.6958,Review
9561,0.1815,0,0.1701,Rejected
9562,0.4855,1,0.4988,Review
9563,0.3151,0,0.2913,Rejected
9564,0.7078,1,0.6926,Rejected
9565,0.9161,0,0.9517,Rejected
9566,0.8833,1,0.8661,Rejected
9567,0.4957,0,0.4609,Review
9568,0.3564,0,0.3391,Rejected
9569,0.485,1,0.4951,Rejected
9570,0.8246,0,0.8571,Rejected
9571,0.169,1,0.1567,Review
9572,0.1399,0,0.1356,Review
9573,0.1048,1,0.1034,Review
9574,0.5986,1,0.5691,Rejected
9575,0.1236,1,0.1262,Rejected
9576,0.0118,0,0.0115,Rejected
9577,0.4521,1,0.4265,Rejected
9578,0.9018,0,0.8848,Review
9579,0.0275,0,0.026,Review
9580,0.4544,0,0.4439,Review
9581,0.7065,1,0.6952,Rejected
9582,0.1328,1,0.1209,Rejected
9583,0.5594,0,0.5366,Verified
9584,0.5336,1,0.5194,Rejected
9585,0.6638,1,0.6103,Review
9586,0.8118,1,0.7992,Review
9587,0.1117,0,0.1114,Verified
9588,0.2086,1,0.1978,Verified
9589,0.2774,1,0.2874,Rejected
9590,0.5428,1,0.507,Verified
9591,0.5361,1,0.5083,Review
9592,0.2789,0,0.2651,Review
9593,0.6013,1,0.6105,Review
9594,0.5081,0,0.5261,Verified
9595,0.8392,0,0.8511,Review
9596,0.0155,1,0.0154,Verified
9597,0.5477,1,0.507,Review
9598,0.9324,0,0.8965,Review
9599,0.368,1,0.3371,Verified
9600,0.5169,1,0.491,Review
9601,0.3662,0,0.3472,Review
9602,0.2098,0,0.1997,Review
9603,0.0596,0,0.0554,Review
9604,0.1405,0,0.1442,Verified
9605,0.6525,1,0.6245,Verified
9606,0.7114,1,0.7075,Review
9607,0.1742,0,0.1623,Verified
9608,0.6809,0,0.6732,Verified
9609,0.3898,1,0.376,Rejected
9610,0.3719,1,0.3719,Rejected
9611,0.4915,0,0.5004,Rejected
9612,0.0165,0,0.0173,Review
9613,0.1237,1,0.1279,Review
9614,0.2314,1,0.2205,Rejected
9615,0.6627,0,0.6118,Verified
9616,0.3395,1,0.3196,Verified
9617,0.7548,1,0.6884,Review
9618,0.4878,1,0.449,Verified
9619,0.8292,0,0.8544,Rejected
9620,0.0409,1,0.0416,Review
9621,0.7785,0,0.7961,Verified
9622,0.1309,0,0.1339,Rejected
9623,0.3983,0,0.3835,Verified
9624,0.2152,1,0.1943,Rejected
9625,0.5783,1,0.5462,Rejected
9626,0.8894,1,0.8664,Review
9627,0.6858,0,0.712,Rejected
9628,0.4144,0,0.387,Review
9629,0.5056,0,0.4605,Verified
9630,0.7614,1,0.7824,Rejected
9631,0.349,1,0.3344,Rejected
9632,0.6285,0,0.6079,Verified
9633,0.6769,1,0.6934,Rejected
9634,0.3492,0,0.3386,Verified
9635,0.8988,1,0.8481,Verified
9636,0.5656,1,0.5817,Verified
9637,0.5691,1,0.5704,Rejected
9638,0.3993,1,0.3849,Rejected
9639,0.446,1,0.434,Review
9640,0.3639,1,0.3525,Rejected
9641,0.9169,0,0.8709,Review
9642,0.0765,1,0.0784,Verified
9643,0.2129,0,0.2172,Rejected
9644,0.552,0,0.517,Verified
9645,0.6757,1,0.6371,Rejected
9646,0.7338,0,0.6851,Review
9647,0.2816,0,0.2935,Rejected
9648,0.6885,1,0.6607,Verified
9649,0.8548,0,0.7923,Verified
9650,0.3551,1,0.3719,Rejected
9651,0.4151,0,0.4095,Verified
9652,0.6719,1,0.6919,Review
9653,0.5567,0,0.5136,Rejected
9654,0.7049,0,0.7164,Verified
9655,0.7086,1,0.6919,Rejected
9656,0.2367,1,0.2201,Verified
9657,0.6207,1,0.6304,Rejected
9658,0.5888,1,0.6031,Verified
9659,0.4398,0,0.4207,Rejected
9660,0.8954,0,0.8998,Verified
9661,0.9364,1,0.8593,Rejected
9662,0.8722,1,0.8694,Rejected
9663,0.5174,1,0.4893,Review
9664,0.794,0,0.8225,Rejected
9665,0.3967,1,0.3581,Rejected
9666,0.4589,1,0.4512,Verified
9667,0.7848,0,0.7857,Review
9668,0.7616,0,0.7918,Rejected
9669,0.1425,0,0.1411,Review
9670,0.5187,1,0.5189,Review
9671,0.8034,1,0.7706,Rejected
9672,0.6311,0,0.6269,Review
9673,0.9385,1,0.9539,Rejected
9674,0.4701,0,0.4441,Verified
9675,0.7677,0,0.7781,Rejected
9676,0.3477,0,0.3174,Review
9677,0.6944,1,0.6439,Review
9678,0.0736,0,0.0675,Verified
9679,0.4743,0,0.4753,Rejected
9680,0.8433,1,0.7653,Verified
9681,0.0929,0,0.092,Review
9682,0.5733,1,0.5265,Verified
9683,0.998,1,0.9267,Verified
9684,0.7259,1,0.7239,Rejected
9685,0.1558,0,0.1435,Verified
9686,0.9868,1,0.9989,Rejected
9687,0.6307,0,0.5869,Rejected
9688,0.4032,0,0.3653,Review
9689,0.0593,1,0.0566,Verified
9690,0.6538,1,0.6317,Rejected
9691,0.7701,0,0.7296,Verified
9692,0.2685,1,0.2692,Rejected
9693,0.488,1,0.4416,Rejected
9694,0.7835,0,0.7645,Rejected
9695,0.4162,0,0.4091,Verified
9696,0.6583,1,0.6909,Verified
9697,0.0192,1,0.02,Review
9698,0.4583,0,0.4381,Rejected
9699,0.857,1,0.8026,Rejected
9700,0.4431,0,0.414,Verified
9701,0.4526,1,0.4584,Review
9702,0.4354,0,0.3998,Verified
9703,0.2092,1,0.19,Review
9704,0.4109,1,0.4026,Verified
9705,0.0476,0,0.0466,Verified
9706,0.1928,1,0.1809,Rejected
9707,0.112,0,0.1056,Review
9708,0.428,0,0.4152,Review
9709,0.0062,0,0.0057,Review
9710,0.6974,1,0.7278,Rejected
9711,0.0154,0,0.014,Verified
9712,0.9187,0,0.9432,Verified
9713,0.3698,1,0.3345,Rejected
9714,0.6126,0,0.5585,Verified
9715,0.3859,0,0.3766,Review
9716,0.1478,0,0.138,Verified
9717,0.4003,1,0.4002,Verified
9718,0.5171,1,0.478,Rejected
9719,0.6251,1,0.5654,Review
9720,0.1452,0,0.1428,Review
9721,0.9553,0,0.9383,Review
9722,0.4944,0,0.4802,Verified
9723,0.4616,0,0.4604,Verified
9724,0.7975,1,0.7936,Review
9725,0.522,0,0.4785,Rejected
9726,0.7177,1,0.6718,Rejected
9727,0.0191,0,0.0178,Verified
9728,0.3616,0,0.3462,Review
9729,0.7754,0,0.7563,Review
9730,0.3343,1,0.3069,Verified
9731,0.5963,0,0.553,Verified
9732,0.749,0,0.7281,Review
9733,0.2586,1,0.2586,Verified
9734,0.2245,0,0.2177,Verified
9735,0.7655,1,0.7006,Verified
9736,0.7263,1,0.7113,Rejected
9737,0.9046,0,0.8548,Verified
9738,0.1698,1,0.1687,Verified
9739,0.6076,0,0.634,Review
9740,0.6824,1,0.6677,Verified
9741,0.2945,1,0.3005,Rejected
9742,0.3599,1,0.3754,Review
9743,0.2413,0,0.247,Verified
9744,0.7978,0,0.7352,Rejected
9745,0.783,0,0.734,Verified
9746,0.0215,0,0.0225,Review
9747,0.9711,0,0.9467,Review
9748,0.9906,0,0.9997,Review
9749,0.5847,0,0.5637,Verified
9750,0.7282,1,0.6974,Rejected
9751,0.3401,1,0.3144,Rejected
9752,0.6047,0,0.581,Rejected
9753,0.844,1,0.842,Rejected
9754,0.815,1,0.8051,Review
9755,0.6279,0,0.5807,Rejected
9756,0.7854,1,0.8228,Rejected
9757,0.1744,0,0.1669,Review
9758,0.5204,0,0.5092,Verified
9759,0.08,0,0.0799,Verified
9760,0.6272,1,0.6511,Verified
9761,0.5078,0,0.5284,Verified
9762,0.4723,0,0.4935,Rejected
9763,0.0871,0,0.0879,Verified
9764,0.144,0,0.1421,Rejected
9765,0.8759,0,0.8084,Verified
9766,0.508,0,0.5199,Rejected
9767,0.4206,0,0.3934,Rejected
9768,0.8304,0,0.8373,Review
9769,0.2268,0,0.225,Rejected
9770,0.0785,0,0.0717,Verified
9771,0.912,0,0.8346,Review
9772,0.295,0,0.2712,Verified
9773,0.0087,0,0.0086,Rejected
9774,0.451,1,0.436,Review
9775,0.1992,0,0.1889,Verified
9776,0.4298,1,0.4152,Verified
9777,0.1716,1,0.1773,Rejected
9778,0.8592,1,0.8796,Rejected
9779,0.6421,0,0.6702,Verified
9780,0.4652,0,0.4418,Verified
9781,0.8661,0,0.814,Rejected
9782,0.2535,0,0.2551,Rejected
9783,0.2791,1,0.2768,Rejected
9784,0.3006,0,0.2961,Rejected
9785,0.6286,0,0.6431,Verified
9786,0.5548,1,0.555,Verified
9787,0.7663,0,0.7415,Review
9788,0.5205,1,0.4717,Verified
9789,0.7087,1,0.6634,Rejected
9790,0.3102,1,0.2993,Verified
9791,0.8582,0,0.8538,Rejected
9792,0.8706,0,0.8851,Rejected
9793,0.8541,0,0.8642,Rejected
9794,0.5313,0,0.5392,Review
9795,0.7242,1,0.6567,Rejected
9796,0.2386,0,0.2189,Review
9797,0.9927,1,0.9239,Verified
9798,0.2809,1,0.2538,Verified
9799,0.3757,0,0.3771,Review
9800,0.6732,0,0.6116,Verified
9801,0.1447,1,0.133,Verified
9802,0.6339,1,0.6499,Verified
9803,0.067,1,0.0689,Review
9804,0.7935,1,0.7653,Review
9805,0.1866,1,0.183,Verified
9806,0.6474,0,0.6368,Review
9807,0.4032,0,0.4036,Review
9808,0.3044,1,0.2977,Verified
9809,0.5932,0,0.565,Verified
9810,0.9539,1,0.9485,Review
9811,0.1018,0,0.1023,Rejected
9812,0.0904,1,0.0875,Verified
9813,0.7941,1,0.7379,Review
9814,0.45,1,0.4543,Verified
9815,0.8556,0,0.8394,Review
9816,0.1666,1,0.1713,Rejected
9817,0.8579,0,0.8822,Verified
9818,0.7122,0,0.6642,Rejected
9819,0.9903,0,0.9625,Verified
9820,0.4833,0,0.4559,Rejected
9821,0.4611,0,0.4555,Verified
9822,0.7356,1,0.721,Review
9823,0.8625,1,0.8755,Rejected
9824,0.337,1,0.3467,Review
9825,0.0536,0,0.0557,Review
9826,0.5111,0,0.5111,Rejected
9827,0.2395,1,0.2254,Rejected
9828,0.763,1,0.7195,Verified
9829,0.7898,1,0.7518,Verified
9830,0.4464,1,0.4484,Verified
9831,0.366,0,0.3359,Review
9832,0.2725,0,0.273,Verified
9833,0.8164,0,0.8353,Verified
9834,0.8048,1,0.7574,Verified
9835,0.5035,1,0.488,Rejected
9836,0.9639,1,0.9658,Rejected
9837,0.074,1,0.0762,Rejected
9838,0.2099,1,0.2185,Review
9839,0.3857,1,0.3647,Verified
9840,0.7551,1,0.7831,Verified
9841,0.9284,1,0.921,Review
9842,0.4384,0,0.4371,Verified
9843,0.8736,0,0.8723,Verified
9844,0.8005,1,0.7539,Review
9845,0.3405,1,0.352,Review
9846,0.4771,0,0.4689,Verified
9847,0.2188,1,0.2091,Review
9848,0.2627,0,0.2372,Review
9849,0.0767,0,0.0768,Verified
9850,0.4624,0,0.4831,Rejected
9851,0.2709,1,0.2586,Review
9852,0.8717,0,0.8772,Rejected
9853,0.176,0,0.1674,Rejected
9854,0.7357,1,0.7252,Review
9855,0.9381,0,0.8574,Verified
9856,0.974,1,0.9073,Rejected
9857,0.8281,0,0.7879,Rejected
9858,0.8577,0,0.8953,Review
9859,0.1081,1,0.0995,Verified
9860,0.914,0,0.8892,Rejected
9861,0.9779,1,0.8883,Rejected
9862,0.8133,1,0.7974,Rejected
9863,0.7875,0,0.8173,Verified
9864,0.528,0,0.491,Rejected
9865,0.9421,0,0.9254,Verified
9866,0.2566,1,0.24,Rejected
9867,0.5351,0,0.5272,Verified
9868,0.9264,0,0.8854,Verified
9869,0.7073,1,0.701,Rejected
9870,0.3553,1,0.354,Verified
9871,0.3352,1,0.3299,Rejected
9872,0.5975,1,0.567,Review
9873,0.5544,0,0.5322,Verified
9874,0.4576,0,0.4548,Review
9875,0.2668,1,0.2435,Rejected
9876,0.7657,1,0.7718,Review
9877,0.989,0,0.9548,Rejected
9878,0.8853,0,0.8854,Review
9879,0.52,0,0.5116,Verified
9880,0.1575,1,0.163,Review
9881,0.7876,0,0.7759,Rejected
9882,0.6727,1,0.6376,Review
9883,0.935,0,0.9294,Review
9884,0.8385,1,0.8544,Rejected
9885,0.7498,1,0.7471,Rejected
9886,0.7762,0,0.7136,Rejected
9887,0.0546,1,0.051,Review
9888,0.8854,1,0.8854,Rejected
9889,0.8377,1,0.8376,Rejected
9890,0.8255,1,0.8074,Review
9891,0.4548,1,0.4112,Rejected
9892,0.4979,1,0.4493,Verified
9893,0.6872,1,0.7019,Rejected
9894,0.1296,1,0.1188,Review
9895,0.8222,1,0.7862,Rejected
9896,0.9153,0,0.9529,Verified
9897,0.8548,0,0.8907,Rejected
9898,0.1429,0,0.1436,Review
9899,0.53,0,0.5307,Rejected
9900,0.6012,1,0.5484,Verified
9901,0.1859,1,0.1925,Rejected
9902,0.5451,0,0.508,Review
9903,0.2055,0,0.2001,Verified
9904,0.917,1,0.945,Rejected
9905,0.9557,0,0.876,Verified
9906,0.9023,1,0.9025,Review
9907,0.4601,1,0.4492,Verified
9908,0.4261,0,0.3843,Review
9909,0.3452,0,0.3325,Rejected
9910,0.4301,1,0.4171,Review
9911,0.7795,1,0.7238,Verified
9912,0.6097,1,0.559,Review
9913,0.1387,1,0.1397,Verified
9914,0.9726,1,0.9758,Rejected
9915,0.1229,1,0.1111,Rejected
9916,0.9878,1,1.0,Rejected
9917,0.0119,0,0.0119,Verified
9918,0.6674,0,0.6489,Rejected
9919,0.6992,1,0.7315,Rejected
9920,0.6732,1,0.6911,Review
9921,0.8785,1,0.85,Rejected
9922,0.6739,0,0.6974,Verified
9923,0.8827,1,0.8594,Review
9924,0.1705,1,0.1763,Verified
9925,0.5138,1,0.5371,Verified
9926,0.7772,0,0.7895,Rejected
9927,0.1739,0,0.1791,Review
9928,0.3306,0,0.3148,Review
9929,0.1401,0,0.1334,Verified
9930,0.8076,1,0.8195,Verified
9931,0.7895,1,0.8162,Review
9932,0.5069,0,0.5099,Verified
9933,0.0685,1,0.065,Verified
9934,0.4681,0,0.4336,Verified
9935,0.3931,1,0.4093,Review
9936,0.1109,0,0.1019,Rejected
9937,0.9977,0,0.9124,Review
9938,0.9811,0,0.9772,Review
9939,0.7047,1,0.6363,Rejected
9940,0.7482,1,0.7777,Verified
9941,0.4955,0,0.4563,Rejected
9942,0.9059,0,0.8682,Rejected
9943,0.446,0,0.4581,Rejected
9944,0.4139,0,0.4286,Rejected
9945,0.863,1,0.8204,Rejected
9946,0.0628,0,0.0616,Verified
9947,0.603,0,0.5976,Rejected
9948,0.6992,1,0.7117,Rejected
9949,0.7496,1,0.7412,Review
9950,0.018,0,0.0187,Review
9951,0.0928,0,0.0876,Verified
9952,0.4998,0,0.5181,Verified
9953,0.5854,1,0.575,Verified
9954,0.7333,0,0.7338,Rejected
9955,0.3615,1,0.361,Review
9956,0.2976,0,0.2724,Review
9957,0.2206,1,0.2264,Verified
9958,0.4165,1,0.4065,Verified
9959,0.3859,1,0.3962,Verified
9960,0.4709,0,0.4341,Verified
9961,0.1715,0,0.1682,Review
9962,0.7082,0,0.7408,Review
9963,0.3575,1,0.3639,Rejected
9964,0.3305,0,0.3394,Rejected
9965,0.4442,0,0.4163,Review
9966,0.0004,1,0.0003,Review
9967,0.2511,0,0.2364,Rejected
9968,0.5584,0,0.537,Rejected
9969,0.2916,0,0.2676,Verified
9970,0.9415,1,0.9701,Rejected
9971,0.7165,0,0.7183,Review
9972,0.3963,0,0.3898,Verified
9973,0.1898,0,0.1738,Rejected
9974,0.7115,0,0.6461,Verified
9975,0.7594,1,0.7324,Rejected
9976,0.4671,0,0.4721,Review
9977,0.1233,0,0.1277,Verified
9978,0.4445,1,0.4015,Review
9979,0.3469,0,0.3336,Verified
9980,0.626,0,0.6476,Rejected
9981,0.2695,0,0.2602,Verified
9982,0.659,1,0.6157,Verified
9983,0.6959,1,0.7135,Review
9984,0.6907,0,0.6469,Review
9985,0.6462,1,0.5898,Rejected
9986,0.8022,1,0.8289,Review
9987,0.8721,1,0.9139,Verified
9988,0.0186,0,0.0174,Rejected
9989,0.0165,0,0.0173,Rejected
9990,0.0814,0,0.0752,Rejected
9991,0.5703,0,0.5375,Review
9992,0.0794,1,0.0828,Review
9993,0.2794,1,0.2607,Verified
9994,0.5581,0,0.5613,Rejected
9995,0.0093,0,0.009,Verified
9996,0.0803,1,0.0768,Rejected
9997,0.9199,0,0.9494,Verified
9998,0.425,1,0.419,Verified
9999,0.4766,1,0.4624,Verified
10000,0.7712,0,0.8046,Verified
